OpportunityId,FromStage,ToStage,ChangeDate
OPP00001,,Prospecting,2024-01-01
OPP00001,Prospecting,Qualification,2024-04-08
OPP00001,Qualification,Solution Design,2024-04-12
OPP00001,Solution Design,Proposal,2024-05-09
OPP00001,Proposal,Closed Lost,2024-07-07
OPP00002,,Prospecting,2024-01-02
OPP00002,Prospecting,Qualification,2024-02-03
OPP00002,Qualification,Closed Lost,2024-03-20
OPP00003,,Prospecting,2024-01-02
OPP00003,Prospecting,Qualification,2024-02-08
OPP00003,Qualification,Solution Design,2024-02-15
OPP00003,Solution Design,Closed Lost,2024-04-01
OPP00004,,Prospecting,2024-01-02
OPP00004,Prospecting,Qualification,2024-01-03
OPP00004,Qualification,Solution Design,2024-01-17
OPP00004,Solution Design,Proposal,2024-02-08
OPP00004,Proposal,Closed Lost,2024-02-17
OPP00005,,Prospecting,2024-01-03
OPP00005,Prospecting,Qualification,2024-01-23
OPP00005,Qualification,Solution Design,2024-02-05
OPP00005,Solution Design,Proposal,2024-02-15
OPP00005,Proposal,Negotiation,2024-02-28
OPP00005,Negotiation,Closed Lost,2024-04-16
OPP00006,,Prospecting,2024-01-04
OPP00006,Prospecting,Qualification,2024-01-22
OPP00006,Qualification,Solution Design,2024-02-27
OPP00006,Solution Design,Proposal,2024-03-08
OPP00006,Proposal,Closed Lost,2024-04-11
OPP00007,,Prospecting,2024-01-04
OPP00007,Prospecting,Qualification,2024-01-12
OPP00007,Qualification,Solution Design,2024-01-29
OPP00007,Solution Design,Proposal,2024-04-14
OPP00007,Proposal,Negotiation,2024-04-19
OPP00007,Negotiation,Closed Won,2024-09-20
OPP00008,,Prospecting,2024-01-05
OPP00008,Prospecting,Qualification,2024-01-13
OPP00008,Qualification,Solution Design,2024-04-25
OPP00008,Solution Design,Proposal,2024-04-29
OPP00008,Proposal,Closed Lost,2024-06-11
OPP00009,,Prospecting,2024-01-06
OPP00009,Prospecting,Qualification,2024-02-03
OPP00009,Qualification,Solution Design,2024-02-04
OPP00009,Solution Design,Proposal,2024-02-17
OPP00009,Proposal,Negotiation,2024-02-19
OPP00009,Negotiation,Closed Won,2024-03-01
OPP00010,,Prospecting,2024-01-06
OPP00010,Prospecting,Qualification,2024-03-30
OPP00010,Qualification,Solution Design,2024-05-13
OPP00010,Solution Design,Closed Lost,2024-07-03
OPP00011,,Prospecting,2024-01-07
OPP00011,Prospecting,Qualification,2024-02-03
OPP00011,Qualification,Solution Design,2024-02-28
OPP00011,Solution Design,Closed Lost,2024-03-05
OPP00012,,Prospecting,2024-01-07
OPP00012,Prospecting,Qualification,2024-01-16
OPP00012,Qualification,Solution Design,2024-03-26
OPP00012,Solution Design,Closed Lost,2024-05-28
OPP00013,,Prospecting,2024-01-07
OPP00013,Prospecting,Qualification,2024-02-05
OPP00013,Qualification,Solution Design,2024-02-12
OPP00013,Solution Design,Proposal,2024-02-20
OPP00013,Proposal,Negotiation,2024-03-08
OPP00013,Negotiation,Closed Won,2024-03-24
OPP00014,,Prospecting,2024-01-10
OPP00014,Prospecting,Qualification,2024-01-13
OPP00014,Qualification,Solution Design,2024-03-08
OPP00014,Solution Design,Proposal,2024-03-13
OPP00014,Proposal,Negotiation,2024-03-19
OPP00014,Negotiation,Closed Won,2024-05-15
OPP00015,,Prospecting,2024-01-10
OPP00015,Prospecting,Qualification,2024-03-07
OPP00015,Qualification,Solution Design,2024-03-11
OPP00015,Solution Design,Proposal,2024-04-09
OPP00015,Proposal,Closed Lost,2024-04-20
OPP00016,,Prospecting,2024-01-11
OPP00016,Prospecting,Qualification,2024-03-13
OPP00016,Qualification,Solution Design,2024-04-13
OPP00016,Solution Design,Proposal,2024-05-08
OPP00016,Proposal,Negotiation,2024-05-21
OPP00016,Negotiation,Closed Lost,2024-06-19
OPP00017,,Prospecting,2024-01-12
OPP00017,Prospecting,Qualification,2024-01-14
OPP00017,Qualification,Solution Design,2024-02-01
OPP00017,Solution Design,Proposal,2024-02-02
OPP00017,Proposal,Closed Lost,2024-02-16
OPP00018,,Prospecting,2024-01-14
OPP00018,Prospecting,Qualification,2024-01-19
OPP00018,Qualification,Solution Design,2024-01-23
OPP00018,Solution Design,Proposal,2024-02-09
OPP00018,Proposal,Closed Lost,2024-02-21
OPP00019,,Prospecting,2024-01-16
OPP00019,Prospecting,Qualification,2024-01-25
OPP00019,Qualification,Solution Design,2024-02-01
OPP00019,Solution Design,Proposal,2024-02-03
OPP00019,Proposal,Closed Lost,2024-02-19
OPP00020,,Prospecting,2024-01-16
OPP00020,Prospecting,Qualification,2024-02-07
OPP00020,Qualification,Solution Design,2024-05-20
OPP00020,Solution Design,Proposal,2024-05-21
OPP00020,Proposal,Negotiation,2024-05-27
OPP00020,Negotiation,Closed Won,2024-06-23
OPP00021,,Prospecting,2024-01-17
OPP00021,Prospecting,Qualification,2024-01-18
OPP00021,Qualification,Solution Design,2024-01-24
OPP00021,Solution Design,Proposal,2024-01-29
OPP00021,Proposal,Negotiation,2024-01-30
OPP00021,Negotiation,Closed Won,2024-02-10
OPP00022,,Prospecting,2024-01-17
OPP00022,Prospecting,Qualification,2024-02-18
OPP00022,Qualification,Solution Design,2024-03-17
OPP00022,Solution Design,Closed Lost,2024-05-29
OPP00023,,Prospecting,2024-01-18
OPP00023,Prospecting,Qualification,2024-01-30
OPP00023,Qualification,Solution Design,2024-02-08
OPP00023,Solution Design,Proposal,2024-02-12
OPP00023,Proposal,Negotiation,2024-03-05
OPP00023,Negotiation,Closed Won,2024-03-21
OPP00024,,Prospecting,2024-01-18
OPP00024,Prospecting,Qualification,2024-04-27
OPP00024,Qualification,Solution Design,2024-05-12
OPP00024,Solution Design,Closed Lost,2024-06-16
OPP00025,,Prospecting,2024-01-18
OPP00025,Prospecting,Qualification,2024-02-24
OPP00025,Qualification,Closed Lost,2024-03-15
OPP00026,,Prospecting,2024-01-20
OPP00026,Prospecting,Qualification,2024-02-25
OPP00026,Qualification,Solution Design,2024-03-06
OPP00026,Solution Design,Proposal,2024-03-15
OPP00026,Proposal,Negotiation,2024-03-22
OPP00026,Negotiation,Closed Lost,2024-04-04
OPP00027,,Prospecting,2024-01-22
OPP00027,Prospecting,Qualification,2024-01-26
OPP00027,Qualification,Solution Design,2024-02-05
OPP00027,Solution Design,Proposal,2024-02-07
OPP00027,Proposal,Closed Lost,2024-02-22
OPP00028,,Prospecting,2024-01-22
OPP00028,Prospecting,Qualification,2024-03-24
OPP00028,Qualification,Solution Design,2024-04-01
OPP00028,Solution Design,Proposal,2024-08-29
OPP00028,Proposal,Closed Lost,2024-12-09
OPP00029,,Prospecting,2024-01-23
OPP00029,Prospecting,Qualification,2024-01-28
OPP00029,Qualification,Closed Lost,2024-02-24
OPP00030,,Prospecting,2024-01-23
OPP00030,Prospecting,Qualification,2024-02-21
OPP00030,Qualification,Solution Design,2024-02-29
OPP00030,Solution Design,Proposal,2024-03-04
OPP00030,Proposal,Negotiation,2024-04-13
OPP00030,Negotiation,Closed Lost,2024-05-12
OPP00031,,Prospecting,2024-01-23
OPP00031,Prospecting,Qualification,2024-01-30
OPP00031,Qualification,Solution Design,2024-02-17
OPP00031,Solution Design,Proposal,2024-02-18
OPP00031,Proposal,Negotiation,2024-04-01
OPP00031,Negotiation,Closed Won,2024-05-04
OPP00032,,Prospecting,2024-01-28
OPP00032,Prospecting,Qualification,2024-02-03
OPP00032,Qualification,Closed Lost,2024-07-25
OPP00033,,Prospecting,2024-01-28
OPP00033,Prospecting,Qualification,2024-01-29
OPP00033,Qualification,Solution Design,2024-02-09
OPP00033,Solution Design,Proposal,2024-03-07
OPP00033,Proposal,Negotiation,2024-04-02
OPP00033,Negotiation,Closed Won,2024-06-17
OPP00034,,Prospecting,2024-01-28
OPP00034,Prospecting,Qualification,2024-03-24
OPP00034,Qualification,Closed Lost,2024-07-21
OPP00035,,Prospecting,2024-01-28
OPP00035,Prospecting,Qualification,2024-04-06
OPP00035,Qualification,Solution Design,2024-04-08
OPP00035,Solution Design,Closed Lost,2024-05-25
OPP00036,,Prospecting,2024-02-01
OPP00036,Prospecting,Qualification,2024-03-10
OPP00036,Qualification,Solution Design,2024-06-15
OPP00036,Solution Design,Proposal,2024-07-01
OPP00036,Proposal,Negotiation,2024-08-20
OPP00036,Negotiation,Closed Won,2024-11-19
OPP00037,,Prospecting,2024-02-02
OPP00037,Prospecting,Qualification,2024-02-12
OPP00037,Qualification,Solution Design,2024-02-13
OPP00037,Solution Design,Proposal,2024-02-16
OPP00037,Proposal,Negotiation,2024-02-21
OPP00037,Negotiation,Closed Won,2024-03-09
OPP00038,,Prospecting,2024-02-03
OPP00038,Prospecting,Qualification,2024-02-14
OPP00038,Qualification,Solution Design,2024-03-24
OPP00038,Solution Design,Closed Lost,2024-04-02
OPP00039,,Prospecting,2024-02-03
OPP00039,Prospecting,Qualification,2024-03-01
OPP00039,Qualification,Solution Design,2024-04-10
OPP00039,Solution Design,Proposal,2024-04-22
OPP00039,Proposal,Negotiation,2024-05-06
OPP00039,Negotiation,Closed Won,2024-06-25
OPP00040,,Prospecting,2024-02-04
OPP00040,Prospecting,Qualification,2024-02-29
OPP00040,Qualification,Solution Design,2024-04-07
OPP00040,Solution Design,Proposal,2024-04-14
OPP00040,Proposal,Negotiation,2024-04-18
OPP00040,Negotiation,Closed Lost,2024-05-24
OPP00041,,Prospecting,2024-02-04
OPP00041,Prospecting,Qualification,2024-02-12
OPP00041,Qualification,Solution Design,2024-03-14
OPP00041,Solution Design,Proposal,2024-04-17
OPP00041,Proposal,Negotiation,2024-07-11
OPP00041,Negotiation,Closed Won,2024-09-22
OPP00042,,Prospecting,2024-02-04
OPP00042,Prospecting,Qualification,2024-02-23
OPP00042,Qualification,Solution Design,2024-03-11
OPP00042,Solution Design,Closed Lost,2024-04-15
OPP00043,,Prospecting,2024-02-05
OPP00043,Prospecting,Qualification,2024-03-11
OPP00043,Qualification,Solution Design,2024-03-22
OPP00043,Solution Design,Proposal,2024-04-09
OPP00043,Proposal,Negotiation,2024-04-18
OPP00043,Negotiation,Closed Lost,2024-05-24
OPP00044,,Prospecting,2024-02-05
OPP00044,Prospecting,Qualification,2024-04-01
OPP00044,Qualification,Closed Lost,2024-08-27
OPP00045,,Prospecting,2024-02-06
OPP00045,Prospecting,Qualification,2024-02-20
OPP00045,Qualification,Solution Design,2024-03-21
OPP00045,Solution Design,Closed Lost,2024-06-16
OPP00046,,Prospecting,2024-02-06
OPP00046,Prospecting,Qualification,2024-02-14
OPP00046,Qualification,Solution Design,2024-02-19
OPP00046,Solution Design,Proposal,2024-03-04
OPP00046,Proposal,Negotiation,2024-03-14
OPP00046,Negotiation,Closed Won,2024-03-24
OPP00047,,Prospecting,2024-02-08
OPP00047,Prospecting,Qualification,2024-02-22
OPP00047,Qualification,Solution Design,2024-03-04
OPP00047,Solution Design,Proposal,2024-05-04
OPP00047,Proposal,Negotiation,2024-05-08
OPP00047,Negotiation,Closed Won,2024-06-04
OPP00048,,Prospecting,2024-02-08
OPP00048,Prospecting,Qualification,2024-03-05
OPP00048,Qualification,Solution Design,2024-05-18
OPP00048,Solution Design,Proposal,2024-07-04
OPP00048,Proposal,Negotiation,2024-07-26
OPP00048,Negotiation,Closed Won,2024-12-28
OPP00049,,Prospecting,2024-02-08
OPP00049,Prospecting,Qualification,2024-02-23
OPP00049,Qualification,Solution Design,2024-03-04
OPP00049,Solution Design,Closed Lost,2024-04-29
OPP00050,,Prospecting,2024-02-11
OPP00050,Prospecting,Qualification,2024-02-18
OPP00050,Qualification,Solution Design,2024-03-13
OPP00050,Solution Design,Proposal,2024-04-07
OPP00050,Proposal,Negotiation,2024-05-30
OPP00050,Negotiation,Closed Won,2024-06-17
OPP00051,,Prospecting,2024-02-12
OPP00051,Prospecting,Qualification,2024-02-27
OPP00051,Qualification,Solution Design,2024-04-04
OPP00051,Solution Design,Proposal,2024-04-05
OPP00051,Proposal,Negotiation,2024-04-11
OPP00051,Negotiation,Closed Won,2024-06-26
OPP00052,,Prospecting,2024-02-12
OPP00052,Prospecting,Qualification,2024-03-11
OPP00052,Qualification,Solution Design,2024-04-23
OPP00052,Solution Design,Proposal,2024-07-18
OPP00052,Proposal,Negotiation,2024-08-19
OPP00052,Negotiation,Closed Won,2024-09-18
OPP00053,,Prospecting,2024-02-12
OPP00053,Prospecting,Qualification,2024-02-24
OPP00053,Qualification,Solution Design,2024-03-07
OPP00053,Solution Design,Proposal,2024-03-13
OPP00053,Proposal,Negotiation,2024-03-19
OPP00053,Negotiation,Closed Won,2024-03-26
OPP00054,,Prospecting,2024-02-13
OPP00054,Prospecting,Qualification,2024-04-21
OPP00054,Qualification,Closed Lost,2024-08-03
OPP00055,,Prospecting,2024-02-14
OPP00055,Prospecting,Qualification,2024-03-04
OPP00055,Qualification,Solution Design,2024-07-02
OPP00055,Solution Design,Proposal,2024-07-29
OPP00055,Proposal,Closed Lost,2024-11-05
OPP00056,,Prospecting,2024-02-14
OPP00056,Prospecting,Qualification,2024-03-17
OPP00056,Qualification,Solution Design,2024-03-20
OPP00056,Solution Design,Proposal,2024-05-15
OPP00056,Proposal,Negotiation,2024-06-21
OPP00056,Negotiation,Closed Won,2024-07-22
OPP00057,,Prospecting,2024-02-14
OPP00057,Prospecting,Qualification,2024-03-22
OPP00057,Qualification,Solution Design,2024-04-20
OPP00057,Solution Design,Closed Lost,2024-06-05
OPP00058,,Prospecting,2024-02-14
OPP00058,Prospecting,Qualification,2024-02-15
OPP00058,Qualification,Solution Design,2024-03-21
OPP00058,Solution Design,Proposal,2024-05-07
OPP00058,Proposal,Negotiation,2024-08-11
OPP00058,Negotiation,Closed Won,2024-09-25
OPP00059,,Prospecting,2024-02-15
OPP00059,Prospecting,Qualification,2024-02-23
OPP00059,Qualification,Solution Design,2024-02-24
OPP00059,Solution Design,Proposal,2024-03-26
OPP00059,Proposal,Negotiation,2024-05-23
OPP00059,Negotiation,Closed Won,2024-06-29
OPP00060,,Prospecting,2024-02-16
OPP00060,Prospecting,Qualification,2024-03-24
OPP00060,Qualification,Closed Lost,2024-05-27
OPP00061,,Prospecting,2024-02-16
OPP00061,Prospecting,Qualification,2024-03-02
OPP00061,Qualification,Closed Lost,2024-07-30
OPP00062,,Prospecting,2024-02-16
OPP00062,Prospecting,Qualification,2024-02-18
OPP00062,Qualification,Solution Design,2024-04-02
OPP00062,Solution Design,Closed Lost,2024-05-11
OPP00063,,Prospecting,2024-02-17
OPP00063,Prospecting,Qualification,2024-02-22
OPP00063,Qualification,Closed Lost,2024-04-28
OPP00064,,Prospecting,2024-02-19
OPP00064,Prospecting,Qualification,2024-03-29
OPP00064,Qualification,Solution Design,2024-04-16
OPP00064,Solution Design,Closed Lost,2024-05-23
OPP00065,,Prospecting,2024-02-19
OPP00065,Prospecting,Qualification,2024-03-03
OPP00065,Qualification,Solution Design,2024-03-20
OPP00065,Solution Design,Closed Lost,2024-04-16
OPP00066,,Prospecting,2024-02-19
OPP00066,Prospecting,Qualification,2024-02-25
OPP00066,Qualification,Solution Design,2024-04-01
OPP00066,Solution Design,Closed Lost,2024-06-09
OPP00067,,Prospecting,2024-02-20
OPP00067,Prospecting,Qualification,2024-04-05
OPP00067,Qualification,Solution Design,2024-04-07
OPP00067,Solution Design,Closed Lost,2024-05-07
OPP00068,,Prospecting,2024-02-22
OPP00068,Prospecting,Qualification,2024-02-23
OPP00068,Qualification,Solution Design,2024-03-02
OPP00068,Solution Design,Proposal,2024-03-05
OPP00068,Proposal,Negotiation,2024-04-02
OPP00068,Negotiation,Closed Won,2024-05-01
OPP00069,,Prospecting,2024-02-22
OPP00069,Prospecting,Qualification,2024-02-29
OPP00069,Qualification,Solution Design,2024-03-26
OPP00069,Solution Design,Proposal,2024-04-20
OPP00069,Proposal,Negotiation,2024-05-02
OPP00069,Negotiation,Closed Won,2024-05-31
OPP00070,,Prospecting,2024-02-22
OPP00070,Prospecting,Qualification,2024-03-06
OPP00070,Qualification,Solution Design,2024-04-29
OPP00070,Solution Design,Proposal,2024-05-26
OPP00070,Proposal,Closed Lost,2024-08-27
OPP00071,,Prospecting,2024-02-22
OPP00071,Prospecting,Qualification,2024-04-09
OPP00071,Qualification,Solution Design,2024-04-29
OPP00071,Solution Design,Proposal,2024-06-11
OPP00071,Proposal,Negotiation,2024-07-24
OPP00071,Negotiation,Closed Won,2024-09-19
OPP00072,,Prospecting,2024-02-23
OPP00072,Prospecting,Qualification,2024-03-03
OPP00072,Qualification,Solution Design,2024-04-18
OPP00072,Solution Design,Proposal,2024-04-22
OPP00072,Proposal,Negotiation,2024-04-29
OPP00072,Negotiation,Closed Won,2024-05-22
OPP00073,,Prospecting,2024-02-23
OPP00073,Prospecting,Qualification,2024-03-12
OPP00073,Qualification,Solution Design,2024-03-18
OPP00073,Solution Design,Proposal,2024-03-24
OPP00073,Proposal,Closed Lost,2024-04-23
OPP00074,,Prospecting,2024-02-23
OPP00074,Prospecting,Qualification,2024-03-06
OPP00074,Qualification,Solution Design,2024-03-19
OPP00074,Solution Design,Proposal,2024-04-05
OPP00074,Proposal,Negotiation,2024-05-13
OPP00074,Negotiation,Closed Lost,2024-06-17
OPP00075,,Prospecting,2024-02-24
OPP00075,Prospecting,Qualification,2024-03-05
OPP00075,Qualification,Solution Design,2024-03-14
OPP00075,Solution Design,Proposal,2024-03-16
OPP00075,Proposal,Negotiation,2024-03-19
OPP00075,Negotiation,Closed Won,2024-06-27
OPP00076,,Prospecting,2024-02-24
OPP00076,Prospecting,Qualification,2024-04-03
OPP00076,Qualification,Solution Design,2024-05-01
OPP00076,Solution Design,Proposal,2024-06-12
OPP00076,Proposal,Negotiation,2024-06-15
OPP00076,Negotiation,Closed Won,2024-07-17
OPP00077,,Prospecting,2024-02-24
OPP00077,Prospecting,Qualification,2024-05-06
OPP00077,Qualification,Closed Lost,2024-12-10
OPP00078,,Prospecting,2024-02-24
OPP00078,Prospecting,Qualification,2024-03-20
OPP00078,Qualification,Closed Lost,2024-04-03
OPP00079,,Prospecting,2024-02-25
OPP00079,Prospecting,Qualification,2024-02-29
OPP00079,Qualification,Solution Design,2024-03-30
OPP00079,Solution Design,Proposal,2024-04-11
OPP00079,Proposal,Closed Lost,2024-05-18
OPP00080,,Prospecting,2024-02-27
OPP00080,Prospecting,Qualification,2024-03-08
OPP00080,Qualification,Closed Lost,2024-04-29
OPP00081,,Prospecting,2024-02-28
OPP00081,Prospecting,Qualification,2024-03-02
OPP00081,Qualification,Closed Lost,2024-07-23
OPP00082,,Prospecting,2024-02-28
OPP00082,Prospecting,Qualification,2024-03-22
OPP00082,Qualification,Closed Lost,2024-05-06
OPP00083,,Prospecting,2024-02-28
OPP00083,Prospecting,Qualification,2024-02-29
OPP00083,Qualification,Solution Design,2024-03-02
OPP00083,Solution Design,Proposal,2024-03-04
OPP00083,Proposal,Negotiation,2024-03-12
OPP00083,Negotiation,Closed Won,2024-03-23
OPP00084,,Prospecting,2024-02-29
OPP00084,Prospecting,Qualification,2024-06-08
OPP00084,Qualification,Closed Lost,2024-11-15
OPP00085,,Prospecting,2024-03-01
OPP00085,Prospecting,Qualification,2024-03-18
OPP00085,Qualification,Solution Design,2024-03-30
OPP00085,Solution Design,Proposal,2024-05-07
OPP00085,Proposal,Negotiation,2024-05-12
OPP00085,Negotiation,Closed Won,2024-06-20
OPP00086,,Prospecting,2024-03-01
OPP00086,Prospecting,Qualification,2024-03-28
OPP00086,Qualification,Solution Design,2024-03-29
OPP00086,Solution Design,Proposal,2024-04-19
OPP00086,Proposal,Closed Lost,2024-05-06
OPP00087,,Prospecting,2024-03-02
OPP00087,Prospecting,Qualification,2024-03-15
OPP00087,Qualification,Solution Design,2024-04-19
OPP00087,Solution Design,Proposal,2024-04-26
OPP00087,Proposal,Negotiation,2024-05-12
OPP00087,Negotiation,Closed Won,2024-06-28
OPP00088,,Prospecting,2024-03-04
OPP00088,Prospecting,Qualification,2024-05-25
OPP00088,Qualification,Solution Design,2024-05-31
OPP00088,Solution Design,Proposal,2024-06-03
OPP00088,Proposal,Negotiation,2024-06-20
OPP00088,Negotiation,Closed Won,2024-09-25
OPP00089,,Prospecting,2024-03-04
OPP00089,Prospecting,Qualification,2024-03-09
OPP00089,Qualification,Solution Design,2024-03-24
OPP00089,Solution Design,Closed Lost,2024-03-30
OPP00090,,Prospecting,2024-03-04
OPP00090,Prospecting,Qualification,2024-03-12
OPP00090,Qualification,Solution Design,2024-03-30
OPP00090,Solution Design,Proposal,2024-04-27
OPP00090,Proposal,Negotiation,2024-05-16
OPP00090,Negotiation,Closed Won,2024-07-01
OPP00091,,Prospecting,2024-03-05
OPP00091,Prospecting,Qualification,2024-04-04
OPP00091,Qualification,Solution Design,2024-05-06
OPP00091,Solution Design,Proposal,2024-05-19
OPP00091,Proposal,Closed Lost,2024-06-09
OPP00092,,Prospecting,2024-03-06
OPP00092,Prospecting,Qualification,2024-03-13
OPP00092,Qualification,Solution Design,2024-03-22
OPP00092,Solution Design,Closed Lost,2024-05-04
OPP00093,,Prospecting,2024-03-06
OPP00093,Prospecting,Qualification,2024-03-25
OPP00093,Qualification,Solution Design,2024-04-01
OPP00093,Solution Design,Proposal,2024-04-05
OPP00093,Proposal,Negotiation,2024-04-29
OPP00093,Negotiation,Closed Lost,2024-05-16
OPP00094,,Prospecting,2024-03-07
OPP00094,Prospecting,Qualification,2024-03-24
OPP00094,Qualification,Solution Design,2024-03-28
OPP00094,Solution Design,Proposal,2024-04-07
OPP00094,Proposal,Negotiation,2024-05-04
OPP00094,Negotiation,Closed Lost,2024-06-29
OPP00095,,Prospecting,2024-03-08
OPP00095,Prospecting,Qualification,2024-03-27
OPP00095,Qualification,Solution Design,2024-04-01
OPP00095,Solution Design,Proposal,2024-04-17
OPP00095,Proposal,Negotiation,2024-05-09
OPP00095,Negotiation,Closed Won,2024-09-20
OPP00096,,Prospecting,2024-03-09
OPP00096,Prospecting,Qualification,2024-03-11
OPP00096,Qualification,Solution Design,2024-03-18
OPP00096,Solution Design,Proposal,2024-03-24
OPP00096,Proposal,Negotiation,2024-04-09
OPP00096,Negotiation,Closed Lost,2024-05-08
OPP00097,,Prospecting,2024-03-10
OPP00097,Prospecting,Qualification,2024-05-04
OPP00097,Qualification,Solution Design,2024-05-05
OPP00097,Solution Design,Closed Lost,2024-06-15
OPP00098,,Prospecting,2024-03-10
OPP00098,Prospecting,Qualification,2024-06-02
OPP00098,Qualification,Solution Design,2024-07-26
OPP00098,Solution Design,Closed Lost,2024-09-05
OPP00099,,Prospecting,2024-03-12
OPP00099,Prospecting,Qualification,2024-04-20
OPP00099,Qualification,Solution Design,2024-05-05
OPP00099,Solution Design,Proposal,2024-05-07
OPP00099,Proposal,Negotiation,2024-06-11
OPP00099,Negotiation,Closed Won,2024-07-19
OPP00100,,Prospecting,2024-03-12
OPP00100,Prospecting,Qualification,2024-03-20
OPP00100,Qualification,Solution Design,2024-04-01
OPP00100,Solution Design,Proposal,2024-04-05
OPP00100,Proposal,Negotiation,2024-04-21
OPP00100,Negotiation,Closed Won,2024-05-05
OPP00101,,Prospecting,2024-03-13
OPP00101,Prospecting,Qualification,2024-03-19
OPP00101,Qualification,Solution Design,2024-03-21
OPP00101,Solution Design,Proposal,2024-03-25
OPP00101,Proposal,Negotiation,2024-03-31
OPP00101,Negotiation,Closed Lost,2024-04-16
OPP00102,,Prospecting,2024-03-14
OPP00102,Prospecting,Qualification,2024-03-21
OPP00102,Qualification,Solution Design,2024-04-01
OPP00102,Solution Design,Proposal,2024-04-13
OPP00102,Proposal,Closed Lost,2024-05-11
OPP00103,,Prospecting,2024-03-16
OPP00103,Prospecting,Qualification,2024-03-27
OPP00103,Qualification,Solution Design,2024-04-29
OPP00103,Solution Design,Proposal,2024-05-20
OPP00103,Proposal,Negotiation,2024-06-05
OPP00103,Negotiation,Closed Won,2024-06-17
OPP00104,,Prospecting,2024-03-17
OPP00104,Prospecting,Qualification,2024-04-13
OPP00104,Qualification,Solution Design,2024-04-14
OPP00104,Solution Design,Proposal,2024-04-20
OPP00104,Proposal,Negotiation,2024-05-15
OPP00104,Negotiation,Closed Won,2024-06-09
OPP00105,,Prospecting,2024-03-17
OPP00105,Prospecting,Qualification,2024-03-21
OPP00105,Qualification,Solution Design,2024-04-06
OPP00105,Solution Design,Proposal,2024-04-14
OPP00105,Proposal,Negotiation,2024-05-03
OPP00105,Negotiation,Closed Lost,2024-06-13
OPP00106,,Prospecting,2024-03-17
OPP00106,Prospecting,Qualification,2024-04-04
OPP00106,Qualification,Solution Design,2024-04-14
OPP00106,Solution Design,Proposal,2024-05-02
OPP00106,Proposal,Negotiation,2024-05-07
OPP00106,Negotiation,Closed Won,2024-06-30
OPP00107,,Prospecting,2024-03-17
OPP00107,Prospecting,Qualification,2024-04-03
OPP00107,Qualification,Solution Design,2024-04-22
OPP00107,Solution Design,Proposal,2024-06-03
OPP00107,Proposal,Closed Lost,2024-09-03
OPP00108,,Prospecting,2024-03-18
OPP00108,Prospecting,Qualification,2024-03-26
OPP00108,Qualification,Solution Design,2024-04-13
OPP00108,Solution Design,Proposal,2024-04-22
OPP00108,Proposal,Negotiation,2024-06-04
OPP00108,Negotiation,Closed Won,2024-06-24
OPP00109,,Prospecting,2024-03-18
OPP00109,Prospecting,Qualification,2024-03-24
OPP00109,Qualification,Solution Design,2024-04-14
OPP00109,Solution Design,Proposal,2024-04-22
OPP00109,Proposal,Negotiation,2024-05-10
OPP00109,Negotiation,Closed Won,2024-06-19
OPP00110,,Prospecting,2024-03-19
OPP00110,Prospecting,Qualification,2024-03-22
OPP00110,Qualification,Solution Design,2024-03-27
OPP00110,Solution Design,Proposal,2024-03-29
OPP00110,Proposal,Negotiation,2024-04-04
OPP00110,Negotiation,Closed Lost,2024-04-16
OPP00111,,Prospecting,2024-03-19
OPP00111,Prospecting,Qualification,2024-05-22
OPP00111,Qualification,Solution Design,2024-06-23
OPP00111,Solution Design,Proposal,2024-09-09
OPP00111,Proposal,Negotiation,2024-12-08
OPP00111,Negotiation,Closed Won,2024-12-20
OPP00112,,Prospecting,2024-03-19
OPP00112,Prospecting,Qualification,2024-03-31
OPP00112,Qualification,Solution Design,2024-04-10
OPP00112,Solution Design,Proposal,2024-04-11
OPP00112,Proposal,Negotiation,2024-04-22
OPP00112,Negotiation,Closed Won,2024-06-30
OPP00113,,Prospecting,2024-03-21
OPP00113,Prospecting,Qualification,2024-06-10
OPP00113,Qualification,Closed Lost,2024-08-02
OPP00114,,Prospecting,2024-03-22
OPP00114,Prospecting,Qualification,2024-05-01
OPP00114,Qualification,Solution Design,2024-05-07
OPP00114,Solution Design,Proposal,2024-05-23
OPP00114,Proposal,Closed Lost,2024-07-10
OPP00115,,Prospecting,2024-03-22
OPP00115,Prospecting,Qualification,2024-04-04
OPP00115,Qualification,Solution Design,2024-04-25
OPP00115,Solution Design,Proposal,2024-05-01
OPP00115,Proposal,Negotiation,2024-05-02
OPP00115,Negotiation,Closed Won,2024-05-10
OPP00116,,Prospecting,2024-03-22
OPP00116,Prospecting,Qualification,2024-04-03
OPP00116,Qualification,Solution Design,2024-05-31
OPP00116,Solution Design,Closed Lost,2024-07-20
OPP00117,,Prospecting,2024-03-23
OPP00117,Prospecting,Qualification,2024-03-24
OPP00117,Qualification,Solution Design,2024-03-26
OPP00117,Solution Design,Proposal,2024-03-28
OPP00117,Proposal,Negotiation,2024-04-24
OPP00117,Negotiation,Closed Lost,2024-05-19
OPP00118,,Prospecting,2024-03-23
OPP00118,Prospecting,Qualification,2024-04-28
OPP00118,Qualification,Closed Lost,2024-06-01
OPP00119,,Prospecting,2024-03-23
OPP00119,Prospecting,Qualification,2024-04-02
OPP00119,Qualification,Closed Lost,2024-07-03
OPP00120,,Prospecting,2024-03-23
OPP00120,Prospecting,Qualification,2024-05-04
OPP00120,Qualification,Closed Lost,2024-07-07
OPP00121,,Prospecting,2024-03-24
OPP00121,Prospecting,Qualification,2024-03-25
OPP00121,Qualification,Solution Design,2024-03-28
OPP00121,Solution Design,Proposal,2024-04-05
OPP00121,Proposal,Negotiation,2024-04-07
OPP00121,Negotiation,Closed Won,2024-05-17
OPP00122,,Prospecting,2024-03-26
OPP00122,Prospecting,Qualification,2024-04-23
OPP00122,Qualification,Closed Lost,2024-06-21
OPP00123,,Prospecting,2024-03-26
OPP00123,Prospecting,Qualification,2024-04-26
OPP00123,Qualification,Solution Design,2024-04-30
OPP00123,Solution Design,Closed Lost,2024-07-06
OPP00124,,Prospecting,2024-03-26
OPP00124,Prospecting,Qualification,2024-06-14
OPP00124,Qualification,Closed Lost,2024-06-21
OPP00125,,Prospecting,2024-03-27
OPP00125,Prospecting,Qualification,2024-03-28
OPP00125,Qualification,Solution Design,2024-04-17
OPP00125,Solution Design,Proposal,2024-05-20
OPP00125,Proposal,Closed Lost,2024-05-29
OPP00126,,Prospecting,2024-03-29
OPP00126,Prospecting,Qualification,2024-05-03
OPP00126,Qualification,Solution Design,2024-08-17
OPP00126,Solution Design,Proposal,2024-08-27
OPP00126,Proposal,Negotiation,2024-09-19
OPP00126,Negotiation,Closed Won,2024-09-27
OPP00127,,Prospecting,2024-03-29
OPP00127,Prospecting,Qualification,2024-04-27
OPP00127,Qualification,Solution Design,2024-05-13
OPP00127,Solution Design,Proposal,2024-05-17
OPP00127,Proposal,Closed Lost,2024-06-20
OPP00128,,Prospecting,2024-03-30
OPP00128,Prospecting,Qualification,2024-04-02
OPP00128,Qualification,Solution Design,2024-04-06
OPP00128,Solution Design,Proposal,2024-04-18
OPP00128,Proposal,Negotiation,2024-04-21
OPP00128,Negotiation,Closed Won,2024-04-29
OPP00129,,Prospecting,2024-03-30
OPP00129,Prospecting,Qualification,2024-05-20
OPP00129,Qualification,Solution Design,2024-06-15
OPP00129,Solution Design,Proposal,2024-06-20
OPP00129,Proposal,Negotiation,2024-07-21
OPP00129,Negotiation,Closed Lost,2024-08-05
OPP00130,,Prospecting,2024-03-30
OPP00130,Prospecting,Qualification,2024-04-13
OPP00130,Qualification,Solution Design,2024-05-01
OPP00130,Solution Design,Proposal,2024-05-02
OPP00130,Proposal,Negotiation,2024-05-06
OPP00130,Negotiation,Closed Won,2024-06-24
OPP00131,,Prospecting,2024-03-31
OPP00131,Prospecting,Qualification,2024-04-07
OPP00131,Qualification,Solution Design,2024-04-14
OPP00131,Solution Design,Proposal,2024-04-27
OPP00131,Proposal,Negotiation,2024-07-07
OPP00131,Negotiation,Closed Won,2024-09-18
OPP00132,,Prospecting,2024-04-01
OPP00132,Prospecting,Qualification,2024-05-01
OPP00132,Qualification,Solution Design,2024-05-02
OPP00132,Solution Design,Proposal,2024-06-06
OPP00132,Proposal,Negotiation,2024-06-07
OPP00132,Negotiation,Closed Won,2024-06-13
OPP00133,,Prospecting,2024-04-01
OPP00133,Prospecting,Qualification,2024-04-15
OPP00133,Qualification,Solution Design,2024-04-22
OPP00133,Solution Design,Proposal,2024-04-28
OPP00133,Proposal,Negotiation,2024-04-29
OPP00133,Negotiation,Closed Won,2024-06-23
OPP00134,,Prospecting,2024-04-02
OPP00134,Prospecting,Qualification,2024-04-25
OPP00134,Qualification,Solution Design,2024-04-30
OPP00134,Solution Design,Proposal,2024-05-22
OPP00134,Proposal,Negotiation,2024-06-30
OPP00134,Negotiation,Closed Won,2024-09-29
OPP00135,,Prospecting,2024-04-02
OPP00135,Prospecting,Qualification,2024-06-11
OPP00135,Qualification,Solution Design,2024-07-26
OPP00135,Solution Design,Closed Lost,2024-12-04
OPP00136,,Prospecting,2024-04-03
OPP00136,Prospecting,Qualification,2024-04-09
OPP00136,Qualification,Solution Design,2024-05-01
OPP00136,Solution Design,Proposal,2024-05-15
OPP00136,Proposal,Closed Lost,2024-07-18
OPP00137,,Prospecting,2024-04-03
OPP00137,Prospecting,Qualification,2024-04-09
OPP00137,Qualification,Solution Design,2024-05-20
OPP00137,Solution Design,Proposal,2024-05-31
OPP00137,Proposal,Closed Lost,2024-06-29
OPP00138,,Prospecting,2024-04-05
OPP00138,Prospecting,Qualification,2024-04-09
OPP00138,Qualification,Solution Design,2024-04-21
OPP00138,Solution Design,Closed Lost,2024-06-03
OPP00139,,Prospecting,2024-04-05
OPP00139,Prospecting,Qualification,2024-04-06
OPP00139,Qualification,Solution Design,2024-04-07
OPP00139,Solution Design,Proposal,2024-04-24
OPP00139,Proposal,Closed Lost,2024-07-02
OPP00140,,Prospecting,2024-04-05
OPP00140,Prospecting,Qualification,2024-05-05
OPP00140,Qualification,Solution Design,2024-05-12
OPP00140,Solution Design,Proposal,2024-05-16
OPP00140,Proposal,Negotiation,2024-06-17
OPP00140,Negotiation,Closed Won,2024-07-10
OPP00141,,Prospecting,2024-04-06
OPP00141,Prospecting,Qualification,2024-04-18
OPP00141,Qualification,Solution Design,2024-05-12
OPP00141,Solution Design,Proposal,2024-06-02
OPP00141,Proposal,Negotiation,2024-06-06
OPP00141,Negotiation,Closed Lost,2024-07-16
OPP00142,,Prospecting,2024-04-08
OPP00142,Prospecting,Qualification,2024-06-25
OPP00142,Qualification,Solution Design,2024-07-29
OPP00142,Solution Design,Proposal,2024-07-30
OPP00142,Proposal,Closed Lost,2024-09-19
OPP00143,,Prospecting,2024-04-09
OPP00143,Prospecting,Qualification,2024-04-12
OPP00143,Qualification,Solution Design,2024-04-14
OPP00143,Solution Design,Proposal,2024-04-17
OPP00143,Proposal,Negotiation,2024-05-20
OPP00143,Negotiation,Closed Won,2024-07-15
OPP00144,,Prospecting,2024-04-09
OPP00144,Prospecting,Qualification,2024-04-11
OPP00144,Qualification,Solution Design,2024-04-13
OPP00144,Solution Design,Proposal,2024-04-24
OPP00144,Proposal,Negotiation,2024-04-29
OPP00144,Negotiation,Closed Won,2024-06-22
OPP00145,,Prospecting,2024-04-10
OPP00145,Prospecting,Qualification,2024-05-12
OPP00145,Qualification,Solution Design,2024-07-10
OPP00145,Solution Design,Proposal,2024-07-30
OPP00145,Proposal,Closed Lost,2024-08-30
OPP00146,,Prospecting,2024-04-11
OPP00146,Prospecting,Qualification,2024-05-22
OPP00146,Qualification,Solution Design,2024-07-29
OPP00146,Solution Design,Proposal,2024-09-05
OPP00146,Proposal,Closed Lost,2024-09-16
OPP00147,,Prospecting,2024-04-11
OPP00147,Prospecting,Qualification,2024-06-08
OPP00147,Qualification,Solution Design,2024-06-10
OPP00147,Solution Design,Closed Lost,2024-07-14
OPP00148,,Prospecting,2024-04-13
OPP00148,Prospecting,Qualification,2024-04-18
OPP00148,Qualification,Solution Design,2024-04-24
OPP00148,Solution Design,Proposal,2024-04-26
OPP00148,Proposal,Closed Lost,2024-05-06
OPP00149,,Prospecting,2024-04-14
OPP00149,Prospecting,Qualification,2024-05-03
OPP00149,Qualification,Solution Design,2024-05-31
OPP00149,Solution Design,Proposal,2024-07-05
OPP00149,Proposal,Negotiation,2024-07-18
OPP00149,Negotiation,Closed Won,2024-09-24
OPP00150,,Prospecting,2024-04-15
OPP00150,Prospecting,Qualification,2024-04-23
OPP00150,Qualification,Solution Design,2024-05-10
OPP00150,Solution Design,Proposal,2024-05-30
OPP00150,Proposal,Negotiation,2024-07-04
OPP00150,Negotiation,Closed Won,2024-07-21
OPP00151,,Prospecting,2024-04-15
OPP00151,Prospecting,Qualification,2024-08-03
OPP00151,Qualification,Closed Lost,2024-09-02
OPP00152,,Prospecting,2024-04-16
OPP00152,Prospecting,Qualification,2024-04-20
OPP00152,Qualification,Solution Design,2024-05-13
OPP00152,Solution Design,Closed Lost,2024-06-05
OPP00153,,Prospecting,2024-04-16
OPP00153,Prospecting,Qualification,2024-04-23
OPP00153,Qualification,Solution Design,2024-05-07
OPP00153,Solution Design,Proposal,2024-05-13
OPP00153,Proposal,Negotiation,2024-06-07
OPP00153,Negotiation,Closed Won,2024-06-22
OPP00154,,Prospecting,2024-04-17
OPP00154,Prospecting,Qualification,2024-05-26
OPP00154,Qualification,Closed Lost,2024-07-14
OPP00155,,Prospecting,2024-04-17
OPP00155,Prospecting,Qualification,2024-04-21
OPP00155,Qualification,Solution Design,2024-05-12
OPP00155,Solution Design,Closed Lost,2024-06-17
OPP00156,,Prospecting,2024-04-19
OPP00156,Prospecting,Qualification,2024-05-05
OPP00156,Qualification,Solution Design,2024-06-01
OPP00156,Solution Design,Closed Lost,2024-06-20
OPP00157,,Prospecting,2024-04-19
OPP00157,Prospecting,Qualification,2024-05-01
OPP00157,Qualification,Solution Design,2024-05-08
OPP00157,Solution Design,Proposal,2024-05-18
OPP00157,Proposal,Closed Lost,2024-08-20
OPP00158,,Prospecting,2024-04-20
OPP00158,Prospecting,Qualification,2024-04-24
OPP00158,Qualification,Solution Design,2024-04-29
OPP00158,Solution Design,Closed Lost,2024-05-23
OPP00159,,Prospecting,2024-04-21
OPP00159,Prospecting,Qualification,2024-05-05
OPP00159,Qualification,Solution Design,2024-05-26
OPP00159,Solution Design,Proposal,2024-06-02
OPP00159,Proposal,Negotiation,2024-06-08
OPP00159,Negotiation,Closed Won,2024-06-21
OPP00160,,Prospecting,2024-04-22
OPP00160,Prospecting,Qualification,2024-04-25
OPP00160,Qualification,Solution Design,2024-04-28
OPP00160,Solution Design,Proposal,2024-05-10
OPP00160,Proposal,Negotiation,2024-05-20
OPP00160,Negotiation,Closed Won,2024-06-25
OPP00161,,Prospecting,2024-04-22
OPP00161,Prospecting,Qualification,2024-06-16
OPP00161,Qualification,Solution Design,2024-07-07
OPP00161,Solution Design,Proposal,2024-07-16
OPP00161,Proposal,Negotiation,2024-07-26
OPP00161,Negotiation,Closed Won,2024-12-28
OPP00162,,Prospecting,2024-04-23
OPP00162,Prospecting,Qualification,2024-06-04
OPP00162,Qualification,Solution Design,2024-06-11
OPP00162,Solution Design,Proposal,2024-06-24
OPP00162,Proposal,Closed Lost,2024-08-02
OPP00163,,Prospecting,2024-04-23
OPP00163,Prospecting,Qualification,2024-05-02
OPP00163,Qualification,Solution Design,2024-05-23
OPP00163,Solution Design,Proposal,2024-05-29
OPP00163,Proposal,Negotiation,2024-06-05
OPP00163,Negotiation,Closed Won,2024-06-15
OPP00164,,Prospecting,2024-04-24
OPP00164,Prospecting,Qualification,2024-04-28
OPP00164,Qualification,Solution Design,2024-05-01
OPP00164,Solution Design,Proposal,2024-06-30
OPP00164,Proposal,Closed Lost,2024-08-08
OPP00165,,Prospecting,2024-04-24
OPP00165,Prospecting,Qualification,2024-06-21
OPP00165,Qualification,Solution Design,2024-07-22
OPP00165,Solution Design,Closed Lost,2024-08-20
OPP00166,,Prospecting,2024-04-25
OPP00166,Prospecting,Qualification,2024-05-10
OPP00166,Qualification,Solution Design,2024-07-04
OPP00166,Solution Design,Closed Lost,2024-08-03
OPP00167,,Prospecting,2024-04-26
OPP00167,Prospecting,Qualification,2024-04-30
OPP00167,Qualification,Solution Design,2024-05-05
OPP00167,Solution Design,Proposal,2024-07-06
OPP00167,Proposal,Negotiation,2024-08-07
OPP00167,Negotiation,Closed Won,2024-09-06
OPP00168,,Prospecting,2024-04-26
OPP00168,Prospecting,Qualification,2024-04-28
OPP00168,Qualification,Solution Design,2024-04-30
OPP00168,Solution Design,Proposal,2024-05-03
OPP00168,Proposal,Negotiation,2024-05-21
OPP00168,Negotiation,Closed Won,2024-09-11
OPP00169,,Prospecting,2024-04-27
OPP00169,Prospecting,Qualification,2024-06-04
OPP00169,Qualification,Solution Design,2024-06-29
OPP00169,Solution Design,Proposal,2024-07-18
OPP00169,Proposal,Negotiation,2024-07-24
OPP00169,Negotiation,Closed Won,2024-09-26
OPP00170,,Prospecting,2024-04-27
OPP00170,Prospecting,Qualification,2024-05-25
OPP00170,Qualification,Solution Design,2024-08-01
OPP00170,Solution Design,Proposal,2024-08-03
OPP00170,Proposal,Negotiation,2024-08-11
OPP00170,Negotiation,Closed Won,2024-10-07
OPP00171,,Prospecting,2024-04-28
OPP00171,Prospecting,Qualification,2024-06-02
OPP00171,Qualification,Closed Lost,2024-07-14
OPP00172,,Prospecting,2024-04-28
OPP00172,Prospecting,Qualification,2024-05-15
OPP00172,Qualification,Solution Design,2024-05-31
OPP00172,Solution Design,Closed Lost,2024-07-03
OPP00173,,Prospecting,2024-04-29
OPP00173,Prospecting,Qualification,2024-05-06
OPP00173,Qualification,Solution Design,2024-05-29
OPP00173,Solution Design,Proposal,2024-07-20
OPP00173,Proposal,Closed Lost,2024-08-13
OPP00174,,Prospecting,2024-04-29
OPP00174,Prospecting,Qualification,2024-05-23
OPP00174,Qualification,Solution Design,2024-08-21
OPP00174,Solution Design,Proposal,2024-08-24
OPP00174,Proposal,Negotiation,2024-09-01
OPP00174,Negotiation,Closed Won,2024-09-26
OPP00175,,Prospecting,2024-04-30
OPP00175,Prospecting,Qualification,2024-05-16
OPP00175,Qualification,Solution Design,2024-06-11
OPP00175,Solution Design,Closed Lost,2024-07-18
OPP00176,,Prospecting,2024-05-01
OPP00176,Prospecting,Qualification,2024-05-17
OPP00176,Qualification,Solution Design,2024-05-31
OPP00176,Solution Design,Proposal,2024-06-10
OPP00176,Proposal,Closed Lost,2024-06-16
OPP00177,,Prospecting,2024-05-02
OPP00177,Prospecting,Qualification,2024-08-29
OPP00177,Qualification,Solution Design,2024-10-19
OPP00177,Solution Design,Proposal,2024-10-21
OPP00177,Proposal,Negotiation,2024-11-09
OPP00177,Negotiation,Closed Won,2025-03-26
OPP00178,,Prospecting,2024-05-02
OPP00178,Prospecting,Qualification,2024-06-16
OPP00178,Qualification,Solution Design,2024-10-05
OPP00178,Solution Design,Proposal,2024-10-19
OPP00178,Proposal,Negotiation,2024-10-25
OPP00178,Negotiation,Closed Won,2024-12-31
OPP00179,,Prospecting,2024-05-02
OPP00179,Prospecting,Qualification,2024-05-17
OPP00179,Qualification,Solution Design,2024-05-29
OPP00179,Solution Design,Proposal,2024-07-05
OPP00179,Proposal,Negotiation,2024-07-29
OPP00179,Negotiation,Closed Won,2024-09-19
OPP00180,,Prospecting,2024-05-03
OPP00180,Prospecting,Qualification,2024-06-02
OPP00180,Qualification,Solution Design,2024-11-08
OPP00180,Solution Design,Proposal,2025-01-11
OPP00180,Proposal,Closed Lost,2025-05-24
OPP00181,,Prospecting,2024-05-03
OPP00181,Prospecting,Qualification,2024-05-05
OPP00181,Qualification,Solution Design,2024-05-08
OPP00181,Solution Design,Proposal,2024-05-09
OPP00181,Proposal,Negotiation,2024-05-31
OPP00181,Negotiation,Closed Won,2024-09-28
OPP00182,,Prospecting,2024-05-03
OPP00182,Prospecting,Qualification,2024-06-25
OPP00182,Qualification,Solution Design,2024-07-02
OPP00182,Solution Design,Proposal,2024-07-22
OPP00182,Proposal,Negotiation,2024-08-17
OPP00182,Negotiation,Closed Lost,2024-09-02
OPP00183,,Prospecting,2024-05-03
OPP00183,Prospecting,Qualification,2024-05-30
OPP00183,Qualification,Solution Design,2024-06-15
OPP00183,Solution Design,Proposal,2024-08-12
OPP00183,Proposal,Negotiation,2024-08-14
OPP00183,Negotiation,Closed Won,2024-09-12
OPP00184,,Prospecting,2024-05-04
OPP00184,Prospecting,Qualification,2024-05-14
OPP00184,Qualification,Solution Design,2024-05-22
OPP00184,Solution Design,Proposal,2024-05-29
OPP00184,Proposal,Closed Lost,2024-07-05
OPP00185,,Prospecting,2024-05-04
OPP00185,Prospecting,Qualification,2024-06-25
OPP00185,Qualification,Solution Design,2024-06-29
OPP00185,Solution Design,Proposal,2024-07-31
OPP00185,Proposal,Closed Lost,2024-10-01
OPP00186,,Prospecting,2024-05-04
OPP00186,Prospecting,Qualification,2024-06-24
OPP00186,Qualification,Closed Lost,2024-07-23
OPP00187,,Prospecting,2024-05-05
OPP00187,Prospecting,Qualification,2024-07-06
OPP00187,Qualification,Closed Lost,2024-09-07
OPP00188,,Prospecting,2024-05-06
OPP00188,Prospecting,Qualification,2024-05-09
OPP00188,Qualification,Solution Design,2024-05-21
OPP00188,Solution Design,Proposal,2024-05-30
OPP00188,Proposal,Negotiation,2024-06-22
OPP00188,Negotiation,Closed Won,2024-09-04
OPP00189,,Prospecting,2024-05-07
OPP00189,Prospecting,Qualification,2024-05-25
OPP00189,Qualification,Closed Lost,2024-07-20
OPP00190,,Prospecting,2024-05-07
OPP00190,Prospecting,Qualification,2024-06-23
OPP00190,Qualification,Solution Design,2024-07-01
OPP00190,Solution Design,Proposal,2024-08-02
OPP00190,Proposal,Closed Lost,2024-09-07
OPP00191,,Prospecting,2024-05-08
OPP00191,Prospecting,Qualification,2024-08-07
OPP00191,Qualification,Closed Lost,2024-09-12
OPP00192,,Prospecting,2024-05-08
OPP00192,Prospecting,Qualification,2024-05-11
OPP00192,Qualification,Solution Design,2024-06-16
OPP00192,Solution Design,Proposal,2024-06-17
OPP00192,Proposal,Closed Lost,2024-07-28
OPP00193,,Prospecting,2024-05-08
OPP00193,Prospecting,Qualification,2024-05-15
OPP00193,Qualification,Solution Design,2024-06-04
OPP00193,Solution Design,Proposal,2024-06-05
OPP00193,Proposal,Negotiation,2024-06-25
OPP00193,Negotiation,Closed Won,2024-07-26
OPP00194,,Prospecting,2024-05-09
OPP00194,Prospecting,Qualification,2024-06-13
OPP00194,Qualification,Solution Design,2024-07-12
OPP00194,Solution Design,Closed Lost,2024-09-13
OPP00195,,Prospecting,2024-05-10
OPP00195,Prospecting,Qualification,2024-05-14
OPP00195,Qualification,Solution Design,2024-06-15
OPP00195,Solution Design,Proposal,2024-08-02
OPP00195,Proposal,Closed Lost,2024-09-02
OPP00196,,Prospecting,2024-05-11
OPP00196,Prospecting,Qualification,2024-05-25
OPP00196,Qualification,Solution Design,2024-05-28
OPP00196,Solution Design,Closed Lost,2024-07-04
OPP00197,,Prospecting,2024-05-11
OPP00197,Prospecting,Qualification,2024-05-15
OPP00197,Qualification,Solution Design,2024-05-17
OPP00197,Solution Design,Proposal,2024-07-08
OPP00197,Proposal,Negotiation,2024-08-01
OPP00197,Negotiation,Closed Won,2024-09-26
OPP00198,,Prospecting,2024-05-12
OPP00198,Prospecting,Qualification,2024-06-16
OPP00198,Qualification,Solution Design,2024-06-19
OPP00198,Solution Design,Proposal,2024-06-28
OPP00198,Proposal,Negotiation,2024-07-18
OPP00198,Negotiation,Closed Won,2024-10-24
OPP00199,,Prospecting,2024-05-12
OPP00199,Prospecting,Qualification,2024-06-19
OPP00199,Qualification,Solution Design,2024-06-29
OPP00199,Solution Design,Proposal,2024-07-13
OPP00199,Proposal,Negotiation,2024-07-17
OPP00199,Negotiation,Closed Lost,2024-08-22
OPP00200,,Prospecting,2024-05-12
OPP00200,Prospecting,Qualification,2024-06-06
OPP00200,Qualification,Solution Design,2024-07-11
OPP00200,Solution Design,Proposal,2024-07-19
OPP00200,Proposal,Negotiation,2024-10-17
OPP00200,Negotiation,Closed Won,2024-11-09
OPP00201,,Prospecting,2024-05-12
OPP00201,Prospecting,Qualification,2024-07-03
OPP00201,Qualification,Solution Design,2024-07-14
OPP00201,Solution Design,Closed Lost,2024-08-11
OPP00202,,Prospecting,2024-05-13
OPP00202,Prospecting,Qualification,2024-05-30
OPP00202,Qualification,Closed Lost,2024-10-21
OPP00203,,Prospecting,2024-05-13
OPP00203,Prospecting,Qualification,2024-06-06
OPP00203,Qualification,Solution Design,2024-07-11
OPP00203,Solution Design,Proposal,2024-09-18
OPP00203,Proposal,Negotiation,2024-10-12
OPP00203,Negotiation,Closed Won,2024-12-29
OPP00204,,Prospecting,2024-05-15
OPP00204,Prospecting,Qualification,2024-05-19
OPP00204,Qualification,Solution Design,2024-05-27
OPP00204,Solution Design,Closed Lost,2024-07-22
OPP00205,,Prospecting,2024-05-15
OPP00205,Prospecting,Qualification,2024-06-13
OPP00205,Qualification,Solution Design,2024-06-15
OPP00205,Solution Design,Proposal,2024-07-06
OPP00205,Proposal,Negotiation,2024-07-17
OPP00205,Negotiation,Closed Lost,2024-08-01
OPP00206,,Prospecting,2024-05-16
OPP00206,Prospecting,Qualification,2024-05-22
OPP00206,Qualification,Solution Design,2024-05-23
OPP00206,Solution Design,Closed Lost,2024-06-18
OPP00207,,Prospecting,2024-05-16
OPP00207,Prospecting,Qualification,2024-06-10
OPP00207,Qualification,Solution Design,2024-06-28
OPP00207,Solution Design,Closed Lost,2024-08-25
OPP00208,,Prospecting,2024-05-17
OPP00208,Prospecting,Qualification,2024-05-22
OPP00208,Qualification,Solution Design,2024-05-26
OPP00208,Solution Design,Closed Lost,2024-06-16
OPP00209,,Prospecting,2024-05-18
OPP00209,Prospecting,Qualification,2024-06-18
OPP00209,Qualification,Solution Design,2024-07-07
OPP00209,Solution Design,Proposal,2024-11-14
OPP00209,Proposal,Negotiation,2024-12-14
OPP00209,Negotiation,Closed Won,2025-03-31
OPP00210,,Prospecting,2024-05-18
OPP00210,Prospecting,Qualification,2024-06-08
OPP00210,Qualification,Solution Design,2024-06-16
OPP00210,Solution Design,Proposal,2024-07-12
OPP00210,Proposal,Negotiation,2024-08-26
OPP00210,Negotiation,Closed Won,2024-09-28
OPP00211,,Prospecting,2024-05-19
OPP00211,Prospecting,Qualification,2024-05-26
OPP00211,Qualification,Solution Design,2024-09-09
OPP00211,Solution Design,Proposal,2024-11-14
OPP00211,Proposal,Negotiation,2024-11-21
OPP00211,Negotiation,Closed Lost,2024-12-27
OPP00212,,Prospecting,2024-05-20
OPP00212,Prospecting,Qualification,2024-06-13
OPP00212,Qualification,Closed Lost,2024-07-06
OPP00213,,Prospecting,2024-05-21
OPP00213,Prospecting,Qualification,2024-05-30
OPP00213,Qualification,Solution Design,2024-06-05
OPP00213,Solution Design,Proposal,2024-06-07
OPP00213,Proposal,Negotiation,2024-07-15
OPP00213,Negotiation,Closed Won,2024-09-01
OPP00214,,Prospecting,2024-05-21
OPP00214,Prospecting,Qualification,2024-06-02
OPP00214,Qualification,Solution Design,2024-06-12
OPP00214,Solution Design,Closed Lost,2024-07-20
OPP00215,,Prospecting,2024-05-22
OPP00215,Prospecting,Qualification,2024-05-26
OPP00215,Qualification,Solution Design,2024-05-28
OPP00215,Solution Design,Proposal,2024-05-31
OPP00215,Proposal,Negotiation,2024-06-02
OPP00215,Negotiation,Closed Lost,2024-06-09
OPP00216,,Prospecting,2024-05-23
OPP00216,Prospecting,Qualification,2024-06-15
OPP00216,Qualification,Solution Design,2024-06-22
OPP00216,Solution Design,Closed Lost,2024-07-19
OPP00217,,Prospecting,2024-05-23
OPP00217,Prospecting,Qualification,2024-06-08
OPP00217,Qualification,Solution Design,2024-07-29
OPP00217,Solution Design,Proposal,2024-09-05
OPP00217,Proposal,Negotiation,2024-09-23
OPP00217,Negotiation,Closed Won,2024-10-16
OPP00218,,Prospecting,2024-05-24
OPP00218,Prospecting,Qualification,2024-06-10
OPP00218,Qualification,Solution Design,2024-08-27
OPP00218,Solution Design,Proposal,2024-09-19
OPP00218,Proposal,Negotiation,2024-10-06
OPP00218,Negotiation,Closed Lost,2025-01-16
OPP00219,,Prospecting,2024-05-24
OPP00219,Prospecting,Qualification,2024-06-28
OPP00219,Qualification,Solution Design,2024-06-30
OPP00219,Solution Design,Proposal,2024-07-05
OPP00219,Proposal,Negotiation,2024-08-09
OPP00219,Negotiation,Closed Won,2024-09-28
OPP00220,,Prospecting,2024-05-24
OPP00220,Prospecting,Qualification,2024-05-27
OPP00220,Qualification,Solution Design,2024-06-11
OPP00220,Solution Design,Proposal,2024-06-22
OPP00220,Proposal,Negotiation,2024-07-14
OPP00220,Negotiation,Closed Won,2024-07-23
OPP00221,,Prospecting,2024-05-25
OPP00221,Prospecting,Qualification,2024-07-19
OPP00221,Qualification,Solution Design,2024-08-09
OPP00221,Solution Design,Proposal,2024-08-31
OPP00221,Proposal,Negotiation,2024-09-10
OPP00221,Negotiation,Closed Won,2024-10-22
OPP00222,,Prospecting,2024-05-26
OPP00222,Prospecting,Qualification,2024-07-12
OPP00222,Qualification,Solution Design,2024-07-21
OPP00222,Solution Design,Proposal,2024-09-22
OPP00222,Proposal,Negotiation,2024-11-07
OPP00222,Negotiation,Closed Won,2025-01-20
OPP00223,,Prospecting,2024-05-28
OPP00223,Prospecting,Qualification,2024-05-30
OPP00223,Qualification,Solution Design,2024-06-02
OPP00223,Solution Design,Proposal,2024-08-16
OPP00223,Proposal,Closed Lost,2024-12-08
OPP00224,,Prospecting,2024-05-28
OPP00224,Prospecting,Qualification,2024-05-29
OPP00224,Qualification,Solution Design,2024-07-21
OPP00224,Solution Design,Proposal,2024-08-10
OPP00224,Proposal,Negotiation,2024-08-23
OPP00224,Negotiation,Closed Lost,2024-10-04
OPP00225,,Prospecting,2024-05-29
OPP00225,Prospecting,Qualification,2024-06-12
OPP00225,Qualification,Solution Design,2024-06-24
OPP00225,Solution Design,Proposal,2024-07-11
OPP00225,Proposal,Negotiation,2024-07-16
OPP00225,Negotiation,Closed Lost,2024-07-31
OPP00226,,Prospecting,2024-05-29
OPP00226,Prospecting,Qualification,2024-08-07
OPP00226,Qualification,Closed Lost,2024-11-17
OPP00227,,Prospecting,2024-05-30
OPP00227,Prospecting,Qualification,2024-06-21
OPP00227,Qualification,Solution Design,2024-07-03
OPP00227,Solution Design,Proposal,2024-07-23
OPP00227,Proposal,Negotiation,2024-08-08
OPP00227,Negotiation,Closed Won,2024-09-22
OPP00228,,Prospecting,2024-05-31
OPP00228,Prospecting,Qualification,2024-06-02
OPP00228,Qualification,Solution Design,2024-07-02
OPP00228,Solution Design,Proposal,2024-07-17
OPP00228,Proposal,Negotiation,2024-08-17
OPP00228,Negotiation,Closed Won,2024-09-23
OPP00229,,Prospecting,2024-06-01
OPP00229,Prospecting,Qualification,2024-07-09
OPP00229,Qualification,Closed Lost,2024-12-03
OPP00230,,Prospecting,2024-06-03
OPP00230,Prospecting,Qualification,2024-06-06
OPP00230,Qualification,Solution Design,2024-06-20
OPP00230,Solution Design,Proposal,2024-06-21
OPP00230,Proposal,Negotiation,2024-06-25
OPP00230,Negotiation,Closed Lost,2024-07-01
OPP00231,,Prospecting,2024-06-03
OPP00231,Prospecting,Qualification,2024-06-04
OPP00231,Qualification,Solution Design,2024-06-26
OPP00231,Solution Design,Proposal,2024-06-29
OPP00231,Proposal,Negotiation,2024-07-10
OPP00231,Negotiation,Closed Won,2024-08-02
OPP00232,,Prospecting,2024-06-03
OPP00232,Prospecting,Qualification,2024-06-04
OPP00232,Qualification,Solution Design,2024-07-13
OPP00232,Solution Design,Proposal,2024-08-06
OPP00232,Proposal,Negotiation,2024-08-16
OPP00232,Negotiation,Closed Won,2024-09-17
OPP00233,,Prospecting,2024-06-04
OPP00233,Prospecting,Qualification,2024-07-21
OPP00233,Qualification,Solution Design,2024-07-23
OPP00233,Solution Design,Proposal,2024-08-27
OPP00233,Proposal,Negotiation,2024-08-28
OPP00233,Negotiation,Closed Won,2024-09-24
OPP00234,,Prospecting,2024-06-05
OPP00234,Prospecting,Qualification,2024-06-07
OPP00234,Qualification,Solution Design,2024-06-15
OPP00234,Solution Design,Proposal,2024-07-01
OPP00234,Proposal,Negotiation,2024-07-08
OPP00234,Negotiation,Closed Won,2024-09-26
OPP00235,,Prospecting,2024-06-07
OPP00235,Prospecting,Qualification,2024-06-13
OPP00235,Qualification,Solution Design,2024-06-27
OPP00235,Solution Design,Proposal,2024-06-30
OPP00235,Proposal,Closed Lost,2024-08-14
OPP00236,,Prospecting,2024-06-09
OPP00236,Prospecting,Qualification,2024-08-04
OPP00236,Qualification,Solution Design,2024-08-05
OPP00236,Solution Design,Proposal,2024-08-29
OPP00236,Proposal,Negotiation,2024-11-13
OPP00236,Negotiation,Closed Lost,2025-02-24
OPP00237,,Prospecting,2024-06-09
OPP00237,Prospecting,Qualification,2024-07-19
OPP00237,Qualification,Solution Design,2024-07-22
OPP00237,Solution Design,Closed Lost,2024-11-12
OPP00238,,Prospecting,2024-06-09
OPP00238,Prospecting,Qualification,2024-07-17
OPP00238,Qualification,Closed Lost,2024-09-30
OPP00239,,Prospecting,2024-06-09
OPP00239,Prospecting,Qualification,2024-07-06
OPP00239,Qualification,Solution Design,2024-08-26
OPP00239,Solution Design,Proposal,2024-08-27
OPP00239,Proposal,Negotiation,2024-09-14
OPP00239,Negotiation,Closed Won,2024-10-02
OPP00240,,Prospecting,2024-06-09
OPP00240,Prospecting,Qualification,2024-06-26
OPP00240,Qualification,Solution Design,2024-07-04
OPP00240,Solution Design,Closed Lost,2024-07-26
OPP00241,,Prospecting,2024-06-10
OPP00241,Prospecting,Qualification,2024-06-11
OPP00241,Qualification,Solution Design,2024-06-27
OPP00241,Solution Design,Proposal,2024-07-16
OPP00241,Proposal,Closed Lost,2024-08-25
OPP00242,,Prospecting,2024-06-13
OPP00242,Prospecting,Qualification,2024-08-07
OPP00242,Qualification,Closed Lost,2024-09-25
OPP00243,,Prospecting,2024-06-13
OPP00243,Prospecting,Qualification,2024-08-09
OPP00243,Qualification,Solution Design,2024-08-20
OPP00243,Solution Design,Closed Lost,2024-09-17
OPP00244,,Prospecting,2024-06-14
OPP00244,Prospecting,Qualification,2024-06-21
OPP00244,Qualification,Solution Design,2024-06-23
OPP00244,Solution Design,Closed Lost,2024-08-07
OPP00245,,Prospecting,2024-06-15
OPP00245,Prospecting,Qualification,2024-07-16
OPP00245,Qualification,Solution Design,2024-08-25
OPP00245,Solution Design,Proposal,2024-10-14
OPP00245,Proposal,Negotiation,2024-10-17
OPP00245,Negotiation,Closed Won,2024-10-29
OPP00246,,Prospecting,2024-06-15
OPP00246,Prospecting,Qualification,2024-06-28
OPP00246,Qualification,Solution Design,2024-06-29
OPP00246,Solution Design,Proposal,2024-07-07
OPP00246,Proposal,Negotiation,2024-07-18
OPP00246,Negotiation,Closed Lost,2024-08-24
OPP00247,,Prospecting,2024-06-16
OPP00247,Prospecting,Qualification,2024-08-08
OPP00247,Qualification,Solution Design,2024-08-13
OPP00247,Solution Design,Closed Lost,2024-09-13
OPP00248,,Prospecting,2024-06-16
OPP00248,Prospecting,Qualification,2024-06-18
OPP00248,Qualification,Solution Design,2024-07-10
OPP00248,Solution Design,Closed Lost,2024-08-28
OPP00249,,Prospecting,2024-06-17
OPP00249,Prospecting,Qualification,2024-06-25
OPP00249,Qualification,Solution Design,2024-07-24
OPP00249,Solution Design,Proposal,2024-08-30
OPP00249,Proposal,Negotiation,2024-09-26
OPP00249,Negotiation,Closed Won,2024-10-23
OPP00250,,Prospecting,2024-06-18
OPP00250,Prospecting,Qualification,2024-09-15
OPP00250,Qualification,Solution Design,2024-09-19
OPP00250,Solution Design,Proposal,2024-12-10
OPP00250,Proposal,Closed Lost,2025-01-31
OPP00251,,Prospecting,2024-06-20
OPP00251,Prospecting,Qualification,2024-06-28
OPP00251,Qualification,Solution Design,2024-06-29
OPP00251,Solution Design,Proposal,2024-06-30
OPP00251,Proposal,Negotiation,2024-07-11
OPP00251,Negotiation,Closed Won,2024-07-14
OPP00252,,Prospecting,2024-06-21
OPP00252,Prospecting,Qualification,2024-07-05
OPP00252,Qualification,Solution Design,2024-08-03
OPP00252,Solution Design,Closed Lost,2024-08-17
OPP00253,,Prospecting,2024-06-22
OPP00253,Prospecting,Qualification,2024-07-28
OPP00253,Qualification,Solution Design,2024-08-13
OPP00253,Solution Design,Closed Lost,2024-10-15
OPP00254,,Prospecting,2024-06-23
OPP00254,Prospecting,Qualification,2024-08-02
OPP00254,Qualification,Solution Design,2024-08-11
OPP00254,Solution Design,Closed Lost,2024-08-31
OPP00255,,Prospecting,2024-06-23
OPP00255,Prospecting,Qualification,2024-06-24
OPP00255,Qualification,Solution Design,2024-07-05
OPP00255,Solution Design,Proposal,2024-08-13
OPP00255,Proposal,Negotiation,2024-08-26
OPP00255,Negotiation,Closed Lost,2024-10-04
OPP00256,,Prospecting,2024-06-25
OPP00256,Prospecting,Qualification,2024-08-12
OPP00256,Qualification,Solution Design,2024-08-24
OPP00256,Solution Design,Proposal,2024-08-29
OPP00256,Proposal,Negotiation,2024-10-20
OPP00256,Negotiation,Closed Lost,2024-11-25
OPP00257,,Prospecting,2024-06-25
OPP00257,Prospecting,Qualification,2024-07-16
OPP00257,Qualification,Solution Design,2024-07-23
OPP00257,Solution Design,Proposal,2024-09-23
OPP00257,Proposal,Negotiation,2025-01-19
OPP00257,Negotiation,Closed Won,2025-03-23
OPP00258,,Prospecting,2024-06-26
OPP00258,Prospecting,Qualification,2024-07-14
OPP00258,Qualification,Closed Lost,2024-08-11
OPP00259,,Prospecting,2024-06-27
OPP00259,Prospecting,Qualification,2024-07-02
OPP00259,Qualification,Solution Design,2024-07-07
OPP00259,Solution Design,Proposal,2024-07-11
OPP00259,Proposal,Closed Lost,2024-08-16
OPP00260,,Prospecting,2024-06-27
OPP00260,Prospecting,Qualification,2024-07-18
OPP00260,Qualification,Solution Design,2024-07-27
OPP00260,Solution Design,Proposal,2024-08-01
OPP00260,Proposal,Negotiation,2024-08-03
OPP00260,Negotiation,Closed Won,2024-08-19
OPP00261,,Prospecting,2024-06-28
OPP00261,Prospecting,Qualification,2024-08-13
OPP00261,Qualification,Solution Design,2024-09-24
OPP00261,Solution Design,Proposal,2024-10-15
OPP00261,Proposal,Negotiation,2024-10-16
OPP00261,Negotiation,Closed Won,2024-12-22
OPP00262,,Prospecting,2024-06-28
OPP00262,Prospecting,Qualification,2024-07-20
OPP00262,Qualification,Solution Design,2024-08-01
OPP00262,Solution Design,Proposal,2024-10-19
OPP00262,Proposal,Negotiation,2025-01-07
OPP00262,Negotiation,Closed Won,2025-01-24
OPP00263,,Prospecting,2024-06-29
OPP00263,Prospecting,Qualification,2024-07-17
OPP00263,Qualification,Solution Design,2024-07-21
OPP00263,Solution Design,Proposal,2024-07-31
OPP00263,Proposal,Negotiation,2024-08-05
OPP00263,Negotiation,Closed Won,2024-08-29
OPP00264,,Prospecting,2024-06-30
OPP00264,Prospecting,Qualification,2024-07-16
OPP00264,Qualification,Solution Design,2024-07-31
OPP00264,Solution Design,Proposal,2024-08-02
OPP00264,Proposal,Negotiation,2024-08-13
OPP00264,Negotiation,Closed Lost,2024-09-30
OPP00265,,Prospecting,2024-07-01
OPP00265,Prospecting,Qualification,2024-07-30
OPP00265,Qualification,Solution Design,2024-08-01
OPP00265,Solution Design,Proposal,2024-09-07
OPP00265,Proposal,Negotiation,2024-09-18
OPP00265,Negotiation,Closed Won,2025-01-19
OPP00266,,Prospecting,2024-07-02
OPP00266,Prospecting,Qualification,2024-08-26
OPP00266,Qualification,Solution Design,2024-09-10
OPP00266,Solution Design,Proposal,2024-10-01
OPP00266,Proposal,Negotiation,2024-10-27
OPP00266,Negotiation,Closed Lost,2024-11-16
OPP00267,,Prospecting,2024-07-02
OPP00267,Prospecting,Qualification,2024-07-31
OPP00267,Qualification,Solution Design,2024-09-18
OPP00267,Solution Design,Proposal,2024-09-20
OPP00267,Proposal,Closed Lost,2024-10-26
OPP00268,,Prospecting,2024-07-02
OPP00268,Prospecting,Qualification,2024-07-13
OPP00268,Qualification,Solution Design,2024-08-10
OPP00268,Solution Design,Proposal,2024-08-26
OPP00268,Proposal,Closed Lost,2024-10-01
OPP00269,,Prospecting,2024-07-03
OPP00269,Prospecting,Qualification,2024-10-19
OPP00269,Qualification,Solution Design,2024-10-28
OPP00269,Solution Design,Proposal,2024-12-04
OPP00269,Proposal,Negotiation,2024-12-07
OPP00269,Negotiation,Closed Won,2024-12-28
OPP00270,,Prospecting,2024-07-03
OPP00270,Prospecting,Qualification,2024-08-04
OPP00270,Qualification,Solution Design,2024-09-06
OPP00270,Solution Design,Proposal,2024-09-27
OPP00270,Proposal,Negotiation,2024-10-11
OPP00270,Negotiation,Closed Won,2025-01-24
OPP00271,,Prospecting,2024-07-03
OPP00271,Prospecting,Qualification,2024-07-08
OPP00271,Qualification,Solution Design,2024-09-14
OPP00271,Solution Design,Proposal,2025-03-25
OPP00271,Proposal,Negotiation,2025-03-29
OPP00271,Negotiation,Closed Won,2025-06-30
OPP00272,,Prospecting,2024-07-04
OPP00272,Prospecting,Qualification,2024-07-07
OPP00272,Qualification,Solution Design,2024-07-21
OPP00272,Solution Design,Closed Lost,2024-08-20
OPP00273,,Prospecting,2024-07-06
OPP00273,Prospecting,Qualification,2024-07-12
OPP00273,Qualification,Solution Design,2024-07-15
OPP00273,Solution Design,Proposal,2024-07-28
OPP00273,Proposal,Negotiation,2024-08-01
OPP00273,Negotiation,Closed Lost,2024-09-15
OPP00274,,Prospecting,2024-07-07
OPP00274,Prospecting,Qualification,2024-08-12
OPP00274,Qualification,Solution Design,2024-08-26
OPP00274,Solution Design,Proposal,2024-09-02
OPP00274,Proposal,Negotiation,2024-09-11
OPP00274,Negotiation,Closed Lost,2024-10-18
OPP00275,,Prospecting,2024-07-07
OPP00275,Prospecting,Qualification,2024-08-05
OPP00275,Qualification,Solution Design,2024-09-05
OPP00275,Solution Design,Proposal,2024-09-06
OPP00275,Proposal,Negotiation,2024-12-02
OPP00275,Negotiation,Closed Won,2025-01-14
OPP00276,,Prospecting,2024-07-09
OPP00276,Prospecting,Qualification,2024-07-20
OPP00276,Qualification,Solution Design,2024-07-30
OPP00276,Solution Design,Proposal,2024-08-02
OPP00276,Proposal,Negotiation,2024-08-06
OPP00276,Negotiation,Closed Lost,2024-08-28
OPP00277,,Prospecting,2024-07-10
OPP00277,Prospecting,Qualification,2024-08-01
OPP00277,Qualification,Solution Design,2024-08-20
OPP00277,Solution Design,Proposal,2024-09-21
OPP00277,Proposal,Negotiation,2024-10-26
OPP00277,Negotiation,Closed Lost,2025-02-13
OPP00278,,Prospecting,2024-07-10
OPP00278,Prospecting,Qualification,2024-07-13
OPP00278,Qualification,Solution Design,2024-07-19
OPP00278,Solution Design,Proposal,2024-08-03
OPP00278,Proposal,Negotiation,2024-08-24
OPP00278,Negotiation,Closed Won,2024-09-08
OPP00279,,Prospecting,2024-07-11
OPP00279,Prospecting,Qualification,2024-07-31
OPP00279,Qualification,Closed Lost,2024-12-12
OPP00280,,Prospecting,2024-07-11
OPP00280,Prospecting,Qualification,2024-08-04
OPP00280,Qualification,Solution Design,2024-09-02
OPP00280,Solution Design,Proposal,2024-09-13
OPP00280,Proposal,Negotiation,2024-09-15
OPP00280,Negotiation,Closed Won,2024-09-18
OPP00281,,Prospecting,2024-07-12
OPP00281,Prospecting,Qualification,2024-07-16
OPP00281,Qualification,Solution Design,2024-07-17
OPP00281,Solution Design,Proposal,2024-07-28
OPP00281,Proposal,Negotiation,2024-07-31
OPP00281,Negotiation,Closed Won,2024-08-13
OPP00282,,Prospecting,2024-07-12
OPP00282,Prospecting,Qualification,2024-07-17
OPP00282,Qualification,Solution Design,2024-08-06
OPP00282,Solution Design,Proposal,2024-08-17
OPP00282,Proposal,Negotiation,2024-08-25
OPP00282,Negotiation,Closed Won,2024-10-10
OPP00283,,Prospecting,2024-07-13
OPP00283,Prospecting,Qualification,2024-08-03
OPP00283,Qualification,Closed Lost,2024-09-07
OPP00284,,Prospecting,2024-07-13
OPP00284,Prospecting,Qualification,2024-07-14
OPP00284,Qualification,Solution Design,2024-07-27
OPP00284,Solution Design,Proposal,2024-08-05
OPP00284,Proposal,Closed Lost,2024-09-01
OPP00285,,Prospecting,2024-07-15
OPP00285,Prospecting,Qualification,2024-08-03
OPP00285,Qualification,Closed Lost,2024-11-05
OPP00286,,Prospecting,2024-07-15
OPP00286,Prospecting,Qualification,2024-08-10
OPP00286,Qualification,Closed Lost,2024-10-17
OPP00287,,Prospecting,2024-07-15
OPP00287,Prospecting,Qualification,2024-07-16
OPP00287,Qualification,Solution Design,2024-07-21
OPP00287,Solution Design,Proposal,2024-07-31
OPP00287,Proposal,Negotiation,2024-08-02
OPP00287,Negotiation,Closed Won,2024-08-13
OPP00288,,Prospecting,2024-07-15
OPP00288,Prospecting,Qualification,2024-08-08
OPP00288,Qualification,Solution Design,2024-09-12
OPP00288,Solution Design,Proposal,2024-10-03
OPP00288,Proposal,Negotiation,2024-10-12
OPP00288,Negotiation,Closed Lost,2024-10-16
OPP00289,,Prospecting,2024-07-15
OPP00289,Prospecting,Qualification,2024-08-12
OPP00289,Qualification,Solution Design,2024-09-11
OPP00289,Solution Design,Proposal,2024-09-21
OPP00289,Proposal,Negotiation,2024-12-29
OPP00289,Negotiation,Closed Won,2025-01-13
OPP00290,,Prospecting,2024-07-16
OPP00290,Prospecting,Qualification,2024-08-05
OPP00290,Qualification,Solution Design,2024-08-18
OPP00290,Solution Design,Proposal,2024-09-04
OPP00290,Proposal,Negotiation,2024-09-11
OPP00290,Negotiation,Closed Lost,2024-10-23
OPP00291,,Prospecting,2024-07-16
OPP00291,Prospecting,Qualification,2024-08-14
OPP00291,Qualification,Closed Lost,2024-10-20
OPP00292,,Prospecting,2024-07-16
OPP00292,Prospecting,Qualification,2024-11-13
OPP00292,Qualification,Closed Lost,2024-12-29
OPP00293,,Prospecting,2024-07-17
OPP00293,Prospecting,Qualification,2024-07-25
OPP00293,Qualification,Solution Design,2024-07-28
OPP00293,Solution Design,Proposal,2024-08-02
OPP00293,Proposal,Negotiation,2024-08-08
OPP00293,Negotiation,Closed Lost,2024-08-14
OPP00294,,Prospecting,2024-07-19
OPP00294,Prospecting,Qualification,2024-08-04
OPP00294,Qualification,Solution Design,2024-08-17
OPP00294,Solution Design,Closed Lost,2024-10-05
OPP00295,,Prospecting,2024-07-19
OPP00295,Prospecting,Qualification,2024-08-29
OPP00295,Qualification,Solution Design,2024-09-16
OPP00295,Solution Design,Proposal,2024-09-23
OPP00295,Proposal,Negotiation,2024-10-18
OPP00295,Negotiation,Closed Won,2024-10-22
OPP00296,,Prospecting,2024-07-20
OPP00296,Prospecting,Qualification,2024-09-02
OPP00296,Qualification,Solution Design,2024-09-12
OPP00296,Solution Design,Proposal,2024-11-28
OPP00296,Proposal,Closed Lost,2025-02-10
OPP00297,,Prospecting,2024-07-20
OPP00297,Prospecting,Qualification,2024-08-27
OPP00297,Qualification,Closed Lost,2024-12-10
OPP00298,,Prospecting,2024-07-21
OPP00298,Prospecting,Qualification,2024-08-09
OPP00298,Qualification,Solution Design,2024-08-20
OPP00298,Solution Design,Proposal,2024-08-27
OPP00298,Proposal,Negotiation,2024-08-31
OPP00298,Negotiation,Closed Won,2024-09-14
OPP00299,,Prospecting,2024-07-22
OPP00299,Prospecting,Qualification,2024-08-20
OPP00299,Qualification,Solution Design,2024-09-11
OPP00299,Solution Design,Closed Lost,2024-10-16
OPP00300,,Prospecting,2024-07-23
OPP00300,Prospecting,Qualification,2024-08-06
OPP00300,Qualification,Solution Design,2024-08-10
OPP00300,Solution Design,Proposal,2024-08-16
OPP00300,Proposal,Closed Lost,2024-08-24
OPP00301,,Prospecting,2024-07-23
OPP00301,Prospecting,Qualification,2024-08-18
OPP00301,Qualification,Solution Design,2024-08-24
OPP00301,Solution Design,Proposal,2024-08-25
OPP00301,Proposal,Negotiation,2024-08-28
OPP00301,Negotiation,Closed Won,2024-09-25
OPP00302,,Prospecting,2024-07-23
OPP00302,Prospecting,Qualification,2024-07-26
OPP00302,Qualification,Solution Design,2024-08-10
OPP00302,Solution Design,Proposal,2024-08-19
OPP00302,Proposal,Negotiation,2024-08-27
OPP00302,Negotiation,Closed Won,2024-09-18
OPP00303,,Prospecting,2024-07-24
OPP00303,Prospecting,Qualification,2024-08-29
OPP00303,Qualification,Solution Design,2024-09-20
OPP00303,Solution Design,Proposal,2024-10-06
OPP00303,Proposal,Closed Lost,2024-12-12
OPP00304,,Prospecting,2024-07-25
OPP00304,Prospecting,Qualification,2024-09-24
OPP00304,Qualification,Solution Design,2024-09-28
OPP00304,Solution Design,Closed Lost,2024-12-02
OPP00305,,Prospecting,2024-07-25
OPP00305,Prospecting,Qualification,2024-08-01
OPP00305,Qualification,Closed Lost,2024-11-16
OPP00306,,Prospecting,2024-07-26
OPP00306,Prospecting,Qualification,2024-07-27
OPP00306,Qualification,Solution Design,2024-09-30
OPP00306,Solution Design,Proposal,2024-10-19
OPP00306,Proposal,Negotiation,2024-10-22
OPP00306,Negotiation,Closed Lost,2024-11-03
OPP00307,,Prospecting,2024-07-26
OPP00307,Prospecting,Qualification,2024-09-07
OPP00307,Qualification,Solution Design,2024-10-07
OPP00307,Solution Design,Proposal,2024-10-12
OPP00307,Proposal,Closed Lost,2024-11-30
OPP00308,,Prospecting,2024-07-27
OPP00308,Prospecting,Qualification,2024-08-02
OPP00308,Qualification,Solution Design,2024-08-25
OPP00308,Solution Design,Proposal,2024-09-30
OPP00308,Proposal,Negotiation,2024-10-12
OPP00308,Negotiation,Closed Won,2024-12-20
OPP00309,,Prospecting,2024-07-27
OPP00309,Prospecting,Qualification,2024-08-11
OPP00309,Qualification,Solution Design,2024-09-29
OPP00309,Solution Design,Proposal,2024-10-07
OPP00309,Proposal,Negotiation,2025-02-01
OPP00309,Negotiation,Closed Won,2025-04-03
OPP00310,,Prospecting,2024-07-28
OPP00310,Prospecting,Qualification,2024-08-28
OPP00310,Qualification,Solution Design,2024-09-16
OPP00310,Solution Design,Proposal,2024-10-26
OPP00310,Proposal,Negotiation,2024-11-02
OPP00310,Negotiation,Closed Lost,2025-01-31
OPP00311,,Prospecting,2024-07-28
OPP00311,Prospecting,Qualification,2024-09-03
OPP00311,Qualification,Solution Design,2024-11-01
OPP00311,Solution Design,Closed Lost,2024-11-25
OPP00312,,Prospecting,2024-07-29
OPP00312,Prospecting,Qualification,2024-07-31
OPP00312,Qualification,Solution Design,2024-08-08
OPP00312,Solution Design,Closed Lost,2024-08-29
OPP00313,,Prospecting,2024-07-30
OPP00313,Prospecting,Qualification,2024-08-02
OPP00313,Qualification,Solution Design,2024-08-10
OPP00313,Solution Design,Proposal,2024-08-20
OPP00313,Proposal,Closed Lost,2024-09-21
OPP00314,,Prospecting,2024-07-30
OPP00314,Prospecting,Qualification,2024-08-24
OPP00314,Qualification,Solution Design,2024-09-01
OPP00314,Solution Design,Closed Lost,2024-10-07
OPP00315,,Prospecting,2024-07-30
OPP00315,Prospecting,Qualification,2024-08-08
OPP00315,Qualification,Solution Design,2024-08-23
OPP00315,Solution Design,Proposal,2024-09-01
OPP00315,Proposal,Negotiation,2024-09-08
OPP00315,Negotiation,Closed Won,2024-09-21
OPP00316,,Prospecting,2024-08-01
OPP00316,Prospecting,Qualification,2024-08-28
OPP00316,Qualification,Solution Design,2024-08-30
OPP00316,Solution Design,Proposal,2024-09-05
OPP00316,Proposal,Negotiation,2024-11-04
OPP00316,Negotiation,Closed Won,2024-12-28
OPP00317,,Prospecting,2024-08-01
OPP00317,Prospecting,Qualification,2024-08-02
OPP00317,Qualification,Solution Design,2024-08-06
OPP00317,Solution Design,Proposal,2024-08-08
OPP00317,Proposal,Negotiation,2024-08-10
OPP00317,Negotiation,Closed Won,2024-08-29
OPP00318,,Prospecting,2024-08-02
OPP00318,Prospecting,Qualification,2024-08-20
OPP00318,Qualification,Solution Design,2024-09-02
OPP00318,Solution Design,Closed Lost,2024-10-02
OPP00319,,Prospecting,2024-08-04
OPP00319,Prospecting,Qualification,2024-09-19
OPP00319,Qualification,Solution Design,2024-10-08
OPP00319,Solution Design,Closed Lost,2024-12-18
OPP00320,,Prospecting,2024-08-04
OPP00320,Prospecting,Qualification,2024-08-06
OPP00320,Qualification,Solution Design,2024-08-13
OPP00320,Solution Design,Proposal,2024-08-31
OPP00320,Proposal,Negotiation,2024-09-01
OPP00320,Negotiation,Closed Won,2024-09-20
OPP00321,,Prospecting,2024-08-04
OPP00321,Prospecting,Qualification,2024-08-10
OPP00321,Qualification,Solution Design,2024-08-16
OPP00321,Solution Design,Proposal,2024-08-20
OPP00321,Proposal,Closed Lost,2024-09-02
OPP00322,,Prospecting,2024-08-04
OPP00322,Prospecting,Qualification,2024-08-05
OPP00322,Qualification,Solution Design,2024-08-06
OPP00322,Solution Design,Proposal,2024-08-17
OPP00322,Proposal,Closed Lost,2024-09-03
OPP00323,,Prospecting,2024-08-05
OPP00323,Prospecting,Qualification,2024-09-12
OPP00323,Qualification,Solution Design,2024-09-14
OPP00323,Solution Design,Proposal,2024-09-19
OPP00323,Proposal,Closed Lost,2024-10-25
OPP00324,,Prospecting,2024-08-06
OPP00324,Prospecting,Qualification,2024-08-11
OPP00324,Qualification,Solution Design,2024-08-15
OPP00324,Solution Design,Proposal,2024-08-18
OPP00324,Proposal,Negotiation,2024-09-07
OPP00324,Negotiation,Closed Won,2024-09-28
OPP00325,,Prospecting,2024-08-07
OPP00325,Prospecting,Qualification,2024-08-29
OPP00325,Qualification,Solution Design,2024-11-27
OPP00325,Solution Design,Proposal,2024-11-29
OPP00325,Proposal,Closed Lost,2024-12-26
OPP00326,,Prospecting,2024-08-07
OPP00326,Prospecting,Qualification,2024-08-10
OPP00326,Qualification,Solution Design,2024-08-11
OPP00326,Solution Design,Proposal,2024-08-23
OPP00326,Proposal,Negotiation,2024-08-28
OPP00326,Negotiation,Closed Won,2024-09-02
OPP00327,,Prospecting,2024-08-08
OPP00327,Prospecting,Qualification,2024-08-21
OPP00327,Qualification,Solution Design,2024-08-30
OPP00327,Solution Design,Proposal,2024-09-03
OPP00327,Proposal,Negotiation,2024-09-13
OPP00327,Negotiation,Closed Won,2024-10-11
OPP00328,,Prospecting,2024-08-09
OPP00328,Prospecting,Qualification,2024-08-18
OPP00328,Qualification,Solution Design,2024-08-21
OPP00328,Solution Design,Closed Lost,2024-09-19
OPP00329,,Prospecting,2024-08-10
OPP00329,Prospecting,Qualification,2024-09-08
OPP00329,Qualification,Solution Design,2024-09-17
OPP00329,Solution Design,Proposal,2024-10-23
OPP00329,Proposal,Closed Lost,2024-12-15
OPP00330,,Prospecting,2024-08-11
OPP00330,Prospecting,Qualification,2024-08-31
OPP00330,Qualification,Solution Design,2024-10-02
OPP00330,Solution Design,Proposal,2024-10-23
OPP00330,Proposal,Negotiation,2024-10-25
OPP00330,Negotiation,Closed Won,2024-12-21
OPP00331,,Prospecting,2024-08-13
OPP00331,Prospecting,Qualification,2024-09-01
OPP00331,Qualification,Closed Lost,2024-10-21
OPP00332,,Prospecting,2024-08-13
OPP00332,Prospecting,Qualification,2024-09-16
OPP00332,Qualification,Solution Design,2024-09-17
OPP00332,Solution Design,Proposal,2024-10-12
OPP00332,Proposal,Negotiation,2024-10-23
OPP00332,Negotiation,Closed Won,2024-12-21
OPP00333,,Prospecting,2024-08-16
OPP00333,Prospecting,Qualification,2024-09-06
OPP00333,Qualification,Solution Design,2024-10-08
OPP00333,Solution Design,Proposal,2024-10-26
OPP00333,Proposal,Negotiation,2024-11-01
OPP00333,Negotiation,Closed Won,2025-01-14
OPP00334,,Prospecting,2024-08-17
OPP00334,Prospecting,Qualification,2024-08-26
OPP00334,Qualification,Solution Design,2024-09-14
OPP00334,Solution Design,Proposal,2024-09-22
OPP00334,Proposal,Negotiation,2024-09-23
OPP00334,Negotiation,Closed Won,2024-10-05
OPP00335,,Prospecting,2024-08-18
OPP00335,Prospecting,Qualification,2024-08-27
OPP00335,Qualification,Solution Design,2024-08-31
OPP00335,Solution Design,Proposal,2024-09-11
OPP00335,Proposal,Negotiation,2024-10-24
OPP00335,Negotiation,Closed Lost,2025-03-12
OPP00336,,Prospecting,2024-08-19
OPP00336,Prospecting,Qualification,2024-08-25
OPP00336,Qualification,Solution Design,2024-08-28
OPP00336,Solution Design,Proposal,2024-09-13
OPP00336,Proposal,Negotiation,2024-09-20
OPP00336,Negotiation,Closed Won,2024-09-28
OPP00337,,Prospecting,2024-08-20
OPP00337,Prospecting,Qualification,2024-08-30
OPP00337,Qualification,Solution Design,2024-09-25
OPP00337,Solution Design,Proposal,2024-10-30
OPP00337,Proposal,Closed Lost,2025-01-29
OPP00338,,Prospecting,2024-08-20
OPP00338,Prospecting,Qualification,2024-09-30
OPP00338,Qualification,Solution Design,2024-10-11
OPP00338,Solution Design,Closed Lost,2024-10-29
OPP00339,,Prospecting,2024-08-21
OPP00339,Prospecting,Qualification,2024-09-10
OPP00339,Qualification,Solution Design,2024-10-06
OPP00339,Solution Design,Proposal,2024-10-11
OPP00339,Proposal,Negotiation,2024-10-16
OPP00339,Negotiation,Closed Won,2024-12-21
OPP00340,,Prospecting,2024-08-21
OPP00340,Prospecting,Qualification,2024-09-17
OPP00340,Qualification,Solution Design,2024-09-21
OPP00340,Solution Design,Proposal,2024-09-22
OPP00340,Proposal,Negotiation,2024-09-30
OPP00340,Negotiation,Closed Won,2024-10-20
OPP00341,,Prospecting,2024-08-21
OPP00341,Prospecting,Qualification,2024-08-28
OPP00341,Qualification,Solution Design,2024-09-03
OPP00341,Solution Design,Proposal,2024-09-13
OPP00341,Proposal,Negotiation,2024-09-17
OPP00341,Negotiation,Closed Won,2024-09-25
OPP00342,,Prospecting,2024-08-22
OPP00342,Prospecting,Qualification,2024-08-27
OPP00342,Qualification,Solution Design,2024-09-02
OPP00342,Solution Design,Proposal,2024-10-04
OPP00342,Proposal,Negotiation,2024-10-18
OPP00342,Negotiation,Closed Lost,2024-11-08
OPP00343,,Prospecting,2024-08-23
OPP00343,Prospecting,Qualification,2024-08-28
OPP00343,Qualification,Solution Design,2024-09-12
OPP00343,Solution Design,Proposal,2024-11-19
OPP00343,Proposal,Negotiation,2024-12-08
OPP00343,Negotiation,Closed Won,2024-12-20
OPP00344,,Prospecting,2024-08-23
OPP00344,Prospecting,Qualification,2024-08-31
OPP00344,Qualification,Solution Design,2024-09-09
OPP00344,Solution Design,Proposal,2024-11-02
OPP00344,Proposal,Closed Lost,2024-11-14
OPP00345,,Prospecting,2024-08-23
OPP00345,Prospecting,Qualification,2024-09-10
OPP00345,Qualification,Solution Design,2024-09-11
OPP00345,Solution Design,Proposal,2024-10-14
OPP00345,Proposal,Negotiation,2024-11-16
OPP00345,Negotiation,Closed Won,2024-12-22
OPP00346,,Prospecting,2024-08-25
OPP00346,Prospecting,Qualification,2024-09-19
OPP00346,Qualification,Solution Design,2024-10-14
OPP00346,Solution Design,Proposal,2024-11-16
OPP00346,Proposal,Negotiation,2024-12-11
OPP00346,Negotiation,Closed Lost,2025-02-17
OPP00347,,Prospecting,2024-08-25
OPP00347,Prospecting,Qualification,2024-09-08
OPP00347,Qualification,Solution Design,2024-09-13
OPP00347,Solution Design,Proposal,2024-09-19
OPP00347,Proposal,Negotiation,2024-10-17
OPP00347,Negotiation,Closed Won,2024-10-28
OPP00348,,Prospecting,2024-08-25
OPP00348,Prospecting,Qualification,2024-10-08
OPP00348,Qualification,Solution Design,2024-10-19
OPP00348,Solution Design,Proposal,2024-10-21
OPP00348,Proposal,Closed Lost,2024-11-15
OPP00349,,Prospecting,2024-08-26
OPP00349,Prospecting,Qualification,2024-09-17
OPP00349,Qualification,Solution Design,2024-10-07
OPP00349,Solution Design,Proposal,2024-10-20
OPP00349,Proposal,Negotiation,2024-10-21
OPP00349,Negotiation,Closed Won,2024-12-28
OPP00350,,Prospecting,2024-08-26
OPP00350,Prospecting,Qualification,2024-10-24
OPP00350,Qualification,Solution Design,2024-11-26
OPP00350,Solution Design,Proposal,2024-12-02
OPP00350,Proposal,Negotiation,2024-12-07
OPP00350,Negotiation,Closed Lost,2025-02-19
OPP00351,,Prospecting,2024-08-27
OPP00351,Prospecting,Qualification,2024-09-01
OPP00351,Qualification,Solution Design,2024-09-11
OPP00351,Solution Design,Proposal,2025-01-03
OPP00351,Proposal,Negotiation,2025-02-04
OPP00351,Negotiation,Closed Won,2025-03-23
OPP00352,,Prospecting,2024-08-27
OPP00352,Prospecting,Qualification,2024-09-25
OPP00352,Qualification,Solution Design,2025-01-30
OPP00352,Solution Design,Proposal,2025-01-31
OPP00352,Proposal,Closed Lost,2025-03-30
OPP00353,,Prospecting,2024-08-27
OPP00353,Prospecting,Qualification,2024-10-13
OPP00353,Qualification,Solution Design,2024-10-19
OPP00353,Solution Design,Closed Lost,2024-12-12
OPP00354,,Prospecting,2024-08-28
OPP00354,Prospecting,Qualification,2024-09-11
OPP00354,Qualification,Solution Design,2024-09-20
OPP00354,Solution Design,Proposal,2024-09-27
OPP00354,Proposal,Closed Lost,2024-12-05
OPP00355,,Prospecting,2024-08-28
OPP00355,Prospecting,Qualification,2024-09-01
OPP00355,Qualification,Solution Design,2024-09-10
OPP00355,Solution Design,Proposal,2024-09-21
OPP00355,Proposal,Negotiation,2024-09-28
OPP00355,Negotiation,Closed Won,2024-12-25
OPP00356,,Prospecting,2024-08-31
OPP00356,Prospecting,Qualification,2024-10-03
OPP00356,Qualification,Solution Design,2024-10-11
OPP00356,Solution Design,Proposal,2025-01-23
OPP00356,Proposal,Negotiation,2025-03-19
OPP00356,Negotiation,Closed Won,2025-06-02
OPP00357,,Prospecting,2024-08-31
OPP00357,Prospecting,Qualification,2024-09-15
OPP00357,Qualification,Solution Design,2024-11-08
OPP00357,Solution Design,Proposal,2024-12-18
OPP00357,Proposal,Closed Lost,2025-02-01
OPP00358,,Prospecting,2024-08-31
OPP00358,Prospecting,Qualification,2024-09-07
OPP00358,Qualification,Solution Design,2024-09-18
OPP00358,Solution Design,Proposal,2024-10-26
OPP00358,Proposal,Closed Lost,2024-11-07
OPP00359,,Prospecting,2024-09-01
OPP00359,Prospecting,Qualification,2024-09-13
OPP00359,Qualification,Solution Design,2024-10-10
OPP00359,Solution Design,Proposal,2024-10-23
OPP00359,Proposal,Closed Lost,2024-12-09
OPP00360,,Prospecting,2024-09-02
OPP00360,Prospecting,Qualification,2024-10-29
OPP00360,Qualification,Closed Lost,2024-11-27
OPP00361,,Prospecting,2024-09-02
OPP00361,Prospecting,Qualification,2024-09-14
OPP00361,Qualification,Solution Design,2024-09-24
OPP00361,Solution Design,Proposal,2024-09-25
OPP00361,Proposal,Negotiation,2024-09-27
OPP00361,Negotiation,Closed Won,2024-12-24
OPP00362,,Prospecting,2024-09-02
OPP00362,Prospecting,Qualification,2024-09-22
OPP00362,Qualification,Solution Design,2024-10-12
OPP00362,Solution Design,Proposal,2024-10-21
OPP00362,Proposal,Negotiation,2024-10-27
OPP00362,Negotiation,Closed Won,2024-11-09
OPP00363,,Prospecting,2024-09-04
OPP00363,Prospecting,Qualification,2024-09-14
OPP00363,Qualification,Solution Design,2024-10-16
OPP00363,Solution Design,Closed Lost,2024-12-23
OPP00364,,Prospecting,2024-09-05
OPP00364,Prospecting,Qualification,2024-09-18
OPP00364,Qualification,Solution Design,2024-09-22
OPP00364,Solution Design,Proposal,2024-09-25
OPP00364,Proposal,Negotiation,2024-09-29
OPP00364,Negotiation,Closed Won,2024-12-27
OPP00365,,Prospecting,2024-09-05
OPP00365,Prospecting,Qualification,2024-10-18
OPP00365,Qualification,Solution Design,2024-10-29
OPP00365,Solution Design,Proposal,2025-01-26
OPP00365,Proposal,Closed Lost,2025-06-01
OPP00366,,Prospecting,2024-09-06
OPP00366,Prospecting,Qualification,2024-09-21
OPP00366,Qualification,Solution Design,2024-09-23
OPP00366,Solution Design,Proposal,2024-10-15
OPP00366,Proposal,Negotiation,2024-10-16
OPP00366,Negotiation,Closed Won,2024-10-18
OPP00367,,Prospecting,2024-09-06
OPP00367,Prospecting,Qualification,2024-09-17
OPP00367,Qualification,Solution Design,2024-10-08
OPP00367,Solution Design,Proposal,2024-11-24
OPP00367,Proposal,Negotiation,2024-12-02
OPP00367,Negotiation,Closed Won,2025-03-15
OPP00368,,Prospecting,2024-09-06
OPP00368,Prospecting,Qualification,2024-10-03
OPP00368,Qualification,Solution Design,2024-10-31
OPP00368,Solution Design,Proposal,2024-11-23
OPP00368,Proposal,Negotiation,2024-12-02
OPP00368,Negotiation,Closed Won,2024-12-23
OPP00369,,Prospecting,2024-09-07
OPP00369,Prospecting,Qualification,2024-09-11
OPP00369,Qualification,Solution Design,2024-10-08
OPP00369,Solution Design,Proposal,2024-11-12
OPP00369,Proposal,Negotiation,2024-11-17
OPP00369,Negotiation,Closed Won,2025-01-05
OPP00370,,Prospecting,2024-09-08
OPP00370,Prospecting,Qualification,2024-09-17
OPP00370,Qualification,Solution Design,2024-11-30
OPP00370,Solution Design,Proposal,2025-01-12
OPP00370,Proposal,Negotiation,2025-03-05
OPP00370,Negotiation,Closed Won,2025-03-22
OPP00371,,Prospecting,2024-09-10
OPP00371,Prospecting,Qualification,2024-09-30
OPP00371,Qualification,Solution Design,2024-10-26
OPP00371,Solution Design,Proposal,2025-01-18
OPP00371,Proposal,Closed Lost,2025-02-02
OPP00372,,Prospecting,2024-09-10
OPP00372,Prospecting,Qualification,2024-09-22
OPP00372,Qualification,Solution Design,2024-09-30
OPP00372,Solution Design,Proposal,2024-10-05
OPP00372,Proposal,Negotiation,2024-10-21
OPP00372,Negotiation,Closed Won,2025-01-14
OPP00373,,Prospecting,2024-09-11
OPP00373,Prospecting,Qualification,2024-09-25
OPP00373,Qualification,Solution Design,2024-12-23
OPP00373,Solution Design,Proposal,2024-12-25
OPP00373,Proposal,Negotiation,2025-01-11
OPP00373,Negotiation,Closed Won,2025-03-19
OPP00374,,Prospecting,2024-09-11
OPP00374,Prospecting,Qualification,2024-09-22
OPP00374,Qualification,Solution Design,2024-09-30
OPP00374,Solution Design,Proposal,2024-10-16
OPP00374,Proposal,Negotiation,2024-10-17
OPP00374,Negotiation,Closed Won,2024-11-11
OPP00375,,Prospecting,2024-09-12
OPP00375,Prospecting,Qualification,2024-09-27
OPP00375,Qualification,Solution Design,2024-10-09
OPP00375,Solution Design,Proposal,2024-11-01
OPP00375,Proposal,Negotiation,2024-11-04
OPP00375,Negotiation,Closed Won,2024-11-19
OPP00376,,Prospecting,2024-09-12
OPP00376,Prospecting,Qualification,2024-09-19
OPP00376,Qualification,Solution Design,2024-09-27
OPP00376,Solution Design,Proposal,2024-11-01
OPP00376,Proposal,Negotiation,2024-12-10
OPP00376,Negotiation,Closed Lost,2024-12-30
OPP00377,,Prospecting,2024-09-13
OPP00377,Prospecting,Qualification,2024-10-05
OPP00377,Qualification,Solution Design,2024-10-14
OPP00377,Solution Design,Proposal,2024-10-24
OPP00377,Proposal,Negotiation,2024-11-04
OPP00377,Negotiation,Closed Won,2024-12-09
OPP00378,,Prospecting,2024-09-14
OPP00378,Prospecting,Qualification,2024-09-22
OPP00378,Qualification,Solution Design,2024-10-22
OPP00378,Solution Design,Proposal,2024-10-24
OPP00378,Proposal,Negotiation,2024-11-06
OPP00378,Negotiation,Closed Won,2024-11-28
OPP00379,,Prospecting,2024-09-15
OPP00379,Prospecting,Qualification,2024-09-29
OPP00379,Qualification,Solution Design,2025-02-09
OPP00379,Solution Design,Proposal,2025-02-21
OPP00379,Proposal,Closed Lost,2025-05-04
OPP00380,,Prospecting,2024-09-15
OPP00380,Prospecting,Qualification,2024-10-07
OPP00380,Qualification,Solution Design,2024-10-13
OPP00380,Solution Design,Closed Lost,2024-11-14
OPP00381,,Prospecting,2024-09-16
OPP00381,Prospecting,Qualification,2024-09-24
OPP00381,Qualification,Solution Design,2024-11-12
OPP00381,Solution Design,Proposal,2024-11-14
OPP00381,Proposal,Negotiation,2024-12-27
OPP00381,Negotiation,Closed Lost,2025-03-10
OPP00382,,Prospecting,2024-09-18
OPP00382,Prospecting,Qualification,2024-09-22
OPP00382,Qualification,Solution Design,2024-10-06
OPP00382,Solution Design,Closed Lost,2024-11-23
OPP00383,,Prospecting,2024-09-18
OPP00383,Prospecting,Qualification,2024-10-28
OPP00383,Qualification,Solution Design,2024-11-10
OPP00383,Solution Design,Proposal,2024-11-18
OPP00383,Proposal,Closed Lost,2024-12-02
OPP00384,,Prospecting,2024-09-18
OPP00384,Prospecting,Qualification,2024-10-07
OPP00384,Qualification,Solution Design,2024-10-14
OPP00384,Solution Design,Proposal,2024-10-16
OPP00384,Proposal,Negotiation,2024-10-25
OPP00384,Negotiation,Closed Won,2025-01-17
OPP00385,,Prospecting,2024-09-18
OPP00385,Prospecting,Qualification,2024-10-04
OPP00385,Qualification,Solution Design,2024-10-08
OPP00385,Solution Design,Proposal,2024-10-23
OPP00385,Proposal,Negotiation,2024-10-26
OPP00385,Negotiation,Closed Lost,2024-11-07
OPP00386,,Prospecting,2024-09-19
OPP00386,Prospecting,Qualification,2024-09-21
OPP00386,Qualification,Solution Design,2024-09-24
OPP00386,Solution Design,Proposal,2024-11-14
OPP00386,Proposal,Negotiation,2024-11-29
OPP00386,Negotiation,Closed Won,2024-12-31
OPP00387,,Prospecting,2024-09-19
OPP00387,Prospecting,Qualification,2024-09-23
OPP00387,Qualification,Solution Design,2024-09-27
OPP00387,Solution Design,Proposal,2024-10-15
OPP00387,Proposal,Negotiation,2024-10-19
OPP00387,Negotiation,Closed Lost,2024-11-05
OPP00388,,Prospecting,2024-09-20
OPP00388,Prospecting,Qualification,2024-10-20
OPP00388,Qualification,Solution Design,2024-10-26
OPP00388,Solution Design,Proposal,2024-12-04
OPP00388,Proposal,Closed Lost,2025-02-03
OPP00389,,Prospecting,2024-09-21
OPP00389,Prospecting,Qualification,2024-10-03
OPP00389,Qualification,Solution Design,2024-11-02
OPP00389,Solution Design,Proposal,2024-12-11
OPP00389,Proposal,Negotiation,2025-01-12
OPP00389,Negotiation,Closed Won,2025-03-24
OPP00390,,Prospecting,2024-09-21
OPP00390,Prospecting,Qualification,2024-11-26
OPP00390,Qualification,Solution Design,2024-12-24
OPP00390,Solution Design,Proposal,2025-01-08
OPP00390,Proposal,Closed Lost,2025-05-31
OPP00391,,Prospecting,2024-09-22
OPP00391,Prospecting,Qualification,2024-11-13
OPP00391,Qualification,Solution Design,2024-12-11
OPP00391,Solution Design,Proposal,2024-12-14
OPP00391,Proposal,Negotiation,2024-12-17
OPP00391,Negotiation,Closed Won,2025-01-25
OPP00392,,Prospecting,2024-09-25
OPP00392,Prospecting,Qualification,2024-10-11
OPP00392,Qualification,Solution Design,2024-11-14
OPP00392,Solution Design,Proposal,2024-11-23
OPP00392,Proposal,Negotiation,2024-11-28
OPP00392,Negotiation,Closed Won,2024-12-23
OPP00393,,Prospecting,2024-09-25
OPP00393,Prospecting,Qualification,2024-11-12
OPP00393,Qualification,Solution Design,2024-11-20
OPP00393,Solution Design,Closed Lost,2024-12-06
OPP00394,,Prospecting,2024-09-26
OPP00394,Prospecting,Qualification,2024-09-29
OPP00394,Qualification,Solution Design,2024-10-08
OPP00394,Solution Design,Proposal,2024-10-30
OPP00394,Proposal,Negotiation,2024-10-31
OPP00394,Negotiation,Closed Won,2024-12-19
OPP00395,,Prospecting,2024-09-27
OPP00395,Prospecting,Qualification,2024-10-06
OPP00395,Qualification,Solution Design,2024-10-12
OPP00395,Solution Design,Proposal,2024-12-09
OPP00395,Proposal,Closed Lost,2024-12-19
OPP00396,,Prospecting,2024-09-27
OPP00396,Prospecting,Qualification,2024-10-08
OPP00396,Qualification,Closed Lost,2025-01-04
OPP00397,,Prospecting,2024-09-27
OPP00397,Prospecting,Qualification,2024-10-23
OPP00397,Qualification,Solution Design,2024-12-09
OPP00397,Solution Design,Proposal,2024-12-12
OPP00397,Proposal,Negotiation,2025-02-12
OPP00397,Negotiation,Closed Won,2025-03-20
OPP00398,,Prospecting,2024-09-30
OPP00398,Prospecting,Qualification,2024-11-13
OPP00398,Qualification,Solution Design,2024-11-14
OPP00398,Solution Design,Closed Lost,2025-02-21
OPP00399,,Prospecting,2024-09-30
OPP00399,Prospecting,Qualification,2024-10-12
OPP00399,Qualification,Solution Design,2024-12-26
OPP00399,Solution Design,Proposal,2025-01-04
OPP00399,Proposal,Negotiation,2025-01-21
OPP00399,Negotiation,Closed Won,2025-06-19
OPP00400,,Prospecting,2024-10-01
OPP00400,Prospecting,Qualification,2024-12-02
OPP00400,Qualification,Solution Design,2024-12-05
OPP00400,Solution Design,Closed Lost,2025-02-21
OPP00401,,Prospecting,2024-10-02
OPP00401,Prospecting,Qualification,2024-10-21
OPP00401,Qualification,Closed Lost,2024-11-26
OPP00402,,Prospecting,2024-10-02
OPP00402,Prospecting,Qualification,2024-10-16
OPP00402,Qualification,Solution Design,2024-10-26
OPP00402,Solution Design,Proposal,2024-11-03
OPP00402,Proposal,Negotiation,2024-11-05
OPP00402,Negotiation,Closed Lost,2024-11-17
OPP00403,,Prospecting,2024-10-03
OPP00403,Prospecting,Qualification,2024-12-07
OPP00403,Qualification,Solution Design,2024-12-19
OPP00403,Solution Design,Proposal,2025-01-03
OPP00403,Proposal,Negotiation,2025-01-25
OPP00403,Negotiation,Closed Won,2025-02-06
OPP00404,,Prospecting,2024-10-03
OPP00404,Prospecting,Qualification,2024-10-20
OPP00404,Qualification,Solution Design,2024-11-04
OPP00404,Solution Design,Proposal,2024-11-08
OPP00404,Proposal,Closed Lost,2024-12-02
OPP00405,,Prospecting,2024-10-03
OPP00405,Prospecting,Qualification,2024-10-16
OPP00405,Qualification,Solution Design,2024-12-29
OPP00405,Solution Design,Proposal,2025-02-10
OPP00405,Proposal,Negotiation,2025-02-12
OPP00405,Negotiation,Closed Won,2025-03-19
OPP00406,,Prospecting,2024-10-03
OPP00406,Prospecting,Qualification,2024-10-06
OPP00406,Qualification,Solution Design,2024-11-01
OPP00406,Solution Design,Proposal,2024-11-15
OPP00406,Proposal,Negotiation,2024-11-26
OPP00406,Negotiation,Closed Won,2024-12-07
OPP00407,,Prospecting,2024-10-04
OPP00407,Prospecting,Qualification,2024-10-17
OPP00407,Qualification,Solution Design,2024-10-29
OPP00407,Solution Design,Proposal,2024-11-27
OPP00407,Proposal,Closed Lost,2025-02-11
OPP00408,,Prospecting,2024-10-06
OPP00408,Prospecting,Qualification,2024-10-20
OPP00408,Qualification,Closed Lost,2025-01-09
OPP00409,,Prospecting,2024-10-06
OPP00409,Prospecting,Qualification,2024-10-13
OPP00409,Qualification,Solution Design,2024-10-14
OPP00409,Solution Design,Proposal,2024-11-03
OPP00409,Proposal,Negotiation,2024-11-10
OPP00409,Negotiation,Closed Lost,2024-11-25
OPP00410,,Prospecting,2024-10-07
OPP00410,Prospecting,Qualification,2024-10-21
OPP00410,Qualification,Solution Design,2024-11-07
OPP00410,Solution Design,Proposal,2024-11-26
OPP00410,Proposal,Negotiation,2024-12-13
OPP00410,Negotiation,Closed Won,2024-12-27
OPP00411,,Prospecting,2024-10-07
OPP00411,Prospecting,Qualification,2024-10-11
OPP00411,Qualification,Solution Design,2024-11-01
OPP00411,Solution Design,Closed Lost,2025-02-27
OPP00412,,Prospecting,2024-10-07
OPP00412,Prospecting,Qualification,2024-10-10
OPP00412,Qualification,Solution Design,2024-10-18
OPP00412,Solution Design,Proposal,2024-11-04
OPP00412,Proposal,Negotiation,2024-11-26
OPP00412,Negotiation,Closed Won,2025-01-28
OPP00413,,Prospecting,2024-10-08
OPP00413,Prospecting,Qualification,2024-12-23
OPP00413,Qualification,Closed Lost,2025-01-24
OPP00414,,Prospecting,2024-10-08
OPP00414,Prospecting,Qualification,2024-10-16
OPP00414,Qualification,Solution Design,2024-10-20
OPP00414,Solution Design,Proposal,2024-10-25
OPP00414,Proposal,Negotiation,2024-11-03
OPP00414,Negotiation,Closed Won,2024-11-13
OPP00415,,Prospecting,2024-10-10
OPP00415,Prospecting,Qualification,2024-12-01
OPP00415,Qualification,Solution Design,2024-12-27
OPP00415,Solution Design,Proposal,2025-01-14
OPP00415,Proposal,Closed Lost,2025-05-04
OPP00416,,Prospecting,2024-10-10
OPP00416,Prospecting,Qualification,2024-10-21
OPP00416,Qualification,Solution Design,2024-12-13
OPP00416,Solution Design,Proposal,2024-12-19
OPP00416,Proposal,Negotiation,2024-12-21
OPP00416,Negotiation,Closed Lost,2025-01-08
OPP00417,,Prospecting,2024-10-10
OPP00417,Prospecting,Qualification,2024-10-25
OPP00417,Qualification,Solution Design,2024-11-07
OPP00417,Solution Design,Proposal,2024-11-25
OPP00417,Proposal,Negotiation,2025-01-01
OPP00417,Negotiation,Closed Won,2025-01-05
OPP00418,,Prospecting,2024-10-12
OPP00418,Prospecting,Qualification,2024-11-13
OPP00418,Qualification,Solution Design,2024-11-16
OPP00418,Solution Design,Proposal,2024-12-11
OPP00418,Proposal,Closed Lost,2025-02-22
OPP00419,,Prospecting,2024-10-12
OPP00419,Prospecting,Qualification,2024-10-30
OPP00419,Qualification,Solution Design,2024-11-04
OPP00419,Solution Design,Closed Lost,2024-11-18
OPP00420,,Prospecting,2024-10-14
OPP00420,Prospecting,Qualification,2024-11-03
OPP00420,Qualification,Solution Design,2024-11-09
OPP00420,Solution Design,Closed Lost,2025-02-26
OPP00421,,Prospecting,2024-10-15
OPP00421,Prospecting,Qualification,2024-11-19
OPP00421,Qualification,Solution Design,2024-11-21
OPP00421,Solution Design,Proposal,2024-11-28
OPP00421,Proposal,Closed Lost,2024-12-12
OPP00422,,Prospecting,2024-10-15
OPP00422,Prospecting,Qualification,2024-10-21
OPP00422,Qualification,Solution Design,2024-12-04
OPP00422,Solution Design,Proposal,2025-01-22
OPP00422,Proposal,Negotiation,2025-02-01
OPP00422,Negotiation,Closed Won,2025-03-26
OPP00423,,Prospecting,2024-10-15
OPP00423,Prospecting,Qualification,2024-10-19
OPP00423,Qualification,Solution Design,2024-10-28
OPP00423,Solution Design,Proposal,2024-10-29
OPP00423,Proposal,Closed Lost,2024-12-01
OPP00424,,Prospecting,2024-10-17
OPP00424,Prospecting,Qualification,2024-10-22
OPP00424,Qualification,Solution Design,2024-11-29
OPP00424,Solution Design,Proposal,2025-01-01
OPP00424,Proposal,Negotiation,2025-02-12
OPP00424,Negotiation,Closed Won,2025-06-27
OPP00425,,Prospecting,2024-10-17
OPP00425,Prospecting,Qualification,2024-10-20
OPP00425,Qualification,Solution Design,2024-10-31
OPP00425,Solution Design,Proposal,2024-11-29
OPP00425,Proposal,Closed Lost,2025-01-08
OPP00426,,Prospecting,2024-10-17
OPP00426,Prospecting,Qualification,2024-10-29
OPP00426,Qualification,Solution Design,2024-12-05
OPP00426,Solution Design,Proposal,2025-03-05
OPP00426,Proposal,Negotiation,2025-03-13
OPP00426,Negotiation,Closed Won,2025-03-26
OPP00427,,Prospecting,2024-10-19
OPP00427,Prospecting,Qualification,2024-10-21
OPP00427,Qualification,Solution Design,2024-10-29
OPP00427,Solution Design,Proposal,2024-11-02
OPP00427,Proposal,Closed Lost,2024-11-23
OPP00428,,Prospecting,2024-10-19
OPP00428,Prospecting,Qualification,2024-10-27
OPP00428,Qualification,Solution Design,2024-11-02
OPP00428,Solution Design,Proposal,2024-11-04
OPP00428,Proposal,Negotiation,2024-12-29
OPP00428,Negotiation,Closed Won,2025-03-11
OPP00429,,Prospecting,2024-10-20
OPP00429,Prospecting,Qualification,2024-10-30
OPP00429,Qualification,Solution Design,2024-11-01
OPP00429,Solution Design,Proposal,2024-11-03
OPP00429,Proposal,Closed Lost,2024-12-03
OPP00430,,Prospecting,2024-10-21
OPP00430,Prospecting,Qualification,2024-10-23
OPP00430,Qualification,Solution Design,2024-11-10
OPP00430,Solution Design,Proposal,2024-11-12
OPP00430,Proposal,Negotiation,2025-02-02
OPP00430,Negotiation,Closed Won,2025-03-28
OPP00431,,Prospecting,2024-10-22
OPP00431,Prospecting,Qualification,2024-12-14
OPP00431,Qualification,Solution Design,2024-12-17
OPP00431,Solution Design,Proposal,2024-12-20
OPP00431,Proposal,Closed Lost,2025-02-16
OPP00432,,Prospecting,2024-10-23
OPP00432,Prospecting,Qualification,2025-01-11
OPP00432,Qualification,Solution Design,2025-02-23
OPP00432,Solution Design,Closed Lost,2025-03-26
OPP00433,,Prospecting,2024-10-23
OPP00433,Prospecting,Qualification,2024-11-22
OPP00433,Qualification,Solution Design,2024-12-09
OPP00433,Solution Design,Proposal,2024-12-18
OPP00433,Proposal,Negotiation,2025-01-13
OPP00433,Negotiation,Closed Won,2025-01-29
OPP00434,,Prospecting,2024-10-24
OPP00434,Prospecting,Qualification,2024-11-30
OPP00434,Qualification,Solution Design,2024-12-16
OPP00434,Solution Design,Proposal,2025-01-11
OPP00434,Proposal,Closed Lost,2025-02-21
OPP00435,,Prospecting,2024-10-24
OPP00435,Prospecting,Qualification,2024-11-02
OPP00435,Qualification,Solution Design,2024-11-04
OPP00435,Solution Design,Closed Lost,2024-12-07
OPP00436,,Prospecting,2024-10-26
OPP00436,Prospecting,Qualification,2024-10-29
OPP00436,Qualification,Solution Design,2024-10-31
OPP00436,Solution Design,Closed Lost,2024-11-14
OPP00437,,Prospecting,2024-10-27
OPP00437,Prospecting,Qualification,2024-11-15
OPP00437,Qualification,Solution Design,2024-11-30
OPP00437,Solution Design,Proposal,2024-12-16
OPP00437,Proposal,Negotiation,2024-12-29
OPP00437,Negotiation,Closed Won,2025-02-28
OPP00438,,Prospecting,2024-10-28
OPP00438,Prospecting,Qualification,2024-12-07
OPP00438,Qualification,Solution Design,2025-03-05
OPP00438,Solution Design,Proposal,2025-03-06
OPP00438,Proposal,Closed Lost,2025-04-24
OPP00439,,Prospecting,2024-10-28
OPP00439,Prospecting,Qualification,2024-11-01
OPP00439,Qualification,Solution Design,2024-11-04
OPP00439,Solution Design,Proposal,2024-11-11
OPP00439,Proposal,Negotiation,2024-11-18
OPP00439,Negotiation,Closed Won,2024-11-27
OPP00440,,Prospecting,2024-10-28
OPP00440,Prospecting,Qualification,2024-11-03
OPP00440,Qualification,Solution Design,2024-11-06
OPP00440,Solution Design,Proposal,2024-11-12
OPP00440,Proposal,Closed Lost,2024-11-17
OPP00441,,Prospecting,2024-10-28
OPP00441,Prospecting,Qualification,2024-11-02
OPP00441,Qualification,Solution Design,2024-11-11
OPP00441,Solution Design,Proposal,2024-12-27
OPP00441,Proposal,Negotiation,2025-01-09
OPP00441,Negotiation,Closed Won,2025-03-02
OPP00442,,Prospecting,2024-10-28
OPP00442,Prospecting,Qualification,2024-11-01
OPP00442,Qualification,Solution Design,2024-11-22
OPP00442,Solution Design,Proposal,2024-11-24
OPP00442,Proposal,Closed Lost,2024-12-13
OPP00443,,Prospecting,2024-10-29
OPP00443,Prospecting,Qualification,2025-01-07
OPP00443,Qualification,Solution Design,2025-01-08
OPP00443,Solution Design,Proposal,2025-01-10
OPP00443,Proposal,Negotiation,2025-03-02
OPP00443,Negotiation,Closed Won,2025-03-25
OPP00444,,Prospecting,2024-10-30
OPP00444,Prospecting,Qualification,2024-11-03
OPP00444,Qualification,Solution Design,2024-11-11
OPP00444,Solution Design,Proposal,2024-11-13
OPP00444,Proposal,Negotiation,2024-11-14
OPP00444,Negotiation,Closed Lost,2024-11-21
OPP00445,,Prospecting,2024-10-30
OPP00445,Prospecting,Qualification,2024-11-03
OPP00445,Qualification,Solution Design,2024-11-29
OPP00445,Solution Design,Proposal,2025-01-02
OPP00445,Proposal,Negotiation,2025-01-11
OPP00445,Negotiation,Closed Won,2025-03-22
OPP00446,,Prospecting,2024-10-31
OPP00446,Prospecting,Qualification,2024-11-14
OPP00446,Qualification,Closed Lost,2024-12-14
OPP00447,,Prospecting,2024-10-31
OPP00447,Prospecting,Qualification,2025-01-02
OPP00447,Qualification,Solution Design,2025-02-12
OPP00447,Solution Design,Proposal,2025-02-14
OPP00447,Proposal,Negotiation,2025-03-19
OPP00447,Negotiation,Closed Won,2025-04-07
OPP00448,,Prospecting,2024-10-31
OPP00448,Prospecting,Qualification,2024-11-08
OPP00448,Qualification,Solution Design,2024-12-02
OPP00448,Solution Design,Proposal,2024-12-21
OPP00448,Proposal,Closed Lost,2025-04-28
OPP00449,,Prospecting,2024-11-01
OPP00449,Prospecting,Qualification,2024-11-13
OPP00449,Qualification,Solution Design,2024-12-10
OPP00449,Solution Design,Proposal,2024-12-29
OPP00449,Proposal,Negotiation,2025-02-08
OPP00449,Negotiation,Closed Won,2025-03-18
OPP00450,,Prospecting,2024-11-01
OPP00450,Prospecting,Qualification,2024-12-06
OPP00450,Qualification,Solution Design,2024-12-08
OPP00450,Solution Design,Proposal,2025-02-11
OPP00450,Proposal,Negotiation,2025-02-17
OPP00450,Negotiation,Closed Won,2025-03-30
OPP00451,,Prospecting,2024-11-02
OPP00451,Prospecting,Qualification,2024-12-14
OPP00451,Qualification,Solution Design,2024-12-30
OPP00451,Solution Design,Closed Lost,2025-05-17
OPP00452,,Prospecting,2024-11-02
OPP00452,Prospecting,Qualification,2024-11-05
OPP00452,Qualification,Solution Design,2024-12-02
OPP00452,Solution Design,Proposal,2024-12-18
OPP00452,Proposal,Closed Lost,2025-01-19
OPP00453,,Prospecting,2024-11-02
OPP00453,Prospecting,Qualification,2024-11-03
OPP00453,Qualification,Solution Design,2024-11-13
OPP00453,Solution Design,Proposal,2024-12-01
OPP00453,Proposal,Closed Lost,2024-12-18
OPP00454,,Prospecting,2024-11-03
OPP00454,Prospecting,Qualification,2024-12-08
OPP00454,Qualification,Solution Design,2025-01-15
OPP00454,Solution Design,Proposal,2025-01-31
OPP00454,Proposal,Closed Lost,2025-03-07
OPP00455,,Prospecting,2024-11-03
OPP00455,Prospecting,Qualification,2024-11-14
OPP00455,Qualification,Solution Design,2024-11-17
OPP00455,Solution Design,Proposal,2024-12-24
OPP00455,Proposal,Negotiation,2025-01-06
OPP00455,Negotiation,Closed Won,2025-03-28
OPP00456,,Prospecting,2024-11-03
OPP00456,Prospecting,Qualification,2024-11-14
OPP00456,Qualification,Closed Lost,2025-01-28
OPP00457,,Prospecting,2024-11-03
OPP00457,Prospecting,Qualification,2024-11-04
OPP00457,Qualification,Closed Lost,2024-12-05
OPP00458,,Prospecting,2024-11-04
OPP00458,Prospecting,Qualification,2025-02-08
OPP00458,Qualification,Solution Design,2025-06-13
OPP00458,Solution Design,Proposal,2025-07-23
OPP00458,Proposal,Closed Lost,2025-08-21
OPP00459,,Prospecting,2024-11-05
OPP00459,Prospecting,Qualification,2024-11-17
OPP00459,Qualification,Solution Design,2024-12-06
OPP00459,Solution Design,Proposal,2024-12-20
OPP00459,Proposal,Negotiation,2024-12-27
OPP00459,Negotiation,Closed Won,2025-02-01
OPP00460,,Prospecting,2024-11-07
OPP00460,Prospecting,Qualification,2024-12-01
OPP00460,Qualification,Solution Design,2024-12-09
OPP00460,Solution Design,Closed Lost,2025-02-14
OPP00461,,Prospecting,2024-11-07
OPP00461,Prospecting,Qualification,2024-11-11
OPP00461,Qualification,Solution Design,2024-12-08
OPP00461,Solution Design,Proposal,2024-12-12
OPP00461,Proposal,Negotiation,2025-01-13
OPP00461,Negotiation,Closed Lost,2025-07-18
OPP00462,,Prospecting,2024-11-08
OPP00462,Prospecting,Qualification,2024-11-18
OPP00462,Qualification,Solution Design,2025-02-25
OPP00462,Solution Design,Proposal,2025-03-02
OPP00462,Proposal,Negotiation,2025-03-13
OPP00462,Negotiation,Closed Won,2025-03-24
OPP00463,,Prospecting,2024-11-08
OPP00463,Prospecting,Qualification,2024-12-19
OPP00463,Qualification,Solution Design,2024-12-22
OPP00463,Solution Design,Proposal,2025-04-02
OPP00463,Proposal,Negotiation,2025-04-28
OPP00463,Negotiation,Closed Won,2025-05-08
OPP00464,,Prospecting,2024-11-09
OPP00464,Prospecting,Qualification,2024-11-18
OPP00464,Qualification,Solution Design,2024-11-21
OPP00464,Solution Design,Closed Lost,2025-03-13
OPP00465,,Prospecting,2024-11-09
OPP00465,Prospecting,Qualification,2024-12-07
OPP00465,Qualification,Solution Design,2024-12-15
OPP00465,Solution Design,Proposal,2024-12-26
OPP00465,Proposal,Closed Lost,2025-02-09
OPP00466,,Prospecting,2024-11-09
OPP00466,Prospecting,Qualification,2024-11-11
OPP00466,Qualification,Solution Design,2024-12-07
OPP00466,Solution Design,Proposal,2024-12-10
OPP00466,Proposal,Negotiation,2024-12-14
OPP00466,Negotiation,Closed Won,2025-02-21
OPP00467,,Prospecting,2024-11-10
OPP00467,Prospecting,Qualification,2024-11-13
OPP00467,Qualification,Solution Design,2024-11-19
OPP00467,Solution Design,Proposal,2024-11-28
OPP00467,Proposal,Closed Lost,2025-01-08
OPP00468,,Prospecting,2024-11-10
OPP00468,Prospecting,Qualification,2024-11-13
OPP00468,Qualification,Solution Design,2024-12-20
OPP00468,Solution Design,Proposal,2025-01-01
OPP00468,Proposal,Closed Lost,2025-03-04
OPP00469,,Prospecting,2024-11-11
OPP00469,Prospecting,Qualification,2024-12-13
OPP00469,Qualification,Solution Design,2025-01-17
OPP00469,Solution Design,Proposal,2025-01-29
OPP00469,Proposal,Closed Lost,2025-02-05
OPP00470,,Prospecting,2024-11-11
OPP00470,Prospecting,Qualification,2024-12-05
OPP00470,Qualification,Solution Design,2024-12-26
OPP00470,Solution Design,Proposal,2024-12-31
OPP00470,Proposal,Closed Lost,2025-05-09
OPP00471,,Prospecting,2024-11-11
OPP00471,Prospecting,Qualification,2024-11-18
OPP00471,Qualification,Solution Design,2024-11-22
OPP00471,Solution Design,Proposal,2024-11-24
OPP00471,Proposal,Negotiation,2025-03-13
OPP00471,Negotiation,Closed Won,2025-05-03
OPP00472,,Prospecting,2024-11-11
OPP00472,Prospecting,Qualification,2024-11-25
OPP00472,Qualification,Closed Lost,2025-04-21
OPP00473,,Prospecting,2024-11-11
OPP00473,Prospecting,Qualification,2024-11-17
OPP00473,Qualification,Solution Design,2024-12-16
OPP00473,Solution Design,Proposal,2024-12-27
OPP00473,Proposal,Negotiation,2024-12-30
OPP00473,Negotiation,Closed Won,2025-03-31
OPP00474,,Prospecting,2024-11-11
OPP00474,Prospecting,Qualification,2025-03-06
OPP00474,Qualification,Closed Lost,2025-05-23
OPP00475,,Prospecting,2024-11-12
OPP00475,Prospecting,Qualification,2024-12-10
OPP00475,Qualification,Solution Design,2024-12-27
OPP00475,Solution Design,Proposal,2025-01-21
OPP00475,Proposal,Closed Lost,2025-05-21
OPP00476,,Prospecting,2024-11-13
OPP00476,Prospecting,Qualification,2024-11-17
OPP00476,Qualification,Solution Design,2024-11-23
OPP00476,Solution Design,Proposal,2024-12-04
OPP00476,Proposal,Negotiation,2024-12-07
OPP00476,Negotiation,Closed Lost,2024-12-28
OPP00477,,Prospecting,2024-11-14
OPP00477,Prospecting,Qualification,2024-11-22
OPP00477,Qualification,Solution Design,2024-11-23
OPP00477,Solution Design,Proposal,2024-11-29
OPP00477,Proposal,Negotiation,2024-12-10
OPP00477,Negotiation,Closed Lost,2024-12-31
OPP00478,,Prospecting,2024-11-16
OPP00478,Prospecting,Qualification,2025-03-02
OPP00478,Qualification,Closed Lost,2025-05-28
OPP00479,,Prospecting,2024-11-16
OPP00479,Prospecting,Qualification,2024-11-29
OPP00479,Qualification,Solution Design,2024-12-01
OPP00479,Solution Design,Proposal,2024-12-07
OPP00479,Proposal,Negotiation,2024-12-08
OPP00479,Negotiation,Closed Won,2024-12-28
OPP00480,,Prospecting,2024-11-17
OPP00480,Prospecting,Qualification,2024-11-26
OPP00480,Qualification,Solution Design,2024-12-31
OPP00480,Solution Design,Proposal,2025-01-17
OPP00480,Proposal,Negotiation,2025-03-09
OPP00480,Negotiation,Closed Won,2025-03-22
OPP00481,,Prospecting,2024-11-17
OPP00481,Prospecting,Qualification,2024-12-07
OPP00481,Qualification,Solution Design,2025-02-28
OPP00481,Solution Design,Proposal,2025-03-15
OPP00481,Proposal,Negotiation,2025-03-25
OPP00481,Negotiation,Closed Won,2025-04-12
OPP00482,,Prospecting,2024-11-18
OPP00482,Prospecting,Qualification,2024-11-19
OPP00482,Qualification,Solution Design,2024-11-24
OPP00482,Solution Design,Proposal,2024-12-09
OPP00482,Proposal,Negotiation,2024-12-10
OPP00482,Negotiation,Closed Won,2024-12-29
OPP00483,,Prospecting,2024-11-18
OPP00483,Prospecting,Qualification,2024-11-27
OPP00483,Qualification,Solution Design,2025-02-05
OPP00483,Solution Design,Proposal,2025-02-11
OPP00483,Proposal,Negotiation,2025-03-29
OPP00483,Negotiation,Closed Won,2025-06-18
OPP00484,,Prospecting,2024-11-19
OPP00484,Prospecting,Qualification,2024-11-29
OPP00484,Qualification,Solution Design,2024-12-01
OPP00484,Solution Design,Proposal,2024-12-04
OPP00484,Proposal,Negotiation,2024-12-07
OPP00484,Negotiation,Closed Lost,2024-12-17
OPP00485,,Prospecting,2024-11-19
OPP00485,Prospecting,Qualification,2024-12-05
OPP00485,Qualification,Solution Design,2025-01-08
OPP00485,Solution Design,Proposal,2025-02-28
OPP00485,Proposal,Closed Lost,2025-03-16
OPP00486,,Prospecting,2024-11-20
OPP00486,Prospecting,Qualification,2024-12-13
OPP00486,Qualification,Closed Lost,2025-01-08
OPP00487,,Prospecting,2024-11-22
OPP00487,Prospecting,Qualification,2024-12-07
OPP00487,Qualification,Closed Lost,2024-12-23
OPP00488,,Prospecting,2024-11-22
OPP00488,Prospecting,Qualification,2024-12-06
OPP00488,Qualification,Solution Design,2024-12-11
OPP00488,Solution Design,Proposal,2024-12-20
OPP00488,Proposal,Negotiation,2025-01-21
OPP00488,Negotiation,Closed Won,2025-03-28
OPP00489,,Prospecting,2024-11-23
OPP00489,Prospecting,Qualification,2024-12-01
OPP00489,Qualification,Solution Design,2025-01-05
OPP00489,Solution Design,Closed Lost,2025-04-10
OPP00490,,Prospecting,2024-11-25
OPP00490,Prospecting,Qualification,2024-12-10
OPP00490,Qualification,Solution Design,2024-12-25
OPP00490,Solution Design,Proposal,2024-12-28
OPP00490,Proposal,Negotiation,2025-01-03
OPP00490,Negotiation,Closed Lost,2025-02-20
OPP00491,,Prospecting,2024-11-25
OPP00491,Prospecting,Qualification,2024-12-31
OPP00491,Qualification,Solution Design,2025-01-08
OPP00491,Solution Design,Proposal,2025-01-30
OPP00491,Proposal,Negotiation,2025-02-07
OPP00491,Negotiation,Closed Lost,2025-04-23
OPP00492,,Prospecting,2024-11-26
OPP00492,Prospecting,Qualification,2024-12-09
OPP00492,Qualification,Solution Design,2025-02-08
OPP00492,Solution Design,Closed Lost,2025-03-10
OPP00493,,Prospecting,2024-11-26
OPP00493,Prospecting,Qualification,2024-12-20
OPP00493,Qualification,Solution Design,2025-01-09
OPP00493,Solution Design,Proposal,2025-01-30
OPP00493,Proposal,Negotiation,2025-02-03
OPP00493,Negotiation,Closed Won,2025-02-19
OPP00494,,Prospecting,2024-11-26
OPP00494,Prospecting,Qualification,2024-12-17
OPP00494,Qualification,Solution Design,2024-12-26
OPP00494,Solution Design,Proposal,2025-01-31
OPP00494,Proposal,Negotiation,2025-03-03
OPP00494,Negotiation,Closed Won,2025-03-20
OPP00495,,Prospecting,2024-11-26
OPP00495,Prospecting,Qualification,2024-12-06
OPP00495,Qualification,Solution Design,2024-12-10
OPP00495,Solution Design,Proposal,2024-12-21
OPP00495,Proposal,Negotiation,2025-02-07
OPP00495,Negotiation,Closed Won,2025-05-17
OPP00496,,Prospecting,2024-11-26
OPP00496,Prospecting,Qualification,2025-01-06
OPP00496,Qualification,Solution Design,2025-01-13
OPP00496,Solution Design,Proposal,2025-02-26
OPP00496,Proposal,Negotiation,2025-05-31
OPP00496,Negotiation,Closed Won,2025-09-26
OPP00497,,Prospecting,2024-11-27
OPP00497,Prospecting,Qualification,2024-12-05
OPP00497,Qualification,Solution Design,2024-12-28
OPP00497,Solution Design,Proposal,2025-01-18
OPP00497,Proposal,Negotiation,2025-02-21
OPP00497,Negotiation,Closed Won,2025-03-29
OPP00498,,Prospecting,2024-11-28
OPP00498,Prospecting,Qualification,2024-12-07
OPP00498,Qualification,Solution Design,2024-12-15
OPP00498,Solution Design,Proposal,2025-04-07
OPP00498,Proposal,Negotiation,2025-04-23
OPP00498,Negotiation,Closed Won,2025-06-21
OPP00499,,Prospecting,2024-11-29
OPP00499,Prospecting,Qualification,2024-12-13
OPP00499,Qualification,Solution Design,2025-03-26
OPP00499,Solution Design,Closed Lost,2025-06-07
OPP00500,,Prospecting,2024-11-29
OPP00500,Prospecting,Qualification,2024-12-09
OPP00500,Qualification,Solution Design,2025-01-17
OPP00500,Solution Design,Proposal,2025-02-03
OPP00500,Proposal,Negotiation,2025-03-02
OPP00500,Negotiation,Closed Won,2025-03-18
OPP00501,,Prospecting,2024-11-29
OPP00501,Prospecting,Qualification,2025-01-10
OPP00501,Qualification,Solution Design,2025-01-17
OPP00501,Solution Design,Proposal,2025-01-24
OPP00501,Proposal,Negotiation,2025-02-01
OPP00501,Negotiation,Closed Won,2025-04-29
OPP00502,,Prospecting,2024-11-30
OPP00502,Prospecting,Qualification,2024-12-05
OPP00502,Qualification,Solution Design,2024-12-24
OPP00502,Solution Design,Proposal,2025-01-19
OPP00502,Proposal,Closed Lost,2025-04-02
OPP00503,,Prospecting,2024-11-30
OPP00503,Prospecting,Qualification,2024-12-12
OPP00503,Qualification,Solution Design,2025-01-01
OPP00503,Solution Design,Proposal,2025-01-25
OPP00503,Proposal,Negotiation,2025-01-28
OPP00503,Negotiation,Closed Won,2025-02-20
OPP00504,,Prospecting,2024-11-30
OPP00504,Prospecting,Qualification,2024-12-01
OPP00504,Qualification,Solution Design,2024-12-07
OPP00504,Solution Design,Proposal,2025-01-25
OPP00504,Proposal,Closed Lost,2025-03-10
OPP00505,,Prospecting,2024-12-01
OPP00505,Prospecting,Qualification,2024-12-21
OPP00505,Qualification,Solution Design,2025-01-02
OPP00505,Solution Design,Proposal,2025-03-06
OPP00505,Proposal,Negotiation,2025-03-18
OPP00505,Negotiation,Closed Won,2025-03-25
OPP00506,,Prospecting,2024-12-02
OPP00506,Prospecting,Qualification,2025-01-16
OPP00506,Qualification,Closed Lost,2025-05-28
OPP00507,,Prospecting,2024-12-02
OPP00507,Prospecting,Qualification,2025-02-10
OPP00507,Qualification,Closed Lost,2025-04-29
OPP00508,,Prospecting,2024-12-03
OPP00508,Prospecting,Qualification,2025-03-14
OPP00508,Qualification,Solution Design,2025-04-24
OPP00508,Solution Design,Proposal,2025-08-12
OPP00508,Proposal,Negotiation,2025-08-13
OPP00508,Negotiation,Closed Won,2025-10-07
OPP00509,,Prospecting,2024-12-03
OPP00509,Prospecting,Qualification,2024-12-24
OPP00509,Qualification,Solution Design,2025-01-09
OPP00509,Solution Design,Proposal,2025-01-30
OPP00509,Proposal,Negotiation,2025-02-01
OPP00509,Negotiation,Closed Won,2025-03-23
OPP00510,,Prospecting,2024-12-03
OPP00510,Prospecting,Qualification,2024-12-05
OPP00510,Qualification,Solution Design,2025-02-21
OPP00510,Solution Design,Closed Lost,2025-04-14
OPP00511,,Prospecting,2024-12-04
OPP00511,Prospecting,Qualification,2024-12-18
OPP00511,Qualification,Solution Design,2024-12-27
OPP00511,Solution Design,Proposal,2025-01-02
OPP00511,Proposal,Negotiation,2025-03-07
OPP00511,Negotiation,Closed Won,2025-06-21
OPP00512,,Prospecting,2024-12-04
OPP00512,Prospecting,Qualification,2024-12-14
OPP00512,Qualification,Solution Design,2024-12-15
OPP00512,Solution Design,Proposal,2024-12-25
OPP00512,Proposal,Negotiation,2025-01-18
OPP00512,Negotiation,Closed Won,2025-01-26
OPP00513,,Prospecting,2024-12-04
OPP00513,Prospecting,Qualification,2024-12-09
OPP00513,Qualification,Solution Design,2025-01-10
OPP00513,Solution Design,Closed Lost,2025-03-11
OPP00514,,Prospecting,2024-12-04
OPP00514,Prospecting,Qualification,2025-01-04
OPP00514,Qualification,Solution Design,2025-01-10
OPP00514,Solution Design,Proposal,2025-01-13
OPP00514,Proposal,Closed Lost,2025-03-03
OPP00515,,Prospecting,2024-12-04
OPP00515,Prospecting,Qualification,2024-12-12
OPP00515,Qualification,Solution Design,2024-12-13
OPP00515,Solution Design,Closed Lost,2025-01-01
OPP00516,,Prospecting,2024-12-05
OPP00516,Prospecting,Qualification,2024-12-08
OPP00516,Qualification,Closed Lost,2025-02-14
OPP00517,,Prospecting,2024-12-06
OPP00517,Prospecting,Qualification,2024-12-30
OPP00517,Qualification,Solution Design,2025-01-03
OPP00517,Solution Design,Proposal,2025-01-09
OPP00517,Proposal,Negotiation,2025-01-11
OPP00517,Negotiation,Closed Won,2025-02-16
OPP00518,,Prospecting,2024-12-07
OPP00518,Prospecting,Qualification,2024-12-11
OPP00518,Qualification,Solution Design,2024-12-16
OPP00518,Solution Design,Proposal,2024-12-23
OPP00518,Proposal,Negotiation,2024-12-26
OPP00518,Negotiation,Closed Won,2025-01-25
OPP00519,,Prospecting,2024-12-09
OPP00519,Prospecting,Qualification,2024-12-28
OPP00519,Qualification,Solution Design,2025-01-20
OPP00519,Solution Design,Proposal,2025-02-06
OPP00519,Proposal,Negotiation,2025-02-27
OPP00519,Negotiation,Closed Won,2025-03-30
OPP00520,,Prospecting,2024-12-09
OPP00520,Prospecting,Qualification,2024-12-25
OPP00520,Qualification,Solution Design,2024-12-26
OPP00520,Solution Design,Closed Lost,2025-02-20
OPP00521,,Prospecting,2024-12-10
OPP00521,Prospecting,Qualification,2024-12-12
OPP00521,Qualification,Solution Design,2024-12-20
OPP00521,Solution Design,Proposal,2025-01-06
OPP00521,Proposal,Negotiation,2025-03-25
OPP00521,Negotiation,Closed Lost,2025-05-12
OPP00522,,Prospecting,2024-12-10
OPP00522,Prospecting,Qualification,2025-01-12
OPP00522,Qualification,Solution Design,2025-02-11
OPP00522,Solution Design,Proposal,2025-02-13
OPP00522,Proposal,Negotiation,2025-02-21
OPP00522,Negotiation,Closed Won,2025-04-24
OPP00523,,Prospecting,2024-12-10
OPP00523,Prospecting,Qualification,2024-12-21
OPP00523,Qualification,Solution Design,2025-01-05
OPP00523,Solution Design,Proposal,2025-01-22
OPP00523,Proposal,Negotiation,2025-02-02
OPP00523,Negotiation,Closed Won,2025-03-31
OPP00524,,Prospecting,2024-12-11
OPP00524,Prospecting,Qualification,2024-12-21
OPP00524,Qualification,Solution Design,2024-12-28
OPP00524,Solution Design,Closed Lost,2025-02-22
OPP00525,,Prospecting,2024-12-12
OPP00525,Prospecting,Qualification,2025-01-06
OPP00525,Qualification,Solution Design,2025-01-13
OPP00525,Solution Design,Proposal,2025-03-15
OPP00525,Proposal,Negotiation,2025-04-06
OPP00525,Negotiation,Closed Won,2025-05-11
OPP00526,,Prospecting,2024-12-12
OPP00526,Prospecting,Qualification,2024-12-19
OPP00526,Qualification,Solution Design,2025-01-14
OPP00526,Solution Design,Proposal,2025-02-22
OPP00526,Proposal,Negotiation,2025-02-26
OPP00526,Negotiation,Closed Won,2025-04-07
OPP00527,,Prospecting,2024-12-13
OPP00527,Prospecting,Qualification,2024-12-27
OPP00527,Qualification,Solution Design,2025-01-07
OPP00527,Solution Design,Proposal,2025-01-12
OPP00527,Proposal,Negotiation,2025-01-21
OPP00527,Negotiation,Closed Won,2025-02-01
OPP00528,,Prospecting,2024-12-13
OPP00528,Prospecting,Qualification,2024-12-28
OPP00528,Qualification,Solution Design,2025-01-16
OPP00528,Solution Design,Proposal,2025-01-21
OPP00528,Proposal,Negotiation,2025-01-22
OPP00528,Negotiation,Closed Won,2025-02-11
OPP00529,,Prospecting,2024-12-14
OPP00529,Prospecting,Qualification,2024-12-18
OPP00529,Qualification,Solution Design,2025-01-02
OPP00529,Solution Design,Proposal,2025-01-12
OPP00529,Proposal,Negotiation,2025-01-15
OPP00529,Negotiation,Closed Lost,2025-03-06
OPP00530,,Prospecting,2024-12-14
OPP00530,Prospecting,Qualification,2024-12-17
OPP00530,Qualification,Solution Design,2024-12-20
OPP00530,Solution Design,Proposal,2024-12-25
OPP00530,Proposal,Negotiation,2024-12-31
OPP00530,Negotiation,Closed Won,2025-01-08
OPP00531,,Prospecting,2024-12-15
OPP00531,Prospecting,Qualification,2024-12-25
OPP00531,Qualification,Solution Design,2024-12-29
OPP00531,Solution Design,Proposal,2025-01-08
OPP00531,Proposal,Negotiation,2025-01-13
OPP00531,Negotiation,Closed Won,2025-03-30
OPP00532,,Prospecting,2024-12-15
OPP00532,Prospecting,Qualification,2025-01-17
OPP00532,Qualification,Solution Design,2025-03-01
OPP00532,Solution Design,Closed Lost,2025-05-18
OPP00533,,Prospecting,2024-12-15
OPP00533,Prospecting,Qualification,2024-12-21
OPP00533,Qualification,Solution Design,2025-01-14
OPP00533,Solution Design,Closed Lost,2025-01-24
OPP00534,,Prospecting,2024-12-15
OPP00534,Prospecting,Qualification,2024-12-24
OPP00534,Qualification,Closed Lost,2025-03-13
OPP00535,,Prospecting,2024-12-17
OPP00535,Prospecting,Qualification,2024-12-19
OPP00535,Qualification,Solution Design,2024-12-24
OPP00535,Solution Design,Proposal,2025-01-01
OPP00535,Proposal,Negotiation,2025-01-07
OPP00535,Negotiation,Closed Won,2025-01-18
OPP00536,,Prospecting,2024-12-18
OPP00536,Prospecting,Qualification,2024-12-31
OPP00536,Qualification,Solution Design,2025-02-06
OPP00536,Solution Design,Closed Lost,2025-06-11
OPP00537,,Prospecting,2024-12-19
OPP00537,Prospecting,Qualification,2024-12-25
OPP00537,Qualification,Closed Lost,2025-02-17
OPP00538,,Prospecting,2024-12-19
OPP00538,Prospecting,Qualification,2025-02-25
OPP00538,Qualification,Closed Lost,2025-07-08
OPP00539,,Prospecting,2024-12-19
OPP00539,Prospecting,Qualification,2024-12-24
OPP00539,Qualification,Solution Design,2024-12-25
OPP00539,Solution Design,Closed Lost,2025-02-21
OPP00540,,Prospecting,2024-12-19
OPP00540,Prospecting,Qualification,2024-12-24
OPP00540,Qualification,Solution Design,2025-01-22
OPP00540,Solution Design,Proposal,2025-01-26
OPP00540,Proposal,Negotiation,2025-02-01
OPP00540,Negotiation,Closed Won,2025-03-25
OPP00541,,Prospecting,2024-12-20
OPP00541,Prospecting,Qualification,2024-12-22
OPP00541,Qualification,Solution Design,2025-01-14
OPP00541,Solution Design,Proposal,2025-01-29
OPP00541,Proposal,Negotiation,2025-01-30
OPP00541,Negotiation,Closed Won,2025-03-04
OPP00542,,Prospecting,2024-12-20
OPP00542,Prospecting,Qualification,2025-03-05
OPP00542,Qualification,Solution Design,2025-04-10
OPP00542,Solution Design,Proposal,2025-04-26
OPP00542,Proposal,Closed Lost,2025-06-09
OPP00543,,Prospecting,2024-12-21
OPP00543,Prospecting,Qualification,2024-12-22
OPP00543,Qualification,Solution Design,2025-01-21
OPP00543,Solution Design,Closed Lost,2025-02-04
OPP00544,,Prospecting,2024-12-23
OPP00544,Prospecting,Qualification,2024-12-27
OPP00544,Qualification,Solution Design,2024-12-29
OPP00544,Solution Design,Closed Lost,2025-01-21
OPP00545,,Prospecting,2024-12-23
OPP00545,Prospecting,Qualification,2025-01-10
OPP00545,Qualification,Solution Design,2025-01-24
OPP00545,Solution Design,Closed Lost,2025-03-07
OPP00546,,Prospecting,2024-12-24
OPP00546,Prospecting,Qualification,2025-02-07
OPP00546,Qualification,Solution Design,2025-02-13
OPP00546,Solution Design,Closed Lost,2025-06-09
OPP00547,,Prospecting,2024-12-25
OPP00547,Prospecting,Qualification,2025-01-19
OPP00547,Qualification,Solution Design,2025-04-03
OPP00547,Solution Design,Proposal,2025-04-09
OPP00547,Proposal,Negotiation,2025-04-12
OPP00547,Negotiation,Closed Won,2025-12-22
OPP00548,,Prospecting,2024-12-25
OPP00548,Prospecting,Qualification,2025-02-10
OPP00548,Qualification,Solution Design,2025-02-22
OPP00548,Solution Design,Proposal,2025-02-26
OPP00548,Proposal,Negotiation,2025-05-26
OPP00548,Negotiation,Closed Won,2025-07-15
OPP00549,,Prospecting,2024-12-26
OPP00549,Prospecting,Qualification,2024-12-27
OPP00549,Qualification,Solution Design,2025-01-04
OPP00549,Solution Design,Proposal,2025-01-10
OPP00549,Proposal,Negotiation,2025-02-01
OPP00549,Negotiation,Closed Won,2025-03-30
OPP00550,,Prospecting,2024-12-27
OPP00550,Prospecting,Qualification,2024-12-28
OPP00550,Qualification,Solution Design,2025-01-02
OPP00550,Solution Design,Proposal,2025-01-03
OPP00550,Proposal,Negotiation,2025-01-10
OPP00550,Negotiation,Closed Won,2025-01-18
OPP00551,,Prospecting,2024-12-27
OPP00551,Prospecting,Qualification,2025-01-22
OPP00551,Qualification,Closed Lost,2025-02-02
OPP00552,,Prospecting,2024-12-27
OPP00552,Prospecting,Qualification,2025-01-02
OPP00552,Qualification,Solution Design,2025-01-19
OPP00552,Solution Design,Proposal,2025-02-09
OPP00552,Proposal,Negotiation,2025-02-20
OPP00552,Negotiation,Closed Won,2025-03-21
OPP00553,,Prospecting,2024-12-27
OPP00553,Prospecting,Qualification,2025-01-02
OPP00553,Qualification,Closed Lost,2025-02-20
OPP00554,,Prospecting,2024-12-29
OPP00554,Prospecting,Qualification,2025-01-05
OPP00554,Qualification,Solution Design,2025-01-09
OPP00554,Solution Design,Proposal,2025-01-10
OPP00554,Proposal,Negotiation,2025-01-11
OPP00554,Negotiation,Closed Lost,2025-03-07
OPP00555,,Prospecting,2024-12-29
OPP00555,Prospecting,Qualification,2025-01-01
OPP00555,Qualification,Solution Design,2025-02-17
OPP00555,Solution Design,Proposal,2025-02-28
OPP00555,Proposal,Negotiation,2025-03-06
OPP00555,Negotiation,Closed Won,2025-03-30
OPP00556,,Prospecting,2024-12-31
OPP00556,Prospecting,Qualification,2025-01-01
OPP00556,Qualification,Solution Design,2025-02-20
OPP00556,Solution Design,Proposal,2025-03-17
OPP00556,Proposal,Negotiation,2025-05-03
OPP00556,Negotiation,Closed Won,2025-06-19
OPP00557,,Prospecting,2024-12-31
OPP00557,Prospecting,Qualification,2025-01-28
OPP00557,Qualification,Solution Design,2025-02-20
OPP00557,Solution Design,Proposal,2025-04-09
OPP00557,Proposal,Negotiation,2025-05-05
OPP00557,Negotiation,Closed Won,2025-06-24
OPP00558,,Prospecting,2025-01-02
OPP00558,Prospecting,Qualification,2025-01-08
OPP00558,Qualification,Solution Design,2025-01-17
OPP00558,Solution Design,Proposal,2025-02-14
OPP00558,Proposal,Negotiation,2025-04-14
OPP00558,Negotiation,Closed Lost,2025-06-07
OPP00559,,Prospecting,2025-01-04
OPP00559,Prospecting,Qualification,2025-01-08
OPP00559,Qualification,Solution Design,2025-01-22
OPP00559,Solution Design,Proposal,2025-01-27
OPP00559,Proposal,Negotiation,2025-01-31
OPP00559,Negotiation,Closed Won,2025-03-06
OPP00560,,Prospecting,2025-01-04
OPP00560,Prospecting,Qualification,2025-01-14
OPP00560,Qualification,Solution Design,2025-02-11
OPP00560,Solution Design,Proposal,2025-03-15
OPP00560,Proposal,Negotiation,2025-06-26
OPP00560,Negotiation,Closed Won,2025-10-04
OPP00561,,Prospecting,2025-01-05
OPP00561,Prospecting,Qualification,2025-01-21
OPP00561,Qualification,Solution Design,2025-02-22
OPP00561,Solution Design,Closed Lost,2025-05-22
OPP00562,,Prospecting,2025-01-06
OPP00562,Prospecting,Qualification,2025-01-14
OPP00562,Qualification,Solution Design,2025-01-23
OPP00562,Solution Design,Proposal,2025-04-12
OPP00562,Proposal,Negotiation,2025-05-06
OPP00562,Negotiation,Closed Won,2025-06-08
OPP00563,,Prospecting,2025-01-06
OPP00563,Prospecting,Qualification,2025-01-23
OPP00563,Qualification,Solution Design,2025-01-29
OPP00563,Solution Design,Proposal,2025-01-30
OPP00563,Proposal,Negotiation,2025-02-05
OPP00563,Negotiation,Closed Won,2025-03-23
OPP00564,,Prospecting,2025-01-06
OPP00564,Prospecting,Qualification,2025-02-21
OPP00564,Qualification,Solution Design,2025-03-03
OPP00564,Solution Design,Proposal,2025-03-23
OPP00564,Proposal,Closed Lost,2025-04-21
OPP00565,,Prospecting,2025-01-07
OPP00565,Prospecting,Qualification,2025-02-05
OPP00565,Qualification,Solution Design,2025-02-08
OPP00565,Solution Design,Proposal,2025-02-12
OPP00565,Proposal,Negotiation,2025-03-01
OPP00565,Negotiation,Closed Won,2025-03-05
OPP00566,,Prospecting,2025-01-07
OPP00566,Prospecting,Qualification,2025-01-18
OPP00566,Qualification,Solution Design,2025-01-31
OPP00566,Solution Design,Proposal,2025-02-16
OPP00566,Proposal,Negotiation,2025-04-15
OPP00566,Negotiation,Closed Lost,2025-05-07
OPP00567,,Prospecting,2025-01-08
OPP00567,Prospecting,Qualification,2025-02-21
OPP00567,Qualification,Solution Design,2025-02-24
OPP00567,Solution Design,Closed Lost,2025-03-26
OPP00568,,Prospecting,2025-01-08
OPP00568,Prospecting,Qualification,2025-01-09
OPP00568,Qualification,Solution Design,2025-01-26
OPP00568,Solution Design,Proposal,2025-02-05
OPP00568,Proposal,Negotiation,2025-02-07
OPP00568,Negotiation,Closed Won,2025-03-13
OPP00569,,Prospecting,2025-01-09
OPP00569,Prospecting,Qualification,2025-01-26
OPP00569,Qualification,Closed Lost,2025-08-14
OPP00570,,Prospecting,2025-01-10
OPP00570,Prospecting,Qualification,2025-01-28
OPP00570,Qualification,Solution Design,2025-02-02
OPP00570,Solution Design,Proposal,2025-02-13
OPP00570,Proposal,Negotiation,2025-03-08
OPP00570,Negotiation,Closed Won,2025-06-22
OPP00571,,Prospecting,2025-01-12
OPP00571,Prospecting,Qualification,2025-02-07
OPP00571,Qualification,Solution Design,2025-04-28
OPP00571,Solution Design,Proposal,2025-05-09
OPP00571,Proposal,Negotiation,2025-06-25
OPP00571,Negotiation,Closed Won,2025-06-29
OPP00572,,Prospecting,2025-01-12
OPP00572,Prospecting,Qualification,2025-01-19
OPP00572,Qualification,Solution Design,2025-01-31
OPP00572,Solution Design,Proposal,2025-02-06
OPP00572,Proposal,Negotiation,2025-03-23
OPP00572,Negotiation,Closed Won,2025-04-03
OPP00573,,Prospecting,2025-01-12
OPP00573,Prospecting,Qualification,2025-02-12
OPP00573,Qualification,Solution Design,2025-05-05
OPP00573,Solution Design,Closed Lost,2025-08-14
OPP00574,,Prospecting,2025-01-12
OPP00574,Prospecting,Qualification,2025-02-11
OPP00574,Qualification,Solution Design,2025-06-25
OPP00574,Solution Design,Proposal,2025-09-10
OPP00574,Proposal,Closed Lost,2025-10-29
OPP00575,,Prospecting,2025-01-13
OPP00575,Prospecting,Qualification,2025-01-29
OPP00575,Qualification,Solution Design,2025-02-16
OPP00575,Solution Design,Closed Lost,2025-03-17
OPP00576,,Prospecting,2025-01-14
OPP00576,Prospecting,Qualification,2025-07-01
OPP00576,Qualification,Solution Design,2025-07-14
OPP00576,Solution Design,Proposal,2025-09-08
OPP00576,Proposal,Negotiation,2025-12-03
OPP00576,Negotiation,Closed Won,2026-02-17
OPP00577,,Prospecting,2025-01-15
OPP00577,Prospecting,Qualification,2025-02-04
OPP00577,Qualification,Solution Design,2025-02-19
OPP00577,Solution Design,Proposal,2025-02-23
OPP00577,Proposal,Negotiation,2025-03-09
OPP00577,Negotiation,Closed Won,2025-04-06
OPP00578,,Prospecting,2025-01-15
OPP00578,Prospecting,Qualification,2025-01-16
OPP00578,Qualification,Solution Design,2025-01-19
OPP00578,Solution Design,Proposal,2025-01-25
OPP00578,Proposal,Closed Lost,2025-02-05
OPP00579,,Prospecting,2025-01-16
OPP00579,Prospecting,Qualification,2025-02-14
OPP00579,Qualification,Solution Design,2025-08-11
OPP00579,Solution Design,Proposal,2025-08-19
OPP00579,Proposal,Negotiation,2025-09-03
OPP00579,Negotiation,Closed Lost,2026-05-08
OPP00580,,Prospecting,2025-01-17
OPP00580,Prospecting,Qualification,2025-02-18
OPP00580,Qualification,Solution Design,2025-02-21
OPP00580,Solution Design,Closed Lost,2025-03-13
OPP00581,,Prospecting,2025-01-17
OPP00581,Prospecting,Qualification,2025-01-21
OPP00581,Qualification,Solution Design,2025-02-09
OPP00581,Solution Design,Proposal,2025-02-17
OPP00581,Proposal,Negotiation,2025-03-29
OPP00581,Negotiation,Closed Lost,2025-04-18
OPP00582,,Prospecting,2025-01-18
OPP00582,Prospecting,Qualification,2025-01-24
OPP00582,Qualification,Closed Lost,2025-03-15
OPP00583,,Prospecting,2025-01-18
OPP00583,Prospecting,Qualification,2025-03-07
OPP00583,Qualification,Solution Design,2025-09-05
OPP00583,Solution Design,Proposal,2025-10-06
OPP00583,Proposal,Negotiation,2025-11-05
OPP00583,Negotiation,Closed Won,2025-12-22
OPP00584,,Prospecting,2025-01-18
OPP00584,Prospecting,Qualification,2025-03-25
OPP00584,Qualification,Solution Design,2025-04-21
OPP00584,Solution Design,Proposal,2025-08-20
OPP00584,Proposal,Negotiation,2025-09-06
OPP00584,Negotiation,Closed Won,2025-10-20
OPP00585,,Prospecting,2025-01-19
OPP00585,Prospecting,Qualification,2025-01-21
OPP00585,Qualification,Solution Design,2025-01-23
OPP00585,Solution Design,Proposal,2025-01-31
OPP00585,Proposal,Negotiation,2025-02-07
OPP00585,Negotiation,Closed Lost,2025-02-22
OPP00586,,Prospecting,2025-01-19
OPP00586,Prospecting,Qualification,2025-01-20
OPP00586,Qualification,Solution Design,2025-02-09
OPP00586,Solution Design,Proposal,2025-03-14
OPP00586,Proposal,Negotiation,2025-03-20
OPP00586,Negotiation,Closed Won,2025-04-18
OPP00587,,Prospecting,2025-01-20
OPP00587,Prospecting,Qualification,2025-01-29
OPP00587,Qualification,Solution Design,2025-03-05
OPP00587,Solution Design,Proposal,2025-03-24
OPP00587,Proposal,Negotiation,2025-04-11
OPP00587,Negotiation,Closed Won,2025-06-10
OPP00588,,Prospecting,2025-01-20
OPP00588,Prospecting,Qualification,2025-04-03
OPP00588,Qualification,Solution Design,2025-05-15
OPP00588,Solution Design,Closed Lost,2025-07-20
OPP00589,,Prospecting,2025-01-20
OPP00589,Prospecting,Qualification,2025-01-21
OPP00589,Qualification,Solution Design,2025-01-23
OPP00589,Solution Design,Proposal,2025-02-06
OPP00589,Proposal,Closed Lost,2025-05-10
OPP00590,,Prospecting,2025-01-20
OPP00590,Prospecting,Qualification,2025-04-06
OPP00590,Qualification,Solution Design,2025-05-16
OPP00590,Solution Design,Proposal,2025-08-29
OPP00590,Proposal,Negotiation,2025-09-09
OPP00590,Negotiation,Closed Won,2025-09-24
OPP00591,,Prospecting,2025-01-20
OPP00591,Prospecting,Qualification,2025-02-01
OPP00591,Qualification,Solution Design,2025-04-08
OPP00591,Solution Design,Proposal,2025-04-23
OPP00591,Proposal,Negotiation,2025-05-03
OPP00591,Negotiation,Closed Won,2025-07-06
OPP00592,,Prospecting,2025-01-21
OPP00592,Prospecting,Qualification,2025-02-27
OPP00592,Qualification,Solution Design,2025-03-03
OPP00592,Solution Design,Closed Lost,2025-05-18
OPP00593,,Prospecting,2025-01-22
OPP00593,Prospecting,Qualification,2025-01-26
OPP00593,Qualification,Solution Design,2025-02-27
OPP00593,Solution Design,Proposal,2025-05-25
OPP00593,Proposal,Closed Lost,2025-07-10
OPP00594,,Prospecting,2025-01-22
OPP00594,Prospecting,Qualification,2025-01-24
OPP00594,Qualification,Solution Design,2025-02-14
OPP00594,Solution Design,Proposal,2025-02-17
OPP00594,Proposal,Negotiation,2025-03-05
OPP00594,Negotiation,Closed Won,2025-06-26
OPP00595,,Prospecting,2025-01-22
OPP00595,Prospecting,Qualification,2025-02-19
OPP00595,Qualification,Solution Design,2025-05-03
OPP00595,Solution Design,Proposal,2025-05-15
OPP00595,Proposal,Negotiation,2025-05-28
OPP00595,Negotiation,Closed Won,2025-07-24
OPP00596,,Prospecting,2025-01-23
OPP00596,Prospecting,Qualification,2025-04-21
OPP00596,Qualification,Solution Design,2025-05-01
OPP00596,Solution Design,Closed Lost,2025-06-07
OPP00597,,Prospecting,2025-01-23
OPP00597,Prospecting,Qualification,2025-02-17
OPP00597,Qualification,Solution Design,2025-02-27
OPP00597,Solution Design,Proposal,2025-03-12
OPP00597,Proposal,Closed Lost,2025-05-27
OPP00598,,Prospecting,2025-01-24
OPP00598,Prospecting,Qualification,2025-01-28
OPP00598,Qualification,Solution Design,2025-02-04
OPP00598,Solution Design,Closed Lost,2025-03-01
OPP00599,,Prospecting,2025-01-25
OPP00599,Prospecting,Qualification,2025-02-23
OPP00599,Qualification,Solution Design,2025-03-06
OPP00599,Solution Design,Proposal,2025-03-09
OPP00599,Proposal,Negotiation,2025-04-09
OPP00599,Negotiation,Closed Won,2025-04-20
OPP00600,,Prospecting,2025-01-25
OPP00600,Prospecting,Qualification,2025-01-28
OPP00600,Qualification,Solution Design,2025-01-31
OPP00600,Solution Design,Proposal,2025-02-14
OPP00600,Proposal,Negotiation,2025-02-17
OPP00600,Negotiation,Closed Won,2025-03-23
OPP00601,,Prospecting,2025-01-26
OPP00601,Prospecting,Qualification,2025-01-27
OPP00601,Qualification,Solution Design,2025-02-14
OPP00601,Solution Design,Proposal,2025-02-22
OPP00601,Proposal,Closed Lost,2025-03-10
OPP00602,,Prospecting,2025-01-26
OPP00602,Prospecting,Qualification,2025-01-29
OPP00602,Qualification,Solution Design,2025-02-11
OPP00602,Solution Design,Proposal,2025-02-17
OPP00602,Proposal,Closed Lost,2025-03-18
OPP00603,,Prospecting,2025-01-26
OPP00603,Prospecting,Qualification,2025-03-10
OPP00603,Qualification,Closed Lost,2025-04-29
OPP00604,,Prospecting,2025-01-26
OPP00604,Prospecting,Qualification,2025-04-02
OPP00604,Qualification,Solution Design,2025-04-09
OPP00604,Solution Design,Proposal,2025-04-17
OPP00604,Proposal,Negotiation,2025-07-21
OPP00604,Negotiation,Closed Won,2025-08-17
OPP00605,,Prospecting,2025-01-26
OPP00605,Prospecting,Qualification,2025-01-27
OPP00605,Qualification,Solution Design,2025-01-28
OPP00605,Solution Design,Proposal,2025-03-17
OPP00605,Proposal,Negotiation,2025-03-23
OPP00605,Negotiation,Closed Won,2025-04-18
OPP00606,,Prospecting,2025-01-26
OPP00606,Prospecting,Qualification,2025-03-19
OPP00606,Qualification,Solution Design,2025-03-27
OPP00606,Solution Design,Proposal,2025-03-29
OPP00606,Proposal,Negotiation,2025-05-28
OPP00606,Negotiation,Closed Won,2025-06-29
OPP00607,,Prospecting,2025-01-27
OPP00607,Prospecting,Qualification,2025-01-30
OPP00607,Qualification,Solution Design,2025-02-13
OPP00607,Solution Design,Closed Lost,2025-03-24
OPP00608,,Prospecting,2025-01-27
OPP00608,Prospecting,Qualification,2025-05-08
OPP00608,Qualification,Solution Design,2025-05-20
OPP00608,Solution Design,Proposal,2025-05-25
OPP00608,Proposal,Negotiation,2025-06-30
OPP00608,Negotiation,Closed Won,2025-08-19
OPP00609,,Prospecting,2025-01-27
OPP00609,Prospecting,Qualification,2025-02-03
OPP00609,Qualification,Solution Design,2025-02-06
OPP00609,Solution Design,Proposal,2025-04-07
OPP00609,Proposal,Closed Lost,2025-07-25
OPP00610,,Prospecting,2025-01-27
OPP00610,Prospecting,Qualification,2025-02-14
OPP00610,Qualification,Solution Design,2025-03-23
OPP00610,Solution Design,Proposal,2025-06-10
OPP00610,Proposal,Negotiation,2025-06-17
OPP00610,Negotiation,Closed Won,2025-07-11
OPP00611,,Prospecting,2025-01-28
OPP00611,Prospecting,Qualification,2025-02-01
OPP00611,Qualification,Solution Design,2025-02-15
OPP00611,Solution Design,Proposal,2025-02-19
OPP00611,Proposal,Negotiation,2025-02-21
OPP00611,Negotiation,Closed Won,2025-02-26
OPP00612,,Prospecting,2025-01-28
OPP00612,Prospecting,Qualification,2025-03-02
OPP00612,Qualification,Solution Design,2025-03-13
OPP00612,Solution Design,Proposal,2025-03-29
OPP00612,Proposal,Negotiation,2025-04-07
OPP00612,Negotiation,Closed Won,2025-04-11
OPP00613,,Prospecting,2025-01-29
OPP00613,Prospecting,Qualification,2025-04-01
OPP00613,Qualification,Solution Design,2025-04-04
OPP00613,Solution Design,Proposal,2025-04-12
OPP00613,Proposal,Negotiation,2025-08-13
OPP00613,Negotiation,Closed Won,2025-09-18
OPP00614,,Prospecting,2025-01-29
OPP00614,Prospecting,Qualification,2025-02-05
OPP00614,Qualification,Solution Design,2025-02-06
OPP00614,Solution Design,Proposal,2025-04-10
OPP00614,Proposal,Closed Lost,2025-05-11
OPP00615,,Prospecting,2025-01-30
OPP00615,Prospecting,Qualification,2025-03-16
OPP00615,Qualification,Solution Design,2025-03-18
OPP00615,Solution Design,Proposal,2025-03-20
OPP00615,Proposal,Negotiation,2025-04-09
OPP00615,Negotiation,Closed Won,2025-04-20
OPP00616,,Prospecting,2025-01-30
OPP00616,Prospecting,Qualification,2025-02-04
OPP00616,Qualification,Solution Design,2025-02-09
OPP00616,Solution Design,Proposal,2025-02-16
OPP00616,Proposal,Negotiation,2025-02-26
OPP00616,Negotiation,Closed Lost,2025-04-11
OPP00617,,Prospecting,2025-01-30
OPP00617,Prospecting,Qualification,2025-02-03
OPP00617,Qualification,Solution Design,2025-02-12
OPP00617,Solution Design,Proposal,2025-04-29
OPP00617,Proposal,Negotiation,2025-05-18
OPP00617,Negotiation,Closed Won,2025-06-19
OPP00618,,Prospecting,2025-01-30
OPP00618,Prospecting,Qualification,2025-02-01
OPP00618,Qualification,Solution Design,2025-04-01
OPP00618,Solution Design,Closed Lost,2025-04-28
OPP00619,,Prospecting,2025-01-31
OPP00619,Prospecting,Qualification,2025-03-08
OPP00619,Qualification,Solution Design,2025-04-28
OPP00619,Solution Design,Closed Lost,2025-06-01
OPP00620,,Prospecting,2025-02-02
OPP00620,Prospecting,Qualification,2025-02-17
OPP00620,Qualification,Solution Design,2025-02-26
OPP00620,Solution Design,Closed Lost,2025-07-03
OPP00621,,Prospecting,2025-02-02
OPP00621,Prospecting,Qualification,2025-03-07
OPP00621,Qualification,Solution Design,2025-03-18
OPP00621,Solution Design,Proposal,2025-04-14
OPP00621,Proposal,Closed Lost,2025-05-02
OPP00622,,Prospecting,2025-02-04
OPP00622,Prospecting,Qualification,2025-02-05
OPP00622,Qualification,Solution Design,2025-04-12
OPP00622,Solution Design,Closed Lost,2025-04-26
OPP00623,,Prospecting,2025-02-04
OPP00623,Prospecting,Qualification,2025-03-02
OPP00623,Qualification,Closed Lost,2025-05-05
OPP00624,,Prospecting,2025-02-05
OPP00624,Prospecting,Qualification,2025-02-19
OPP00624,Qualification,Solution Design,2025-03-20
OPP00624,Solution Design,Proposal,2025-03-23
OPP00624,Proposal,Negotiation,2025-03-26
OPP00624,Negotiation,Closed Won,2025-04-22
OPP00625,,Prospecting,2025-02-05
OPP00625,Prospecting,Qualification,2025-02-12
OPP00625,Qualification,Solution Design,2025-02-15
OPP00625,Solution Design,Proposal,2025-03-11
OPP00625,Proposal,Negotiation,2025-03-16
OPP00625,Negotiation,Closed Won,2025-05-10
OPP00626,,Prospecting,2025-02-06
OPP00626,Prospecting,Qualification,2025-02-23
OPP00626,Qualification,Solution Design,2025-03-15
OPP00626,Solution Design,Proposal,2025-03-23
OPP00626,Proposal,Negotiation,2025-04-16
OPP00626,Negotiation,Closed Won,2025-06-19
OPP00627,,Prospecting,2025-02-06
OPP00627,Prospecting,Qualification,2025-02-20
OPP00627,Qualification,Solution Design,2025-02-23
OPP00627,Solution Design,Proposal,2025-03-28
OPP00627,Proposal,Negotiation,2025-04-13
OPP00627,Negotiation,Closed Won,2025-05-15
OPP00628,,Prospecting,2025-02-06
OPP00628,Prospecting,Qualification,2025-03-15
OPP00628,Qualification,Solution Design,2025-04-22
OPP00628,Solution Design,Proposal,2025-05-07
OPP00628,Proposal,Closed Lost,2025-05-30
OPP00629,,Prospecting,2025-02-07
OPP00629,Prospecting,Qualification,2025-02-26
OPP00629,Qualification,Solution Design,2025-04-17
OPP00629,Solution Design,Proposal,2025-04-29
OPP00629,Proposal,Negotiation,2025-06-01
OPP00629,Negotiation,Closed Won,2025-06-21
OPP00630,,Prospecting,2025-02-07
OPP00630,Prospecting,Qualification,2025-02-24
OPP00630,Qualification,Solution Design,2025-03-05
OPP00630,Solution Design,Closed Lost,2025-03-15
OPP00631,,Prospecting,2025-02-07
OPP00631,Prospecting,Qualification,2025-04-27
OPP00631,Qualification,Solution Design,2025-05-16
OPP00631,Solution Design,Proposal,2025-05-23
OPP00631,Proposal,Negotiation,2025-06-01
OPP00631,Negotiation,Closed Lost,2025-09-20
OPP00632,,Prospecting,2025-02-07
OPP00632,Prospecting,Qualification,2025-02-13
OPP00632,Qualification,Solution Design,2025-02-15
OPP00632,Solution Design,Proposal,2025-03-08
OPP00632,Proposal,Negotiation,2025-04-06
OPP00632,Negotiation,Closed Won,2025-04-23
OPP00633,,Prospecting,2025-02-08
OPP00633,Prospecting,Qualification,2025-03-05
OPP00633,Qualification,Solution Design,2025-03-06
OPP00633,Solution Design,Closed Lost,2025-05-22
OPP00634,,Prospecting,2025-02-09
OPP00634,Prospecting,Qualification,2025-02-17
OPP00634,Qualification,Solution Design,2025-03-16
OPP00634,Solution Design,Closed Lost,2025-03-26
OPP00635,,Prospecting,2025-02-09
OPP00635,Prospecting,Qualification,2025-03-02
OPP00635,Qualification,Solution Design,2025-03-10
OPP00635,Solution Design,Proposal,2025-03-13
OPP00635,Proposal,Negotiation,2025-04-22
OPP00635,Negotiation,Closed Lost,2025-04-27
OPP00636,,Prospecting,2025-02-10
OPP00636,Prospecting,Qualification,2025-04-04
OPP00636,Qualification,Solution Design,2025-04-14
OPP00636,Solution Design,Proposal,2025-04-29
OPP00636,Proposal,Negotiation,2025-06-04
OPP00636,Negotiation,Closed Won,2025-09-29
OPP00637,,Prospecting,2025-02-10
OPP00637,Prospecting,Qualification,2025-03-03
OPP00637,Qualification,Solution Design,2025-06-07
OPP00637,Solution Design,Proposal,2025-06-13
OPP00637,Proposal,Negotiation,2025-07-14
OPP00637,Negotiation,Closed Won,2025-10-01
OPP00638,,Prospecting,2025-02-10
OPP00638,Prospecting,Qualification,2025-02-15
OPP00638,Qualification,Solution Design,2025-02-26
OPP00638,Solution Design,Closed Lost,2025-03-20
OPP00639,,Prospecting,2025-02-12
OPP00639,Prospecting,Qualification,2025-02-28
OPP00639,Qualification,Solution Design,2025-03-26
OPP00639,Solution Design,Proposal,2025-04-02
OPP00639,Proposal,Negotiation,2025-04-07
OPP00639,Negotiation,Closed Won,2025-04-13
OPP00640,,Prospecting,2025-02-12
OPP00640,Prospecting,Qualification,2025-04-16
OPP00640,Qualification,Solution Design,2025-05-08
OPP00640,Solution Design,Proposal,2025-05-13
OPP00640,Proposal,Negotiation,2025-05-26
OPP00640,Negotiation,Closed Won,2025-05-30
OPP00641,,Prospecting,2025-02-12
OPP00641,Prospecting,Qualification,2025-04-29
OPP00641,Qualification,Solution Design,2025-06-25
OPP00641,Solution Design,Closed Lost,2025-08-03
OPP00642,,Prospecting,2025-02-13
OPP00642,Prospecting,Qualification,2025-02-18
OPP00642,Qualification,Solution Design,2025-02-19
OPP00642,Solution Design,Proposal,2025-03-11
OPP00642,Proposal,Closed Lost,2025-03-24
OPP00643,,Prospecting,2025-02-13
OPP00643,Prospecting,Qualification,2025-03-18
OPP00643,Qualification,Solution Design,2025-03-21
OPP00643,Solution Design,Proposal,2025-04-22
OPP00643,Proposal,Negotiation,2025-05-22
OPP00643,Negotiation,Closed Won,2025-06-23
OPP00644,,Prospecting,2025-02-14
OPP00644,Prospecting,Qualification,2025-03-28
OPP00644,Qualification,Solution Design,2025-05-13
OPP00644,Solution Design,Proposal,2025-07-06
OPP00644,Proposal,Negotiation,2025-08-17
OPP00644,Negotiation,Closed Won,2025-09-27
OPP00645,,Prospecting,2025-02-14
OPP00645,Prospecting,Qualification,2025-03-10
OPP00645,Qualification,Solution Design,2025-05-20
OPP00645,Solution Design,Proposal,2025-08-18
OPP00645,Proposal,Negotiation,2025-09-14
OPP00645,Negotiation,Closed Won,2025-09-29
OPP00646,,Prospecting,2025-02-16
OPP00646,Prospecting,Qualification,2025-03-10
OPP00646,Qualification,Solution Design,2025-03-17
OPP00646,Solution Design,Proposal,2025-04-02
OPP00646,Proposal,Closed Lost,2025-05-19
OPP00647,,Prospecting,2025-02-17
OPP00647,Prospecting,Qualification,2025-02-21
OPP00647,Qualification,Solution Design,2025-02-25
OPP00647,Solution Design,Proposal,2025-02-26
OPP00647,Proposal,Negotiation,2025-03-01
OPP00647,Negotiation,Closed Won,2025-03-28
OPP00648,,Prospecting,2025-02-18
OPP00648,Prospecting,Qualification,2025-03-05
OPP00648,Qualification,Solution Design,2025-03-11
OPP00648,Solution Design,Proposal,2025-03-16
OPP00648,Proposal,Closed Lost,2025-03-27
OPP00649,,Prospecting,2025-02-19
OPP00649,Prospecting,Qualification,2025-02-21
OPP00649,Qualification,Solution Design,2025-03-01
OPP00649,Solution Design,Proposal,2025-03-04
OPP00649,Proposal,Negotiation,2025-04-06
OPP00649,Negotiation,Closed Won,2025-04-10
OPP00650,,Prospecting,2025-02-20
OPP00650,Prospecting,Qualification,2025-02-25
OPP00650,Qualification,Solution Design,2025-03-18
OPP00650,Solution Design,Proposal,2025-03-19
OPP00650,Proposal,Negotiation,2025-03-30
OPP00650,Negotiation,Closed Lost,2025-05-01
OPP00651,,Prospecting,2025-02-20
OPP00651,Prospecting,Qualification,2025-06-28
OPP00651,Qualification,Solution Design,2025-07-05
OPP00651,Solution Design,Proposal,2025-07-10
OPP00651,Proposal,Closed Lost,2026-03-31
OPP00652,,Prospecting,2025-02-20
OPP00652,Prospecting,Qualification,2025-02-28
OPP00652,Qualification,Closed Lost,2025-06-05
OPP00653,,Prospecting,2025-02-20
OPP00653,Prospecting,Qualification,2025-04-26
OPP00653,Qualification,Solution Design,2025-05-31
OPP00653,Solution Design,Proposal,2025-06-12
OPP00653,Proposal,Negotiation,2025-07-17
OPP00653,Negotiation,Closed Won,2025-07-25
OPP00654,,Prospecting,2025-02-20
OPP00654,Prospecting,Qualification,2025-03-20
OPP00654,Qualification,Closed Lost,2025-06-11
OPP00655,,Prospecting,2025-02-21
OPP00655,Prospecting,Qualification,2025-03-06
OPP00655,Qualification,Solution Design,2025-03-19
OPP00655,Solution Design,Proposal,2025-03-26
OPP00655,Proposal,Negotiation,2025-04-16
OPP00655,Negotiation,Closed Lost,2025-05-03
OPP00656,,Prospecting,2025-02-22
OPP00656,Prospecting,Qualification,2025-03-06
OPP00656,Qualification,Solution Design,2025-04-09
OPP00656,Solution Design,Proposal,2025-05-02
OPP00656,Proposal,Closed Lost,2025-05-13
OPP00657,,Prospecting,2025-02-22
OPP00657,Prospecting,Qualification,2025-03-09
OPP00657,Qualification,Solution Design,2025-03-10
OPP00657,Solution Design,Proposal,2025-04-22
OPP00657,Proposal,Closed Lost,2025-05-29
OPP00658,,Prospecting,2025-02-23
OPP00658,Prospecting,Qualification,2025-05-18
OPP00658,Qualification,Solution Design,2025-07-27
OPP00658,Solution Design,Proposal,2025-08-13
OPP00658,Proposal,Negotiation,2025-08-14
OPP00658,Negotiation,Closed Won,2025-09-14
OPP00659,,Prospecting,2025-02-23
OPP00659,Prospecting,Qualification,2025-03-22
OPP00659,Qualification,Solution Design,2025-04-27
OPP00659,Solution Design,Proposal,2025-05-04
OPP00659,Proposal,Negotiation,2025-06-05
OPP00659,Negotiation,Closed Won,2025-06-19
OPP00660,,Prospecting,2025-02-23
OPP00660,Prospecting,Qualification,2025-02-24
OPP00660,Qualification,Closed Lost,2025-03-29
OPP00661,,Prospecting,2025-02-23
OPP00661,Prospecting,Qualification,2025-03-01
OPP00661,Qualification,Solution Design,2025-04-02
OPP00661,Solution Design,Proposal,2025-04-29
OPP00661,Proposal,Negotiation,2025-07-17
OPP00661,Negotiation,Closed Won,2025-09-22
OPP00662,,Prospecting,2025-02-24
OPP00662,Prospecting,Qualification,2025-03-08
OPP00662,Qualification,Solution Design,2025-03-22
OPP00662,Solution Design,Proposal,2025-05-01
OPP00662,Proposal,Closed Lost,2025-06-02
OPP00663,,Prospecting,2025-02-25
OPP00663,Prospecting,Qualification,2025-04-17
OPP00663,Qualification,Solution Design,2025-05-04
OPP00663,Solution Design,Closed Lost,2025-09-02
OPP00664,,Prospecting,2025-02-28
OPP00664,Prospecting,Qualification,2025-03-14
OPP00664,Qualification,Closed Lost,2025-03-30
OPP00665,,Prospecting,2025-02-28
OPP00665,Prospecting,Qualification,2025-03-04
OPP00665,Qualification,Solution Design,2025-04-08
OPP00665,Solution Design,Proposal,2025-04-19
OPP00665,Proposal,Negotiation,2025-05-08
OPP00665,Negotiation,Closed Won,2025-06-18
OPP00666,,Prospecting,2025-03-01
OPP00666,Prospecting,Qualification,2025-04-04
OPP00666,Qualification,Solution Design,2025-04-06
OPP00666,Solution Design,Proposal,2025-04-29
OPP00666,Proposal,Negotiation,2025-05-22
OPP00666,Negotiation,Closed Won,2025-06-30
OPP00667,,Prospecting,2025-03-05
OPP00667,Prospecting,Qualification,2025-03-30
OPP00667,Qualification,Solution Design,2025-04-19
OPP00667,Solution Design,Proposal,2025-05-27
OPP00667,Proposal,Negotiation,2025-06-28
OPP00667,Negotiation,Closed Lost,2025-07-26
OPP00668,,Prospecting,2025-03-05
OPP00668,Prospecting,Qualification,2025-03-11
OPP00668,Qualification,Solution Design,2025-03-19
OPP00668,Solution Design,Proposal,2025-05-13
OPP00668,Proposal,Negotiation,2025-05-29
OPP00668,Negotiation,Closed Won,2025-07-01
OPP00669,,Prospecting,2025-03-06
OPP00669,Prospecting,Qualification,2025-03-11
OPP00669,Qualification,Solution Design,2025-03-19
OPP00669,Solution Design,Proposal,2025-04-06
OPP00669,Proposal,Closed Lost,2025-05-11
OPP00670,,Prospecting,2025-03-06
OPP00670,Prospecting,Qualification,2025-03-31
OPP00670,Qualification,Solution Design,2025-05-01
OPP00670,Solution Design,Proposal,2025-05-02
OPP00670,Proposal,Closed Lost,2025-06-20
OPP00671,,Prospecting,2025-03-06
OPP00671,Prospecting,Qualification,2025-03-14
OPP00671,Qualification,Solution Design,2025-03-23
OPP00671,Solution Design,Proposal,2025-04-05
OPP00671,Proposal,Closed Lost,2025-06-01
OPP00672,,Prospecting,2025-03-07
OPP00672,Prospecting,Qualification,2025-04-07
OPP00672,Qualification,Solution Design,2025-06-14
OPP00672,Solution Design,Closed Lost,2025-07-20
OPP00673,,Prospecting,2025-03-07
OPP00673,Prospecting,Qualification,2025-03-08
OPP00673,Qualification,Solution Design,2025-03-09
OPP00673,Solution Design,Closed Lost,2025-03-22
OPP00674,,Prospecting,2025-03-07
OPP00674,Prospecting,Qualification,2025-03-11
OPP00674,Qualification,Solution Design,2025-03-24
OPP00674,Solution Design,Proposal,2025-03-25
OPP00674,Proposal,Negotiation,2025-04-02
OPP00674,Negotiation,Closed Won,2025-04-12
OPP00675,,Prospecting,2025-03-09
OPP00675,Prospecting,Qualification,2025-03-12
OPP00675,Qualification,Solution Design,2025-03-25
OPP00675,Solution Design,Proposal,2025-04-15
OPP00675,Proposal,Negotiation,2025-04-28
OPP00675,Negotiation,Closed Won,2025-05-10
OPP00676,,Prospecting,2025-03-09
OPP00676,Prospecting,Qualification,2025-03-11
OPP00676,Qualification,Solution Design,2025-03-28
OPP00676,Solution Design,Proposal,2025-04-01
OPP00676,Proposal,Negotiation,2025-06-07
OPP00676,Negotiation,Closed Won,2025-07-04
OPP00677,,Prospecting,2025-03-09
OPP00677,Prospecting,Qualification,2025-03-12
OPP00677,Qualification,Solution Design,2025-04-01
OPP00677,Solution Design,Proposal,2025-04-02
OPP00677,Proposal,Negotiation,2025-04-11
OPP00677,Negotiation,Closed Won,2025-06-21
OPP00678,,Prospecting,2025-03-10
OPP00678,Prospecting,Qualification,2025-03-20
OPP00678,Qualification,Solution Design,2025-04-21
OPP00678,Solution Design,Proposal,2025-04-28
OPP00678,Proposal,Negotiation,2025-05-28
OPP00678,Negotiation,Closed Lost,2025-06-09
OPP00679,,Prospecting,2025-03-10
OPP00679,Prospecting,Qualification,2025-04-07
OPP00679,Qualification,Solution Design,2025-04-10
OPP00679,Solution Design,Closed Lost,2025-06-24
OPP00680,,Prospecting,2025-03-11
OPP00680,Prospecting,Qualification,2025-04-28
OPP00680,Qualification,Solution Design,2025-05-01
OPP00680,Solution Design,Proposal,2025-05-31
OPP00680,Proposal,Negotiation,2025-06-13
OPP00680,Negotiation,Closed Won,2025-06-29
OPP00681,,Prospecting,2025-03-12
OPP00681,Prospecting,Qualification,2025-03-20
OPP00681,Qualification,Solution Design,2025-04-27
OPP00681,Solution Design,Proposal,2025-04-29
OPP00681,Proposal,Closed Lost,2025-06-05
OPP00682,,Prospecting,2025-03-14
OPP00682,Prospecting,Qualification,2025-03-27
OPP00682,Qualification,Solution Design,2025-04-16
OPP00682,Solution Design,Closed Lost,2025-08-31
OPP00683,,Prospecting,2025-03-15
OPP00683,Prospecting,Qualification,2025-03-16
OPP00683,Qualification,Solution Design,2025-04-13
OPP00683,Solution Design,Proposal,2025-04-17
OPP00683,Proposal,Negotiation,2025-05-19
OPP00683,Negotiation,Closed Lost,2025-07-18
OPP00684,,Prospecting,2025-03-16
OPP00684,Prospecting,Qualification,2025-04-06
OPP00684,Qualification,Closed Lost,2025-06-01
OPP00685,,Prospecting,2025-03-17
OPP00685,Prospecting,Qualification,2025-05-09
OPP00685,Qualification,Solution Design,2025-07-01
OPP00685,Solution Design,Proposal,2025-07-06
OPP00685,Proposal,Negotiation,2025-08-03
OPP00685,Negotiation,Closed Won,2025-09-05
OPP00686,,Prospecting,2025-03-17
OPP00686,Prospecting,Qualification,2025-03-24
OPP00686,Qualification,Solution Design,2025-03-29
OPP00686,Solution Design,Proposal,2025-07-21
OPP00686,Proposal,Negotiation,2025-10-06
OPP00686,Negotiation,Closed Won,2025-12-27
OPP00687,,Prospecting,2025-03-18
OPP00687,Prospecting,Qualification,2025-03-21
OPP00687,Qualification,Solution Design,2025-04-01
OPP00687,Solution Design,Proposal,2025-04-09
OPP00687,Proposal,Closed Lost,2025-05-12
OPP00688,,Prospecting,2025-03-18
OPP00688,Prospecting,Qualification,2025-04-22
OPP00688,Qualification,Solution Design,2025-04-28
OPP00688,Solution Design,Proposal,2025-05-27
OPP00688,Proposal,Negotiation,2025-07-19
OPP00688,Negotiation,Closed Won,2025-08-29
OPP00689,,Prospecting,2025-03-19
OPP00689,Prospecting,Qualification,2025-03-30
OPP00689,Qualification,Solution Design,2025-04-08
OPP00689,Solution Design,Closed Lost,2025-05-04
OPP00690,,Prospecting,2025-03-19
OPP00690,Prospecting,Qualification,2025-04-11
OPP00690,Qualification,Solution Design,2025-04-20
OPP00690,Solution Design,Proposal,2025-04-22
OPP00690,Proposal,Negotiation,2025-04-23
OPP00690,Negotiation,Closed Won,2025-06-24
OPP00691,,Prospecting,2025-03-20
OPP00691,Prospecting,Qualification,2025-04-04
OPP00691,Qualification,Solution Design,2025-04-10
OPP00691,Solution Design,Proposal,2025-04-11
OPP00691,Proposal,Closed Lost,2025-04-20
OPP00692,,Prospecting,2025-03-20
OPP00692,Prospecting,Qualification,2025-04-04
OPP00692,Qualification,Solution Design,2025-04-21
OPP00692,Solution Design,Closed Lost,2025-07-12
OPP00693,,Prospecting,2025-03-21
OPP00693,Prospecting,Qualification,2025-04-04
OPP00693,Qualification,Solution Design,2025-04-06
OPP00693,Solution Design,Closed Lost,2025-04-14
OPP00694,,Prospecting,2025-03-21
OPP00694,Prospecting,Qualification,2025-03-27
OPP00694,Qualification,Solution Design,2025-07-02
OPP00694,Solution Design,Closed Lost,2025-07-20
OPP00695,,Prospecting,2025-03-21
OPP00695,Prospecting,Qualification,2025-04-03
OPP00695,Qualification,Solution Design,2025-04-11
OPP00695,Solution Design,Proposal,2025-04-21
OPP00695,Proposal,Negotiation,2025-05-11
OPP00695,Negotiation,Closed Won,2025-06-08
OPP00696,,Prospecting,2025-03-22
OPP00696,Prospecting,Qualification,2025-03-24
OPP00696,Qualification,Solution Design,2025-05-11
OPP00696,Solution Design,Proposal,2025-06-10
OPP00696,Proposal,Negotiation,2025-06-25
OPP00696,Negotiation,Closed Lost,2025-07-19
OPP00697,,Prospecting,2025-03-22
OPP00697,Prospecting,Qualification,2025-03-26
OPP00697,Qualification,Solution Design,2025-05-02
OPP00697,Solution Design,Proposal,2025-05-08
OPP00697,Proposal,Closed Lost,2025-05-27
OPP00698,,Prospecting,2025-03-22
OPP00698,Prospecting,Qualification,2025-03-23
OPP00698,Qualification,Solution Design,2025-04-10
OPP00698,Solution Design,Proposal,2025-04-17
OPP00698,Proposal,Closed Lost,2025-04-29
OPP00699,,Prospecting,2025-03-24
OPP00699,Prospecting,Qualification,2025-05-01
OPP00699,Qualification,Solution Design,2025-05-22
OPP00699,Solution Design,Closed Lost,2025-08-01
OPP00700,,Prospecting,2025-03-25
OPP00700,Prospecting,Qualification,2025-04-07
OPP00700,Qualification,Solution Design,2025-05-03
OPP00700,Solution Design,Closed Lost,2025-08-25
OPP00701,,Prospecting,2025-03-26
OPP00701,Prospecting,Qualification,2025-04-22
OPP00701,Qualification,Solution Design,2025-06-20
OPP00701,Solution Design,Proposal,2025-08-24
OPP00701,Proposal,Negotiation,2025-12-12
OPP00701,Negotiation,Closed Won,2025-12-30
OPP00702,,Prospecting,2025-03-26
OPP00702,Prospecting,Qualification,2025-04-04
OPP00702,Qualification,Solution Design,2025-07-10
OPP00702,Solution Design,Closed Lost,2025-08-05
OPP00703,,Prospecting,2025-03-26
OPP00703,Prospecting,Qualification,2025-04-10
OPP00703,Qualification,Solution Design,2025-04-16
OPP00703,Solution Design,Proposal,2025-04-28
OPP00703,Proposal,Closed Lost,2025-08-05
OPP00704,,Prospecting,2025-03-27
OPP00704,Prospecting,Qualification,2025-04-18
OPP00704,Qualification,Solution Design,2025-04-26
OPP00704,Solution Design,Proposal,2025-05-10
OPP00704,Proposal,Negotiation,2025-06-15
OPP00704,Negotiation,Closed Won,2025-09-10
OPP00705,,Prospecting,2025-03-28
OPP00705,Prospecting,Qualification,2025-03-29
OPP00705,Qualification,Solution Design,2025-04-13
OPP00705,Solution Design,Proposal,2025-05-01
OPP00705,Proposal,Negotiation,2025-05-19
OPP00705,Negotiation,Closed Won,2025-06-27
OPP00706,,Prospecting,2025-03-29
OPP00706,Prospecting,Qualification,2025-04-15
OPP00706,Qualification,Solution Design,2025-05-03
OPP00706,Solution Design,Proposal,2025-05-14
OPP00706,Proposal,Negotiation,2025-05-26
OPP00706,Negotiation,Closed Won,2025-06-10
OPP00707,,Prospecting,2025-03-29
OPP00707,Prospecting,Qualification,2025-04-01
OPP00707,Qualification,Closed Lost,2025-07-05
OPP00708,,Prospecting,2025-03-29
OPP00708,Prospecting,Qualification,2025-04-01
OPP00708,Qualification,Solution Design,2025-05-04
OPP00708,Solution Design,Closed Lost,2025-06-08
OPP00709,,Prospecting,2025-03-30
OPP00709,Prospecting,Qualification,2025-04-24
OPP00709,Qualification,Solution Design,2025-06-01
OPP00709,Solution Design,Proposal,2025-06-21
OPP00709,Proposal,Negotiation,2025-09-09
OPP00709,Negotiation,Closed Won,2025-10-06
OPP00710,,Prospecting,2025-03-31
OPP00710,Prospecting,Qualification,2025-04-05
OPP00710,Qualification,Solution Design,2025-05-23
OPP00710,Solution Design,Closed Lost,2025-08-03
OPP00711,,Prospecting,2025-03-31
OPP00711,Prospecting,Qualification,2025-04-25
OPP00711,Qualification,Solution Design,2025-04-29
OPP00711,Solution Design,Proposal,2025-06-11
OPP00711,Proposal,Negotiation,2025-06-26
OPP00711,Negotiation,Closed Won,2025-09-26
OPP00712,,Prospecting,2025-03-31
OPP00712,Prospecting,Qualification,2025-04-17
OPP00712,Qualification,Solution Design,2025-04-18
OPP00712,Solution Design,Proposal,2025-05-29
OPP00712,Proposal,Negotiation,2025-07-18
OPP00712,Negotiation,Closed Won,2025-09-17
OPP00713,,Prospecting,2025-04-01
OPP00713,Prospecting,Qualification,2025-06-27
OPP00713,Qualification,Solution Design,2025-07-31
OPP00713,Solution Design,Closed Lost,2025-09-03
OPP00714,,Prospecting,2025-04-02
OPP00714,Prospecting,Qualification,2025-04-07
OPP00714,Qualification,Solution Design,2025-05-04
OPP00714,Solution Design,Closed Lost,2025-05-24
OPP00715,,Prospecting,2025-04-03
OPP00715,Prospecting,Qualification,2025-04-04
OPP00715,Qualification,Solution Design,2025-04-08
OPP00715,Solution Design,Proposal,2025-04-09
OPP00715,Proposal,Negotiation,2025-05-01
OPP00715,Negotiation,Closed Won,2025-05-23
OPP00716,,Prospecting,2025-04-03
OPP00716,Prospecting,Qualification,2025-05-09
OPP00716,Qualification,Solution Design,2025-05-17
OPP00716,Solution Design,Closed Lost,2025-05-23
OPP00717,,Prospecting,2025-04-03
OPP00717,Prospecting,Qualification,2025-05-11
OPP00717,Qualification,Solution Design,2025-05-19
OPP00717,Solution Design,Proposal,2025-05-27
OPP00717,Proposal,Negotiation,2025-05-28
OPP00717,Negotiation,Closed Won,2025-07-14
OPP00718,,Prospecting,2025-04-03
OPP00718,Prospecting,Qualification,2025-04-16
OPP00718,Qualification,Solution Design,2025-05-03
OPP00718,Solution Design,Proposal,2025-05-29
OPP00718,Proposal,Negotiation,2025-06-04
OPP00718,Negotiation,Closed Won,2025-06-19
OPP00719,,Prospecting,2025-04-04
OPP00719,Prospecting,Qualification,2025-04-11
OPP00719,Qualification,Solution Design,2025-04-30
OPP00719,Solution Design,Proposal,2025-05-21
OPP00719,Proposal,Negotiation,2025-05-23
OPP00719,Negotiation,Closed Won,2025-05-31
OPP00720,,Prospecting,2025-04-04
OPP00720,Prospecting,Qualification,2025-04-19
OPP00720,Qualification,Closed Lost,2025-07-03
OPP00721,,Prospecting,2025-04-05
OPP00721,Prospecting,Qualification,2025-05-11
OPP00721,Qualification,Solution Design,2025-06-02
OPP00721,Solution Design,Proposal,2025-09-04
OPP00721,Proposal,Negotiation,2025-09-12
OPP00721,Negotiation,Closed Won,2025-12-05
OPP00722,,Prospecting,2025-04-06
OPP00722,Prospecting,Qualification,2025-06-17
OPP00722,Qualification,Closed Lost,2025-10-28
OPP00723,,Prospecting,2025-04-07
OPP00723,Prospecting,Qualification,2025-04-18
OPP00723,Qualification,Solution Design,2025-05-05
OPP00723,Solution Design,Closed Lost,2025-09-19
OPP00724,,Prospecting,2025-04-09
OPP00724,Prospecting,Qualification,2025-06-28
OPP00724,Qualification,Closed Lost,2025-11-25
OPP00725,,Prospecting,2025-04-11
OPP00725,Prospecting,Qualification,2025-06-06
OPP00725,Qualification,Solution Design,2025-07-10
OPP00725,Solution Design,Proposal,2025-09-08
OPP00725,Proposal,Negotiation,2025-11-19
OPP00725,Negotiation,Closed Won,2025-12-31
OPP00726,,Prospecting,2025-04-12
OPP00726,Prospecting,Qualification,2025-05-11
OPP00726,Qualification,Solution Design,2025-05-12
OPP00726,Solution Design,Proposal,2025-05-28
OPP00726,Proposal,Negotiation,2025-06-07
OPP00726,Negotiation,Closed Won,2025-06-23
OPP00727,,Prospecting,2025-04-12
OPP00727,Prospecting,Qualification,2025-04-14
OPP00727,Qualification,Solution Design,2025-04-24
OPP00727,Solution Design,Closed Lost,2025-05-31
OPP00728,,Prospecting,2025-04-12
OPP00728,Prospecting,Qualification,2025-04-19
OPP00728,Qualification,Solution Design,2025-04-24
OPP00728,Solution Design,Proposal,2025-05-09
OPP00728,Proposal,Negotiation,2025-05-10
OPP00728,Negotiation,Closed Won,2025-05-21
OPP00729,,Prospecting,2025-04-13
OPP00729,Prospecting,Qualification,2025-04-23
OPP00729,Qualification,Solution Design,2025-05-26
OPP00729,Solution Design,Proposal,2025-06-22
OPP00729,Proposal,Negotiation,2025-06-23
OPP00729,Negotiation,Closed Won,2025-09-20
OPP00730,,Prospecting,2025-04-13
OPP00730,Prospecting,Qualification,2025-05-06
OPP00730,Qualification,Solution Design,2025-06-23
OPP00730,Solution Design,Proposal,2025-07-08
OPP00730,Proposal,Negotiation,2025-07-20
OPP00730,Negotiation,Closed Won,2025-09-21
OPP00731,,Prospecting,2025-04-14
OPP00731,Prospecting,Qualification,2025-07-04
OPP00731,Qualification,Solution Design,2025-07-24
OPP00731,Solution Design,Proposal,2025-07-30
OPP00731,Proposal,Negotiation,2025-08-06
OPP00731,Negotiation,Closed Won,2025-09-23
OPP00732,,Prospecting,2025-04-17
OPP00732,Prospecting,Qualification,2025-04-27
OPP00732,Qualification,Solution Design,2025-05-27
OPP00732,Solution Design,Proposal,2025-07-01
OPP00732,Proposal,Negotiation,2025-09-26
OPP00732,Negotiation,Closed Won,2025-11-13
OPP00733,,Prospecting,2025-04-17
OPP00733,Prospecting,Qualification,2025-05-14
OPP00733,Qualification,Solution Design,2025-05-22
OPP00733,Solution Design,Proposal,2025-06-01
OPP00733,Proposal,Negotiation,2025-07-05
OPP00733,Negotiation,Closed Won,2025-09-20
OPP00734,,Prospecting,2025-04-20
OPP00734,Prospecting,Qualification,2025-04-29
OPP00734,Qualification,Solution Design,2025-05-24
OPP00734,Solution Design,Proposal,2025-06-20
OPP00734,Proposal,Negotiation,2025-06-28
OPP00734,Negotiation,Closed Won,2025-07-19
OPP00735,,Prospecting,2025-04-20
OPP00735,Prospecting,Qualification,2025-05-25
OPP00735,Qualification,Solution Design,2025-07-08
OPP00735,Solution Design,Closed Lost,2025-08-25
OPP00736,,Prospecting,2025-04-20
OPP00736,Prospecting,Qualification,2025-05-02
OPP00736,Qualification,Solution Design,2025-05-03
OPP00736,Solution Design,Closed Lost,2025-06-02
OPP00737,,Prospecting,2025-04-21
OPP00737,Prospecting,Qualification,2025-04-30
OPP00737,Qualification,Closed Lost,2025-07-13
OPP00738,,Prospecting,2025-04-21
OPP00738,Prospecting,Qualification,2025-05-04
OPP00738,Qualification,Solution Design,2025-05-09
OPP00738,Solution Design,Proposal,2025-05-12
OPP00738,Proposal,Negotiation,2025-05-31
OPP00738,Negotiation,Closed Lost,2025-07-27
OPP00739,,Prospecting,2025-04-22
OPP00739,Prospecting,Qualification,2025-05-01
OPP00739,Qualification,Solution Design,2025-05-26
OPP00739,Solution Design,Proposal,2025-07-10
OPP00739,Proposal,Negotiation,2025-07-11
OPP00739,Negotiation,Closed Won,2025-08-04
OPP00740,,Prospecting,2025-04-24
OPP00740,Prospecting,Qualification,2025-05-12
OPP00740,Qualification,Solution Design,2025-05-26
OPP00740,Solution Design,Proposal,2025-06-12
OPP00740,Proposal,Closed Lost,2025-07-01
OPP00741,,Prospecting,2025-04-24
OPP00741,Prospecting,Qualification,2025-05-16
OPP00741,Qualification,Solution Design,2025-08-12
OPP00741,Solution Design,Proposal,2025-10-18
OPP00741,Proposal,Negotiation,2025-11-03
OPP00741,Negotiation,Closed Won,2026-03-22
OPP00742,,Prospecting,2025-04-24
OPP00742,Prospecting,Qualification,2025-06-04
OPP00742,Qualification,Closed Lost,2025-09-07
OPP00743,,Prospecting,2025-04-24
OPP00743,Prospecting,Qualification,2025-05-02
OPP00743,Qualification,Solution Design,2025-05-08
OPP00743,Solution Design,Proposal,2025-05-23
OPP00743,Proposal,Negotiation,2025-06-09
OPP00743,Negotiation,Closed Won,2025-06-19
OPP00744,,Prospecting,2025-04-25
OPP00744,Prospecting,Qualification,2025-06-29
OPP00744,Qualification,Solution Design,2025-07-15
OPP00744,Solution Design,Proposal,2025-09-06
OPP00744,Proposal,Closed Lost,2025-10-08
OPP00745,,Prospecting,2025-04-25
OPP00745,Prospecting,Qualification,2025-05-11
OPP00745,Qualification,Solution Design,2025-05-24
OPP00745,Solution Design,Proposal,2025-05-27
OPP00745,Proposal,Negotiation,2025-06-25
OPP00745,Negotiation,Closed Won,2025-08-12
OPP00746,,Prospecting,2025-04-25
OPP00746,Prospecting,Qualification,2025-04-30
OPP00746,Qualification,Solution Design,2025-05-05
OPP00746,Solution Design,Closed Lost,2025-08-05
OPP00747,,Prospecting,2025-04-26
OPP00747,Prospecting,Qualification,2025-04-27
OPP00747,Qualification,Solution Design,2025-06-09
OPP00747,Solution Design,Proposal,2025-08-10
OPP00747,Proposal,Negotiation,2025-09-01
OPP00747,Negotiation,Closed Won,2025-09-30
OPP00748,,Prospecting,2025-04-26
OPP00748,Prospecting,Qualification,2025-05-28
OPP00748,Qualification,Solution Design,2025-06-01
OPP00748,Solution Design,Proposal,2025-06-15
OPP00748,Proposal,Negotiation,2025-06-23
OPP00748,Negotiation,Closed Won,2025-07-20
OPP00749,,Prospecting,2025-04-27
OPP00749,Prospecting,Qualification,2025-05-07
OPP00749,Qualification,Solution Design,2025-05-10
OPP00749,Solution Design,Proposal,2025-05-17
OPP00749,Proposal,Negotiation,2025-05-20
OPP00749,Negotiation,Closed Won,2025-08-08
OPP00750,,Prospecting,2025-04-27
OPP00750,Prospecting,Qualification,2025-05-11
OPP00750,Qualification,Solution Design,2025-05-13
OPP00750,Solution Design,Proposal,2025-05-17
OPP00750,Proposal,Negotiation,2025-05-20
OPP00750,Negotiation,Closed Won,2025-06-15
OPP00751,,Prospecting,2025-04-27
OPP00751,Prospecting,Qualification,2025-05-15
OPP00751,Qualification,Solution Design,2025-06-22
OPP00751,Solution Design,Proposal,2025-07-13
OPP00751,Proposal,Closed Lost,2025-08-07
OPP00752,,Prospecting,2025-04-28
OPP00752,Prospecting,Qualification,2025-05-17
OPP00752,Qualification,Solution Design,2025-06-10
OPP00752,Solution Design,Proposal,2025-08-06
OPP00752,Proposal,Closed Lost,2025-09-04
OPP00753,,Prospecting,2025-04-28
OPP00753,Prospecting,Qualification,2025-06-10
OPP00753,Qualification,Solution Design,2025-07-04
OPP00753,Solution Design,Proposal,2025-08-06
OPP00753,Proposal,Negotiation,2025-08-29
OPP00753,Negotiation,Closed Won,2025-09-26
OPP00754,,Prospecting,2025-04-29
OPP00754,Prospecting,Qualification,2025-05-12
OPP00754,Qualification,Solution Design,2025-05-16
OPP00754,Solution Design,Proposal,2025-05-25
OPP00754,Proposal,Closed Lost,2025-06-20
OPP00755,,Prospecting,2025-04-29
OPP00755,Prospecting,Qualification,2025-06-10
OPP00755,Qualification,Solution Design,2025-07-08
OPP00755,Solution Design,Proposal,2025-07-19
OPP00755,Proposal,Negotiation,2025-09-17
OPP00755,Negotiation,Closed Won,2025-09-30
OPP00756,,Prospecting,2025-04-30
OPP00756,Prospecting,Qualification,2025-05-23
OPP00756,Qualification,Solution Design,2025-05-29
OPP00756,Solution Design,Proposal,2025-07-03
OPP00756,Proposal,Closed Lost,2025-07-25
OPP00757,,Prospecting,2025-04-30
OPP00757,Prospecting,Qualification,2025-05-04
OPP00757,Qualification,Solution Design,2025-06-23
OPP00757,Solution Design,Proposal,2025-09-22
OPP00757,Proposal,Negotiation,2025-10-03
OPP00757,Negotiation,Closed Won,2025-11-08
OPP00758,,Prospecting,2025-04-30
OPP00758,Prospecting,Qualification,2025-05-12
OPP00758,Qualification,Solution Design,2025-05-13
OPP00758,Solution Design,Proposal,2025-05-18
OPP00758,Proposal,Negotiation,2025-05-21
OPP00758,Negotiation,Closed Lost,2025-06-04
OPP00759,,Prospecting,2025-04-30
OPP00759,Prospecting,Qualification,2025-05-26
OPP00759,Qualification,Solution Design,2025-08-03
OPP00759,Solution Design,Proposal,2025-08-09
OPP00759,Proposal,Negotiation,2025-09-11
OPP00759,Negotiation,Closed Won,2025-12-28
OPP00760,,Prospecting,2025-04-30
OPP00760,Prospecting,Qualification,2025-05-24
OPP00760,Qualification,Solution Design,2025-07-13
OPP00760,Solution Design,Proposal,2025-08-21
OPP00760,Proposal,Negotiation,2025-09-15
OPP00760,Negotiation,Closed Won,2025-09-30
OPP00761,,Prospecting,2025-05-01
OPP00761,Prospecting,Qualification,2025-05-02
OPP00761,Qualification,Solution Design,2025-05-14
OPP00761,Solution Design,Proposal,2025-05-17
OPP00761,Proposal,Negotiation,2025-05-22
OPP00761,Negotiation,Closed Won,2025-06-02
OPP00762,,Prospecting,2025-05-03
OPP00762,Prospecting,Qualification,2025-06-21
OPP00762,Qualification,Solution Design,2025-06-22
OPP00762,Solution Design,Proposal,2025-06-25
OPP00762,Proposal,Negotiation,2025-07-11
OPP00762,Negotiation,Closed Won,2025-08-06
OPP00763,,Prospecting,2025-05-04
OPP00763,Prospecting,Qualification,2025-05-26
OPP00763,Qualification,Solution Design,2025-06-22
OPP00763,Solution Design,Proposal,2025-06-29
OPP00763,Proposal,Negotiation,2025-07-09
OPP00763,Negotiation,Closed Won,2025-07-30
OPP00764,,Prospecting,2025-05-04
OPP00764,Prospecting,Qualification,2025-05-07
OPP00764,Qualification,Solution Design,2025-05-14
OPP00764,Solution Design,Proposal,2025-05-23
OPP00764,Proposal,Negotiation,2025-06-03
OPP00764,Negotiation,Closed Won,2025-08-14
OPP00765,,Prospecting,2025-05-04
OPP00765,Prospecting,Qualification,2025-06-16
OPP00765,Qualification,Closed Lost,2025-08-06
OPP00766,,Prospecting,2025-05-05
OPP00766,Prospecting,Qualification,2025-05-09
OPP00766,Qualification,Solution Design,2025-05-11
OPP00766,Solution Design,Proposal,2025-06-02
OPP00766,Proposal,Negotiation,2025-06-23
OPP00766,Negotiation,Closed Won,2025-07-13
OPP00767,,Prospecting,2025-05-06
OPP00767,Prospecting,Qualification,2025-06-04
OPP00767,Qualification,Closed Lost,2025-09-01
OPP00768,,Prospecting,2025-05-06
OPP00768,Prospecting,Qualification,2025-06-16
OPP00768,Qualification,Solution Design,2025-09-14
OPP00768,Solution Design,Proposal,2026-02-12
OPP00769,,Prospecting,2025-05-06
OPP00769,Prospecting,Qualification,2025-05-15
OPP00769,Qualification,Closed Lost,2025-06-24
OPP00770,,Prospecting,2025-05-07
OPP00770,Prospecting,Qualification,2025-05-10
OPP00770,Qualification,Solution Design,2025-06-17
OPP00770,Solution Design,Proposal,2025-08-03
OPP00770,Proposal,Negotiation,2025-08-28
OPP00770,Negotiation,Closed Lost,2025-09-07
OPP00771,,Prospecting,2025-05-08
OPP00771,Prospecting,Qualification,2025-05-22
OPP00771,Qualification,Solution Design,2025-06-06
OPP00771,Solution Design,Closed Lost,2025-07-01
OPP00772,,Prospecting,2025-05-08
OPP00772,Prospecting,Qualification,2025-05-31
OPP00772,Qualification,Solution Design,2025-06-20
OPP00772,Solution Design,Closed Lost,2025-08-11
OPP00773,,Prospecting,2025-05-09
OPP00773,Prospecting,Qualification,2025-06-27
OPP00773,Qualification,Solution Design,2025-07-01
OPP00773,Solution Design,Proposal,2025-08-26
OPP00773,Proposal,Closed Lost,2025-09-06
OPP00774,,Prospecting,2025-05-09
OPP00774,Prospecting,Qualification,2025-06-17
OPP00774,Qualification,Solution Design,2025-07-02
OPP00774,Solution Design,Proposal,2025-07-06
OPP00774,Proposal,Negotiation,2025-07-10
OPP00774,Negotiation,Closed Won,2025-09-23
OPP00775,,Prospecting,2025-05-10
OPP00775,Prospecting,Qualification,2025-05-11
OPP00775,Qualification,Solution Design,2025-05-16
OPP00775,Solution Design,Proposal,2025-06-03
OPP00775,Proposal,Negotiation,2025-06-10
OPP00775,Negotiation,Closed Won,2025-06-27
OPP00776,,Prospecting,2025-05-11
OPP00776,Prospecting,Qualification,2025-06-05
OPP00776,Qualification,Solution Design,2025-07-04
OPP00776,Solution Design,Closed Lost,2025-08-30
OPP00777,,Prospecting,2025-05-11
OPP00777,Prospecting,Qualification,2025-05-23
OPP00777,Qualification,Solution Design,2025-06-16
OPP00777,Solution Design,Proposal,2025-08-21
OPP00777,Proposal,Negotiation,2025-09-14
OPP00777,Negotiation,Closed Won,2025-12-25
OPP00778,,Prospecting,2025-05-11
OPP00778,Prospecting,Qualification,2025-05-17
OPP00778,Qualification,Solution Design,2025-05-21
OPP00778,Solution Design,Proposal,2025-05-28
OPP00778,Proposal,Negotiation,2025-06-03
OPP00778,Negotiation,Closed Won,2025-06-16
OPP00779,,Prospecting,2025-05-11
OPP00779,Prospecting,Qualification,2025-05-23
OPP00779,Qualification,Solution Design,2025-05-29
OPP00779,Solution Design,Proposal,2025-06-24
OPP00779,Proposal,Negotiation,2025-09-17
OPP00779,Negotiation,Closed Won,2026-01-26
OPP00780,,Prospecting,2025-05-12
OPP00780,Prospecting,Qualification,2025-06-02
OPP00780,Qualification,Solution Design,2025-06-13
OPP00780,Solution Design,Proposal,2025-06-30
OPP00780,Proposal,Closed Lost,2025-08-15
OPP00781,,Prospecting,2025-05-12
OPP00781,Prospecting,Qualification,2025-08-24
OPP00781,Qualification,Closed Lost,2025-11-01
OPP00782,,Prospecting,2025-05-12
OPP00782,Prospecting,Qualification,2025-05-13
OPP00782,Qualification,Closed Lost,2025-06-19
OPP00783,,Prospecting,2025-05-13
OPP00783,Prospecting,Qualification,2025-05-23
OPP00783,Qualification,Solution Design,2025-06-07
OPP00783,Solution Design,Proposal,2025-06-17
OPP00783,Proposal,Negotiation,2025-06-27
OPP00783,Negotiation,Closed Won,2025-07-25
OPP00784,,Prospecting,2025-05-13
OPP00784,Prospecting,Qualification,2025-05-21
OPP00784,Qualification,Solution Design,2025-06-04
OPP00784,Solution Design,Proposal,2025-08-03
OPP00784,Proposal,Negotiation,2025-08-04
OPP00784,Negotiation,Closed Won,2025-08-15
OPP00785,,Prospecting,2025-05-14
OPP00785,Prospecting,Qualification,2025-05-22
OPP00785,Qualification,Solution Design,2025-05-26
OPP00785,Solution Design,Closed Lost,2025-06-30
OPP00786,,Prospecting,2025-05-14
OPP00786,Prospecting,Qualification,2025-05-21
OPP00786,Qualification,Solution Design,2025-09-23
OPP00786,Solution Design,Proposal,2025-09-27
OPP00786,Proposal,Negotiation,2025-10-22
OPP00786,Negotiation,Closed Won,2025-12-29
OPP00787,,Prospecting,2025-05-15
OPP00787,Prospecting,Qualification,2025-05-21
OPP00787,Qualification,Solution Design,2025-06-10
OPP00787,Solution Design,Proposal,2025-07-31
OPP00787,Proposal,Negotiation,2025-08-13
OPP00787,Negotiation,Closed Lost,2025-09-09
OPP00788,,Prospecting,2025-05-16
OPP00788,Prospecting,Qualification,2025-07-04
OPP00788,Qualification,Solution Design,2025-07-25
OPP00788,Solution Design,Proposal,2025-09-05
OPP00788,Proposal,Negotiation,2025-09-24
OPP00788,Negotiation,Closed Won,2025-09-26
OPP00789,,Prospecting,2025-05-17
OPP00789,Prospecting,Qualification,2025-07-29
OPP00789,Qualification,Closed Lost,2025-09-14
OPP00790,,Prospecting,2025-05-17
OPP00790,Prospecting,Qualification,2025-07-08
OPP00790,Qualification,Solution Design,2025-07-24
OPP00790,Solution Design,Closed Lost,2025-08-09
OPP00791,,Prospecting,2025-05-17
OPP00791,Prospecting,Qualification,2025-05-19
OPP00791,Qualification,Solution Design,2025-05-24
OPP00791,Solution Design,Closed Lost,2025-06-12
OPP00792,,Prospecting,2025-05-18
OPP00792,Prospecting,Qualification,2025-06-06
OPP00792,Qualification,Solution Design,2025-06-28
OPP00792,Solution Design,Proposal,2025-07-16
OPP00792,Proposal,Negotiation,2025-08-07
OPP00792,Negotiation,Closed Won,2025-09-01
OPP00793,,Prospecting,2025-05-18
OPP00793,Prospecting,Qualification,2025-08-11
OPP00793,Qualification,Solution Design,2025-08-20
OPP00793,Solution Design,Proposal,2025-09-04
OPP00793,Proposal,Negotiation,2025-12-05
OPP00793,Negotiation,Closed Won,2026-03-31
OPP00794,,Prospecting,2025-05-19
OPP00794,Prospecting,Qualification,2025-06-18
OPP00794,Qualification,Solution Design,2025-06-19
OPP00794,Solution Design,Proposal,2025-07-02
OPP00794,Proposal,Negotiation,2025-07-17
OPP00794,Negotiation,Closed Won,2025-08-12
OPP00795,,Prospecting,2025-05-19
OPP00795,Prospecting,Qualification,2025-05-28
OPP00795,Qualification,Solution Design,2025-06-30
OPP00795,Solution Design,Proposal,2025-09-05
OPP00795,Proposal,Negotiation,2025-10-22
OPP00795,Negotiation,Closed Won,2025-12-21
OPP00796,,Prospecting,2025-05-19
OPP00796,Prospecting,Qualification,2025-07-27
OPP00796,Qualification,Solution Design,2025-07-31
OPP00796,Solution Design,Proposal,2025-08-25
OPP00796,Proposal,Negotiation,2025-09-05
OPP00796,Negotiation,Closed Won,2025-09-19
OPP00797,,Prospecting,2025-05-19
OPP00797,Prospecting,Qualification,2025-05-27
OPP00797,Qualification,Solution Design,2025-06-12
OPP00797,Solution Design,Closed Lost,2025-07-16
OPP00798,,Prospecting,2025-05-20
OPP00798,Prospecting,Qualification,2025-05-29
OPP00798,Qualification,Solution Design,2025-07-06
OPP00798,Solution Design,Closed Lost,2025-09-20
OPP00799,,Prospecting,2025-05-21
OPP00799,Prospecting,Qualification,2025-05-25
OPP00799,Qualification,Solution Design,2025-06-06
OPP00799,Solution Design,Proposal,2025-06-24
OPP00799,Proposal,Negotiation,2025-06-26
OPP00799,Negotiation,Closed Won,2025-09-28
OPP00800,,Prospecting,2025-05-21
OPP00800,Prospecting,Qualification,2025-06-15
OPP00800,Qualification,Solution Design,2025-07-05
OPP00800,Solution Design,Proposal,2025-07-07
OPP00800,Proposal,Negotiation,2025-07-14
OPP00800,Negotiation,Closed Won,2025-08-03
OPP00801,,Prospecting,2025-05-22
OPP00801,Prospecting,Qualification,2025-05-26
OPP00801,Qualification,Solution Design,2025-05-27
OPP00801,Solution Design,Proposal,2025-06-11
OPP00801,Proposal,Negotiation,2025-07-16
OPP00801,Negotiation,Closed Won,2025-09-20
OPP00802,,Prospecting,2025-05-22
OPP00802,Prospecting,Qualification,2025-05-27
OPP00802,Qualification,Solution Design,2025-05-30
OPP00802,Solution Design,Proposal,2025-06-09
OPP00802,Proposal,Closed Lost,2025-07-23
OPP00803,,Prospecting,2025-05-22
OPP00803,Prospecting,Qualification,2025-06-01
OPP00803,Qualification,Closed Lost,2025-07-13
OPP00804,,Prospecting,2025-05-25
OPP00804,Prospecting,Qualification,2025-05-31
OPP00804,Qualification,Solution Design,2025-06-09
OPP00804,Solution Design,Closed Lost,2025-06-19
OPP00805,,Prospecting,2025-05-25
OPP00805,Prospecting,Qualification,2025-07-12
OPP00805,Qualification,Solution Design,2025-07-19
OPP00805,Solution Design,Proposal,2025-08-20
OPP00805,Proposal,Negotiation,2025-09-01
OPP00805,Negotiation,Closed Won,2025-10-28
OPP00806,,Prospecting,2025-05-25
OPP00806,Prospecting,Qualification,2025-07-17
OPP00806,Qualification,Solution Design,2025-07-31
OPP00806,Solution Design,Proposal,2025-08-27
OPP00806,Proposal,Closed Lost,2025-09-03
OPP00807,,Prospecting,2025-05-26
OPP00807,Prospecting,Qualification,2025-10-02
OPP00807,Qualification,Solution Design,2025-10-20
OPP00807,Solution Design,Closed Lost,2025-11-20
OPP00808,,Prospecting,2025-05-26
OPP00808,Prospecting,Qualification,2025-07-13
OPP00808,Qualification,Closed Lost,2026-01-16
OPP00809,,Prospecting,2025-05-27
OPP00809,Prospecting,Qualification,2025-06-14
OPP00809,Qualification,Solution Design,2025-06-19
OPP00809,Solution Design,Proposal,2025-06-26
OPP00809,Proposal,Negotiation,2025-08-14
OPP00809,Negotiation,Closed Lost,2025-08-17
OPP00810,,Prospecting,2025-05-27
OPP00810,Prospecting,Qualification,2025-06-02
OPP00810,Qualification,Solution Design,2025-06-26
OPP00810,Solution Design,Proposal,2025-07-25
OPP00810,Proposal,Negotiation,2025-07-30
OPP00810,Negotiation,Closed Won,2025-12-24
OPP00811,,Prospecting,2025-05-27
OPP00811,Prospecting,Qualification,2025-06-07
OPP00811,Qualification,Solution Design,2025-06-13
OPP00811,Solution Design,Proposal,2025-06-23
OPP00811,Proposal,Negotiation,2025-07-09
OPP00811,Negotiation,Closed Won,2025-07-22
OPP00812,,Prospecting,2025-05-28
OPP00812,Prospecting,Qualification,2025-06-21
OPP00812,Qualification,Solution Design,2025-07-24
OPP00812,Solution Design,Proposal,2025-08-03
OPP00812,Proposal,Closed Lost,2025-10-03
OPP00813,,Prospecting,2025-05-28
OPP00813,Prospecting,Qualification,2025-07-03
OPP00813,Qualification,Solution Design,2025-07-22
OPP00813,Solution Design,Proposal,2025-08-07
OPP00813,Proposal,Closed Lost,2025-11-30
OPP00814,,Prospecting,2025-05-30
OPP00814,Prospecting,Qualification,2025-06-02
OPP00814,Qualification,Solution Design,2025-06-22
OPP00814,Solution Design,Proposal,2025-06-27
OPP00814,Proposal,Closed Lost,2025-08-22
OPP00815,,Prospecting,2025-05-31
OPP00815,Prospecting,Qualification,2025-06-26
OPP00815,Qualification,Closed Lost,2025-11-10
OPP00816,,Prospecting,2025-05-31
OPP00816,Prospecting,Qualification,2025-07-23
OPP00816,Qualification,Solution Design,2025-08-03
OPP00816,Solution Design,Proposal,2025-08-27
OPP00816,Proposal,Negotiation,2025-09-22
OPP00816,Negotiation,Closed Won,2025-12-24
OPP00817,,Prospecting,2025-05-31
OPP00817,Prospecting,Qualification,2025-06-04
OPP00817,Qualification,Solution Design,2025-07-06
OPP00817,Solution Design,Proposal,2025-07-15
OPP00817,Proposal,Negotiation,2025-09-12
OPP00817,Negotiation,Closed Won,2025-09-26
OPP00818,,Prospecting,2025-05-31
OPP00818,Prospecting,Qualification,2025-07-13
OPP00818,Qualification,Closed Lost,2025-07-27
OPP00819,,Prospecting,2025-05-31
OPP00819,Prospecting,Qualification,2025-06-03
OPP00819,Qualification,Closed Lost,2025-07-26
OPP00820,,Prospecting,2025-06-01
OPP00820,Prospecting,Qualification,2025-07-07
OPP00820,Qualification,Closed Lost,2025-10-18
OPP00821,,Prospecting,2025-06-01
OPP00821,Prospecting,Qualification,2025-07-10
OPP00821,Qualification,Solution Design,2025-09-19
OPP00821,Solution Design,Closed Lost,2025-11-18
OPP00822,,Prospecting,2025-06-02
OPP00822,Prospecting,Qualification,2025-06-06
OPP00822,Qualification,Solution Design,2025-06-23
OPP00822,Solution Design,Proposal,2025-07-18
OPP00822,Proposal,Negotiation,2025-07-19
OPP00822,Negotiation,Closed Won,2025-09-23
OPP00823,,Prospecting,2025-06-03
OPP00823,Prospecting,Qualification,2025-07-09
OPP00823,Qualification,Solution Design,2025-09-19
OPP00823,Solution Design,Proposal,2025-09-24
OPP00823,Proposal,Closed Lost,2025-11-15
OPP00824,,Prospecting,2025-06-03
OPP00824,Prospecting,Qualification,2025-06-04
OPP00824,Qualification,Solution Design,2025-08-07
OPP00824,Solution Design,Proposal,2025-08-30
OPP00824,Proposal,Closed Lost,2025-10-18
OPP00825,,Prospecting,2025-06-04
OPP00825,Prospecting,Qualification,2025-06-07
OPP00825,Qualification,Solution Design,2025-06-08
OPP00825,Solution Design,Proposal,2025-06-16
OPP00825,Proposal,Closed Lost,2025-06-22
OPP00826,,Prospecting,2025-06-05
OPP00826,Prospecting,Qualification,2025-06-12
OPP00826,Qualification,Closed Lost,2025-09-17
OPP00827,,Prospecting,2025-06-05
OPP00827,Prospecting,Qualification,2025-07-25
OPP00827,Qualification,Solution Design,2025-08-01
OPP00827,Solution Design,Proposal,2025-10-07
OPP00827,Proposal,Negotiation,2025-10-09
OPP00827,Negotiation,Closed Won,2025-12-06
OPP00828,,Prospecting,2025-06-06
OPP00828,Prospecting,Qualification,2025-06-16
OPP00828,Qualification,Solution Design,2025-06-17
OPP00828,Solution Design,Proposal,2025-06-18
OPP00828,Proposal,Negotiation,2025-06-20
OPP00828,Negotiation,Closed Lost,2025-07-22
OPP00829,,Prospecting,2025-06-06
OPP00829,Prospecting,Qualification,2025-06-09
OPP00829,Qualification,Solution Design,2025-06-30
OPP00829,Solution Design,Proposal,2025-09-15
OPP00829,Proposal,Negotiation,2025-10-26
OPP00829,Negotiation,Closed Won,2025-12-28
OPP00830,,Prospecting,2025-06-07
OPP00830,Prospecting,Qualification,2025-07-13
OPP00830,Qualification,Solution Design,2025-08-10
OPP00830,Solution Design,Proposal,2025-09-11
OPP00830,Proposal,Negotiation,2025-11-16
OPP00830,Negotiation,Closed Lost,2026-02-21
OPP00831,,Prospecting,2025-06-08
OPP00831,Prospecting,Qualification,2025-06-29
OPP00831,Qualification,Solution Design,2025-07-03
OPP00831,Solution Design,Proposal,2025-07-04
OPP00831,Proposal,Closed Lost,2025-08-08
OPP00832,,Prospecting,2025-06-09
OPP00832,Prospecting,Qualification,2025-06-16
OPP00832,Qualification,Solution Design,2025-07-01
OPP00832,Solution Design,Proposal,2025-07-03
OPP00832,Proposal,Negotiation,2025-07-05
OPP00832,Negotiation,Closed Won,2025-09-21
OPP00833,,Prospecting,2025-06-11
OPP00833,Prospecting,Qualification,2025-07-17
OPP00833,Qualification,Solution Design,2025-08-23
OPP00833,Solution Design,Proposal,2025-09-08
OPP00833,Proposal,Negotiation,2025-11-20
OPP00833,Negotiation,Closed Won,2025-12-18
OPP00834,,Prospecting,2025-06-11
OPP00834,Prospecting,Qualification,2025-06-22
OPP00834,Qualification,Solution Design,2025-07-12
OPP00834,Solution Design,Proposal,2025-07-17
OPP00834,Proposal,Closed Lost,2025-08-18
OPP00835,,Prospecting,2025-06-11
OPP00835,Prospecting,Qualification,2025-08-29
OPP00835,Qualification,Solution Design,2025-08-30
OPP00835,Solution Design,Closed Lost,2025-09-28
OPP00836,,Prospecting,2025-06-12
OPP00836,Prospecting,Qualification,2025-08-10
OPP00836,Qualification,Solution Design,2025-08-14
OPP00836,Solution Design,Closed Lost,2025-08-20
OPP00837,,Prospecting,2025-06-12
OPP00837,Prospecting,Qualification,2025-08-30
OPP00837,Qualification,Solution Design,2025-08-31
OPP00837,Solution Design,Proposal,2025-09-21
OPP00837,Proposal,Closed Lost,2025-09-25
OPP00838,,Prospecting,2025-06-13
OPP00838,Prospecting,Qualification,2025-07-01
OPP00838,Qualification,Solution Design,2025-07-27
OPP00838,Solution Design,Proposal,2025-08-15
OPP00838,Proposal,Negotiation,2025-09-07
OPP00838,Negotiation,Closed Won,2025-09-12
OPP00839,,Prospecting,2025-06-13
OPP00839,Prospecting,Qualification,2025-07-06
OPP00839,Qualification,Solution Design,2025-09-22
OPP00839,Solution Design,Proposal,2025-10-02
OPP00839,Proposal,Negotiation,2025-11-13
OPP00839,Negotiation,Closed Won,2026-01-04
OPP00840,,Prospecting,2025-06-13
OPP00840,Prospecting,Qualification,2025-06-15
OPP00840,Qualification,Solution Design,2025-07-10
OPP00840,Solution Design,Proposal,2025-07-19
OPP00840,Proposal,Negotiation,2025-09-11
OPP00840,Negotiation,Closed Won,2025-11-25
OPP00841,,Prospecting,2025-06-14
OPP00841,Prospecting,Qualification,2025-06-24
OPP00841,Qualification,Solution Design,2025-07-19
OPP00841,Solution Design,Proposal,2025-09-02
OPP00841,Proposal,Negotiation,2025-10-31
OPP00841,Negotiation,Closed Won,2025-12-10
OPP00842,,Prospecting,2025-06-15
OPP00842,Prospecting,Qualification,2025-06-20
OPP00842,Qualification,Solution Design,2025-06-25
OPP00842,Solution Design,Proposal,2025-07-13
OPP00842,Proposal,Negotiation,2025-08-18
OPP00842,Negotiation,Closed Won,2025-09-18
OPP00843,,Prospecting,2025-06-15
OPP00843,Prospecting,Qualification,2025-06-20
OPP00843,Qualification,Solution Design,2025-07-02
OPP00843,Solution Design,Proposal,2025-07-12
OPP00843,Proposal,Negotiation,2025-07-16
OPP00843,Negotiation,Closed Lost,2025-08-15
OPP00844,,Prospecting,2025-06-16
OPP00844,Prospecting,Qualification,2025-06-20
OPP00844,Qualification,Solution Design,2025-07-01
OPP00844,Solution Design,Proposal,2025-07-12
OPP00844,Proposal,Negotiation,2025-07-16
OPP00844,Negotiation,Closed Lost,2025-08-13
OPP00845,,Prospecting,2025-06-17
OPP00845,Prospecting,Qualification,2025-07-07
OPP00845,Qualification,Solution Design,2025-07-31
OPP00845,Solution Design,Closed Lost,2025-08-07
OPP00846,,Prospecting,2025-06-18
OPP00846,Prospecting,Qualification,2025-06-19
OPP00846,Qualification,Solution Design,2025-06-21
OPP00846,Solution Design,Proposal,2025-06-25
OPP00846,Proposal,Closed Lost,2025-07-03
OPP00847,,Prospecting,2025-06-18
OPP00847,Prospecting,Qualification,2025-06-25
OPP00847,Qualification,Solution Design,2025-07-01
OPP00847,Solution Design,Proposal,2025-07-05
OPP00847,Proposal,Closed Lost,2025-08-25
OPP00848,,Prospecting,2025-06-19
OPP00848,Prospecting,Qualification,2025-07-05
OPP00848,Qualification,Solution Design,2025-08-19
OPP00848,Solution Design,Proposal,2025-09-05
OPP00848,Proposal,Negotiation,2025-09-11
OPP00848,Negotiation,Closed Won,2025-09-17
OPP00849,,Prospecting,2025-06-20
OPP00849,Prospecting,Qualification,2025-06-24
OPP00849,Qualification,Solution Design,2025-06-26
OPP00849,Solution Design,Proposal,2025-07-09
OPP00849,Proposal,Negotiation,2025-07-10
OPP00849,Negotiation,Closed Won,2025-07-18
OPP00850,,Prospecting,2025-06-20
OPP00850,Prospecting,Qualification,2025-06-24
OPP00850,Qualification,Solution Design,2025-07-31
OPP00850,Solution Design,Proposal,2025-08-06
OPP00850,Proposal,Negotiation,2025-09-10
OPP00850,Negotiation,Closed Won,2025-09-30
OPP00851,,Prospecting,2025-06-20
OPP00851,Prospecting,Qualification,2025-07-27
OPP00851,Qualification,Closed Lost,2025-08-16
OPP00852,,Prospecting,2025-06-20
OPP00852,Prospecting,Qualification,2025-06-25
OPP00852,Qualification,Solution Design,2025-07-27
OPP00852,Solution Design,Closed Lost,2025-10-12
OPP00853,,Prospecting,2025-06-21
OPP00853,Prospecting,Qualification,2025-07-09
OPP00853,Qualification,Solution Design,2025-07-27
OPP00853,Solution Design,Closed Lost,2025-10-02
OPP00854,,Prospecting,2025-06-21
OPP00854,Prospecting,Qualification,2025-06-30
OPP00854,Qualification,Solution Design,2025-07-12
OPP00854,Solution Design,Proposal,2025-07-25
OPP00854,Proposal,Negotiation,2025-08-19
OPP00854,Negotiation,Closed Won,2025-09-19
OPP00855,,Prospecting,2025-06-21
OPP00855,Prospecting,Qualification,2025-07-08
OPP00855,Qualification,Solution Design,2025-07-11
OPP00855,Solution Design,Proposal,2025-12-02
OPP00855,Proposal,Closed Lost,2026-02-26
OPP00856,,Prospecting,2025-06-22
OPP00856,Prospecting,Qualification,2025-08-09
OPP00856,Qualification,Solution Design,2025-09-10
OPP00856,Solution Design,Closed Lost,2025-11-04
OPP00857,,Prospecting,2025-06-23
OPP00857,Prospecting,Qualification,2025-07-01
OPP00857,Qualification,Solution Design,2025-07-16
OPP00857,Solution Design,Proposal,2025-08-29
OPP00857,Proposal,Negotiation,2025-09-15
OPP00857,Negotiation,Closed Lost,2025-11-04
OPP00858,,Prospecting,2025-06-24
OPP00858,Prospecting,Qualification,2025-09-04
OPP00858,Qualification,Solution Design,2025-09-24
OPP00858,Solution Design,Closed Lost,2025-11-06
OPP00859,,Prospecting,2025-06-25
OPP00859,Prospecting,Qualification,2025-07-06
OPP00859,Qualification,Solution Design,2025-10-26
OPP00859,Solution Design,Closed Lost,2025-11-27
OPP00860,,Prospecting,2025-06-25
OPP00860,Prospecting,Qualification,2025-06-28
OPP00860,Qualification,Solution Design,2025-06-30
OPP00860,Solution Design,Proposal,2025-07-03
OPP00860,Proposal,Negotiation,2025-08-28
OPP00860,Negotiation,Closed Won,2025-12-22
OPP00861,,Prospecting,2025-06-27
OPP00861,Prospecting,Qualification,2025-07-18
OPP00861,Qualification,Solution Design,2025-08-16
OPP00861,Solution Design,Proposal,2025-09-07
OPP00861,Proposal,Negotiation,2025-09-10
OPP00861,Negotiation,Closed Won,2025-12-30
OPP00862,,Prospecting,2025-06-28
OPP00862,Prospecting,Qualification,2025-07-12
OPP00862,Qualification,Solution Design,2025-07-29
OPP00862,Solution Design,Closed Lost,2025-09-26
OPP00863,,Prospecting,2025-06-28
OPP00863,Prospecting,Qualification,2025-07-03
OPP00863,Qualification,Solution Design,2025-07-16
OPP00863,Solution Design,Proposal,2025-07-22
OPP00863,Proposal,Negotiation,2025-08-02
OPP00863,Negotiation,Closed Won,2025-09-08
OPP00864,,Prospecting,2025-06-29
OPP00864,Prospecting,Qualification,2025-07-17
OPP00864,Qualification,Closed Lost,2025-11-28
OPP00865,,Prospecting,2025-06-30
OPP00865,Prospecting,Qualification,2025-08-23
OPP00865,Qualification,Closed Lost,2025-11-08
OPP00866,,Prospecting,2025-06-30
OPP00866,Prospecting,Qualification,2025-09-02
OPP00866,Qualification,Solution Design,2025-09-27
OPP00866,Solution Design,Closed Lost,2025-11-18
OPP00867,,Prospecting,2025-07-01
OPP00867,Prospecting,Qualification,2025-07-13
OPP00867,Qualification,Solution Design,2025-08-01
OPP00867,Solution Design,Proposal,2025-08-08
OPP00867,Proposal,Closed Lost,2025-08-15
OPP00868,,Prospecting,2025-07-01
OPP00868,Prospecting,Qualification,2025-07-31
OPP00868,Qualification,Solution Design,2025-08-29
OPP00868,Solution Design,Proposal,2025-09-04
OPP00868,Proposal,Negotiation,2025-09-15
OPP00868,Negotiation,Closed Won,2025-11-01
OPP00869,,Prospecting,2025-07-02
OPP00869,Prospecting,Qualification,2025-07-24
OPP00869,Qualification,Solution Design,2025-09-15
OPP00869,Solution Design,Proposal,2025-12-02
OPP00869,Proposal,Negotiation,2025-12-03
OPP00869,Negotiation,Closed Won,2026-03-23
OPP00870,,Prospecting,2025-07-02
OPP00870,Prospecting,Qualification,2025-08-07
OPP00870,Qualification,Solution Design,2025-08-26
OPP00870,Solution Design,Proposal,2025-08-31
OPP00870,Proposal,Closed Lost,2025-12-16
OPP00871,,Prospecting,2025-07-03
OPP00871,Prospecting,Qualification,2025-07-23
OPP00871,Qualification,Solution Design,2025-10-23
OPP00871,Solution Design,Proposal,2025-11-18
OPP00871,Proposal,Negotiation,2026-02-12
OPP00871,Negotiation,Closed Won,2026-03-27
OPP00872,,Prospecting,2025-07-04
OPP00872,Prospecting,Qualification,2025-07-20
OPP00872,Qualification,Closed Lost,2025-09-24
OPP00873,,Prospecting,2025-07-04
OPP00873,Prospecting,Qualification,2025-07-11
OPP00873,Qualification,Solution Design,2025-07-13
OPP00873,Solution Design,Proposal,2025-08-11
OPP00873,Proposal,Closed Lost,2025-10-26
OPP00874,,Prospecting,2025-07-04
OPP00874,Prospecting,Qualification,2025-08-13
OPP00874,Qualification,Solution Design,2025-09-13
OPP00874,Solution Design,Closed Lost,2025-09-23
OPP00875,,Prospecting,2025-07-06
OPP00875,Prospecting,Qualification,2025-08-20
OPP00875,Qualification,Solution Design,2025-11-11
OPP00875,Solution Design,Proposal,2025-11-18
OPP00875,Proposal,Negotiation,2025-12-23
OPP00875,Negotiation,Closed Won,2026-03-27
OPP00876,,Prospecting,2025-07-06
OPP00876,Prospecting,Qualification,2025-07-19
OPP00876,Qualification,Solution Design,2025-07-20
OPP00876,Solution Design,Proposal,2025-07-24
OPP00876,Proposal,Negotiation,2025-08-12
OPP00876,Negotiation,Closed Won,2025-09-04
OPP00877,,Prospecting,2025-07-08
OPP00877,Prospecting,Qualification,2025-07-15
OPP00877,Qualification,Solution Design,2025-07-22
OPP00877,Solution Design,Proposal,2025-07-23
OPP00877,Proposal,Negotiation,2025-07-25
OPP00877,Negotiation,Closed Lost,2025-08-14
OPP00878,,Prospecting,2025-07-09
OPP00878,Prospecting,Qualification,2025-07-23
OPP00878,Qualification,Solution Design,2025-08-26
OPP00878,Solution Design,Closed Lost,2025-09-01
OPP00879,,Prospecting,2025-07-09
OPP00879,Prospecting,Qualification,2025-09-08
OPP00879,Qualification,Solution Design,2025-09-12
OPP00879,Solution Design,Proposal,2025-10-12
OPP00879,Proposal,Negotiation,2025-11-06
OPP00879,Negotiation,Closed Won,2025-12-27
OPP00880,,Prospecting,2025-07-09
OPP00880,Prospecting,Qualification,2025-07-11
OPP00880,Qualification,Solution Design,2025-07-24
OPP00880,Solution Design,Proposal,2025-08-04
OPP00880,Proposal,Closed Lost,2025-08-27
OPP00881,,Prospecting,2025-07-10
OPP00881,Prospecting,Qualification,2025-08-06
OPP00881,Qualification,Closed Lost,2025-09-10
OPP00882,,Prospecting,2025-07-10
OPP00882,Prospecting,Qualification,2025-07-31
OPP00882,Qualification,Solution Design,2025-08-02
OPP00882,Solution Design,Proposal,2025-09-01
OPP00882,Proposal,Negotiation,2025-09-12
OPP00882,Negotiation,Closed Won,2025-12-26
OPP00883,,Prospecting,2025-07-11
OPP00883,Prospecting,Qualification,2025-07-24
OPP00883,Qualification,Solution Design,2025-08-04
OPP00883,Solution Design,Proposal,2025-08-23
OPP00883,Proposal,Negotiation,2025-10-10
OPP00883,Negotiation,Closed Lost,2025-10-27
OPP00884,,Prospecting,2025-07-12
OPP00884,Prospecting,Qualification,2025-07-14
OPP00884,Qualification,Solution Design,2025-07-18
OPP00884,Solution Design,Closed Lost,2025-09-03
OPP00885,,Prospecting,2025-07-12
OPP00885,Prospecting,Qualification,2025-07-17
OPP00885,Qualification,Solution Design,2025-09-11
OPP00885,Solution Design,Closed Lost,2025-11-24
OPP00886,,Prospecting,2025-07-13
OPP00886,Prospecting,Qualification,2025-08-25
OPP00886,Qualification,Solution Design,2025-10-02
OPP00886,Solution Design,Proposal,2025-10-29
OPP00886,Proposal,Negotiation,2025-11-04
OPP00886,Negotiation,Closed Won,2025-11-15
OPP00887,,Prospecting,2025-07-13
OPP00887,Prospecting,Qualification,2025-07-15
OPP00887,Qualification,Solution Design,2025-08-09
OPP00887,Solution Design,Proposal,2025-08-12
OPP00887,Proposal,Negotiation,2025-08-18
OPP00887,Negotiation,Closed Won,2025-09-04
OPP00888,,Prospecting,2025-07-13
OPP00888,Prospecting,Qualification,2025-07-20
OPP00888,Qualification,Closed Lost,2025-09-25
OPP00889,,Prospecting,2025-07-13
OPP00889,Prospecting,Qualification,2025-07-22
OPP00889,Qualification,Solution Design,2025-08-01
OPP00889,Solution Design,Proposal,2025-09-02
OPP00889,Proposal,Negotiation,2025-09-16
OPP00889,Negotiation,Closed Won,2025-09-24
OPP00890,,Prospecting,2025-07-14
OPP00890,Prospecting,Qualification,2025-08-31
OPP00890,Qualification,Solution Design,2025-12-15
OPP00890,Solution Design,Proposal,2026-02-26
OPP00890,Proposal,Negotiation,2026-06-08
OPP00890,Negotiation,Closed Won,2026-09-14
OPP00891,,Prospecting,2025-07-14
OPP00891,Prospecting,Qualification,2025-08-15
OPP00891,Qualification,Solution Design,2025-10-01
OPP00891,Solution Design,Proposal,2025-11-18
OPP00891,Proposal,Closed Lost,2025-11-22
OPP00892,,Prospecting,2025-07-15
OPP00892,Prospecting,Qualification,2025-08-03
OPP00892,Qualification,Solution Design,2025-08-05
OPP00892,Solution Design,Proposal,2025-09-12
OPP00892,Proposal,Negotiation,2025-09-25
OPP00892,Negotiation,Closed Won,2025-10-04
OPP00893,,Prospecting,2025-07-15
OPP00893,Prospecting,Qualification,2025-10-23
OPP00893,Qualification,Solution Design,2026-02-22
OPP00893,Solution Design,Closed Lost,2026-04-25
OPP00894,,Prospecting,2025-07-15
OPP00894,Prospecting,Qualification,2025-08-06
OPP00894,Qualification,Solution Design,2025-08-30
OPP00894,Solution Design,Proposal,2025-09-13
OPP00894,Proposal,Negotiation,2025-09-17
OPP00894,Negotiation,Closed Won,2025-09-30
OPP00895,,Prospecting,2025-07-15
OPP00895,Prospecting,Qualification,2025-07-23
OPP00895,Qualification,Solution Design,2025-08-21
OPP00895,Solution Design,Proposal,2025-09-25
OPP00895,Proposal,Negotiation,2025-10-05
OPP00895,Negotiation,Closed Won,2025-12-06
OPP00896,,Prospecting,2025-07-16
OPP00896,Prospecting,Qualification,2025-07-22
OPP00896,Qualification,Solution Design,2025-08-16
OPP00896,Solution Design,Proposal,2025-09-03
OPP00896,Proposal,Negotiation,2025-10-02
OPP00896,Negotiation,Closed Lost,2025-11-18
OPP00897,,Prospecting,2025-07-17
OPP00897,Prospecting,Qualification,2025-08-16
OPP00897,Qualification,Closed Lost,2025-10-24
OPP00898,,Prospecting,2025-07-18
OPP00898,Prospecting,Qualification,2025-08-26
OPP00898,Qualification,Solution Design,2025-09-24
OPP00898,Solution Design,Proposal,2025-11-03
OPP00898,Proposal,Negotiation,2025-11-12
OPP00898,Negotiation,Closed Lost,2025-12-01
OPP00899,,Prospecting,2025-07-18
OPP00899,Prospecting,Qualification,2025-08-23
OPP00899,Qualification,Solution Design,2025-11-07
OPP00899,Solution Design,Closed Lost,2026-01-07
OPP00900,,Prospecting,2025-07-19
OPP00900,Prospecting,Qualification,2025-09-25
OPP00900,Qualification,Solution Design,2025-10-14
OPP00900,Solution Design,Proposal,2025-10-19
OPP00900,Proposal,Negotiation,2025-10-21
OPP00900,Negotiation,Closed Won,2025-12-26
OPP00901,,Prospecting,2025-07-19
OPP00901,Prospecting,Qualification,2025-07-27
OPP00901,Qualification,Solution Design,2025-07-28
OPP00901,Solution Design,Closed Lost,2025-08-23
OPP00902,,Prospecting,2025-07-20
OPP00902,Prospecting,Qualification,2025-08-04
OPP00902,Qualification,Solution Design,2025-09-02
OPP00902,Solution Design,Proposal,2025-09-07
OPP00902,Proposal,Negotiation,2025-10-20
OPP00902,Negotiation,Closed Won,2025-12-22
OPP00903,,Prospecting,2025-07-20
OPP00903,Prospecting,Qualification,2025-08-04
OPP00903,Qualification,Solution Design,2025-08-12
OPP00903,Solution Design,Closed Lost,2025-11-19
OPP00904,,Prospecting,2025-07-20
OPP00904,Prospecting,Qualification,2025-08-30
OPP00904,Qualification,Solution Design,2025-10-15
OPP00904,Solution Design,Proposal,2025-12-30
OPP00904,Proposal,Negotiation,2026-02-13
OPP00904,Negotiation,Closed Won,2026-04-10
OPP00905,,Prospecting,2025-07-21
OPP00905,Prospecting,Qualification,2025-08-10
OPP00905,Qualification,Solution Design,2025-08-22
OPP00905,Solution Design,Proposal,2025-08-24
OPP00905,Proposal,Negotiation,2025-08-30
OPP00905,Negotiation,Closed Won,2025-09-17
OPP00906,,Prospecting,2025-07-22
OPP00906,Prospecting,Qualification,2025-08-12
OPP00906,Qualification,Closed Lost,2025-10-21
OPP00907,,Prospecting,2025-07-22
OPP00907,Prospecting,Qualification,2025-08-16
OPP00907,Qualification,Closed Lost,2025-09-09
OPP00908,,Prospecting,2025-07-22
OPP00908,Prospecting,Qualification,2025-10-22
OPP00908,Qualification,Closed Lost,2025-12-01
OPP00909,,Prospecting,2025-07-22
OPP00909,Prospecting,Qualification,2025-10-31
OPP00909,Qualification,Closed Lost,2025-12-24
OPP00910,,Prospecting,2025-07-23
OPP00910,Prospecting,Qualification,2025-08-10
OPP00910,Qualification,Solution Design,2025-09-29
OPP00910,Solution Design,Proposal,2025-10-02
OPP00910,Proposal,Negotiation,2025-10-16
OPP00910,Negotiation,Closed Won,2025-12-26
OPP00911,,Prospecting,2025-07-24
OPP00911,Prospecting,Qualification,2025-08-07
OPP00911,Qualification,Solution Design,2025-08-11
OPP00911,Solution Design,Proposal,2025-08-13
OPP00911,Proposal,Negotiation,2025-09-07
OPP00911,Negotiation,Closed Won,2025-10-02
OPP00912,,Prospecting,2025-07-24
OPP00912,Prospecting,Qualification,2025-08-26
OPP00912,Qualification,Closed Lost,2025-10-09
OPP00913,,Prospecting,2025-07-24
OPP00913,Prospecting,Qualification,2025-08-13
OPP00913,Qualification,Solution Design,2025-09-06
OPP00913,Solution Design,Closed Lost,2025-10-07
OPP00914,,Prospecting,2025-07-24
OPP00914,Prospecting,Qualification,2025-07-28
OPP00914,Qualification,Solution Design,2025-08-08
OPP00914,Solution Design,Proposal,2025-08-15
OPP00914,Proposal,Negotiation,2025-09-04
OPP00914,Negotiation,Closed Won,2025-09-29
OPP00915,,Prospecting,2025-07-25
OPP00915,Prospecting,Qualification,2025-07-26
OPP00915,Qualification,Solution Design,2025-07-30
OPP00915,Solution Design,Proposal,2025-08-12
OPP00915,Proposal,Closed Lost,2025-08-22
OPP00916,,Prospecting,2025-07-26
OPP00916,Prospecting,Qualification,2025-08-02
OPP00916,Qualification,Solution Design,2025-09-15
OPP00916,Solution Design,Proposal,2025-09-17
OPP00916,Proposal,Negotiation,2025-10-11
OPP00916,Negotiation,Closed Won,2025-12-31
OPP00917,,Prospecting,2025-07-27
OPP00917,Prospecting,Qualification,2025-08-09
OPP00917,Qualification,Solution Design,2025-08-15
OPP00917,Solution Design,Proposal,2025-08-25
OPP00917,Proposal,Negotiation,2025-08-28
OPP00917,Negotiation,Closed Won,2025-10-21
OPP00918,,Prospecting,2025-07-27
OPP00918,Prospecting,Qualification,2025-09-01
OPP00918,Qualification,Solution Design,2025-10-06
OPP00918,Solution Design,Proposal,2025-10-24
OPP00918,Proposal,Closed Lost,2025-11-27
OPP00919,,Prospecting,2025-07-27
OPP00919,Prospecting,Qualification,2025-08-12
OPP00919,Qualification,Solution Design,2025-08-23
OPP00919,Solution Design,Closed Lost,2025-09-26
OPP00920,,Prospecting,2025-07-28
OPP00920,Prospecting,Qualification,2025-08-02
OPP00920,Qualification,Solution Design,2025-08-09
OPP00920,Solution Design,Proposal,2025-08-16
OPP00920,Proposal,Negotiation,2025-08-30
OPP00920,Negotiation,Closed Won,2025-10-04
OPP00921,,Prospecting,2025-07-28
OPP00921,Prospecting,Qualification,2025-08-13
OPP00921,Qualification,Solution Design,2025-10-15
OPP00921,Solution Design,Proposal,2025-10-23
OPP00921,Proposal,Negotiation,2025-11-02
OPP00921,Negotiation,Closed Won,2025-12-20
OPP00922,,Prospecting,2025-07-28
OPP00922,Prospecting,Qualification,2025-11-09
OPP00922,Qualification,Solution Design,2025-11-21
OPP00922,Solution Design,Proposal,2025-12-14
OPP00922,Proposal,Negotiation,2026-03-07
OPP00922,Negotiation,Closed Won,2026-03-29
OPP00923,,Prospecting,2025-07-29
OPP00923,Prospecting,Qualification,2025-08-01
OPP00923,Qualification,Solution Design,2025-09-01
OPP00923,Solution Design,Proposal,2025-10-09
OPP00923,Proposal,Negotiation,2025-12-22
OPP00923,Negotiation,Closed Won,2026-03-29
OPP00924,,Prospecting,2025-07-30
OPP00924,Prospecting,Qualification,2025-08-28
OPP00924,Qualification,Solution Design,2025-09-16
OPP00924,Solution Design,Proposal,2025-09-17
OPP00924,Proposal,Negotiation,2025-09-21
OPP00924,Negotiation,Closed Won,2025-09-26
OPP00925,,Prospecting,2025-07-30
OPP00925,Prospecting,Qualification,2025-08-20
OPP00925,Qualification,Solution Design,2025-08-24
OPP00925,Solution Design,Proposal,2025-09-02
OPP00925,Proposal,Negotiation,2025-09-05
OPP00925,Negotiation,Closed Won,2025-09-17
OPP00926,,Prospecting,2025-07-31
OPP00926,Prospecting,Qualification,2025-08-05
OPP00926,Qualification,Solution Design,2025-08-16
OPP00926,Solution Design,Proposal,2025-08-18
OPP00926,Proposal,Negotiation,2025-09-01
OPP00926,Negotiation,Closed Won,2025-09-15
OPP00927,,Prospecting,2025-08-01
OPP00927,Prospecting,Qualification,2025-08-21
OPP00927,Qualification,Solution Design,2025-08-27
OPP00927,Solution Design,Proposal,2025-08-30
OPP00927,Proposal,Negotiation,2025-09-11
OPP00927,Negotiation,Closed Won,2025-09-20
OPP00928,,Prospecting,2025-08-01
OPP00928,Prospecting,Qualification,2025-08-04
OPP00928,Qualification,Solution Design,2025-08-15
OPP00928,Solution Design,Proposal,2025-08-24
OPP00928,Proposal,Negotiation,2025-09-03
OPP00928,Negotiation,Closed Lost,2025-09-27
OPP00929,,Prospecting,2025-08-01
OPP00929,Prospecting,Qualification,2025-09-21
OPP00929,Qualification,Solution Design,2025-09-27
OPP00929,Solution Design,Proposal,2025-10-05
OPP00929,Proposal,Negotiation,2025-10-08
OPP00929,Negotiation,Closed Won,2025-10-16
OPP00930,,Prospecting,2025-08-03
OPP00930,Prospecting,Qualification,2025-11-03
OPP00930,Qualification,Solution Design,2026-01-30
OPP00930,Solution Design,Proposal,2026-01-31
OPP00930,Proposal,Negotiation,2026-02-24
OPP00930,Negotiation,Closed Won,2026-03-19
OPP00931,,Prospecting,2025-08-03
OPP00931,Prospecting,Qualification,2025-08-06
OPP00931,Qualification,Solution Design,2025-08-14
OPP00931,Solution Design,Proposal,2025-08-20
OPP00931,Proposal,Negotiation,2025-08-30
OPP00931,Negotiation,Closed Won,2025-10-27
OPP00932,,Prospecting,2025-08-04
OPP00932,Prospecting,Qualification,2025-08-05
OPP00932,Qualification,Solution Design,2025-08-16
OPP00932,Solution Design,Proposal,2025-08-24
OPP00932,Proposal,Negotiation,2025-09-04
OPP00932,Negotiation,Closed Won,2025-09-10
OPP00933,,Prospecting,2025-08-04
OPP00933,Prospecting,Qualification,2025-11-05
OPP00933,Qualification,Solution Design,2025-12-01
OPP00933,Solution Design,Proposal,2025-12-25
OPP00933,Proposal,Negotiation,2026-02-04
OPP00934,,Prospecting,2025-08-04
OPP00934,Prospecting,Qualification,2025-09-26
OPP00934,Qualification,Solution Design,2025-10-04
OPP00934,Solution Design,Proposal,2025-11-16
OPP00934,Proposal,Negotiation,2025-11-17
OPP00934,Negotiation,Closed Won,2025-12-22
OPP00935,,Prospecting,2025-08-05
OPP00935,Prospecting,Qualification,2025-08-23
OPP00935,Qualification,Solution Design,2025-09-03
OPP00935,Solution Design,Proposal,2025-09-22
OPP00935,Proposal,Negotiation,2025-10-08
OPP00935,Negotiation,Closed Won,2025-12-20
OPP00936,,Prospecting,2025-08-05
OPP00936,Prospecting,Qualification,2025-08-09
OPP00936,Qualification,Solution Design,2025-08-11
OPP00936,Solution Design,Proposal,2025-09-03
OPP00936,Proposal,Closed Lost,2025-11-08
OPP00937,,Prospecting,2025-08-06
OPP00937,Prospecting,Qualification,2025-09-06
OPP00937,Qualification,Solution Design,2025-09-14
OPP00937,Solution Design,Proposal,2025-09-17
OPP00937,Proposal,Closed Lost,2025-11-19
OPP00938,,Prospecting,2025-08-06
OPP00938,Prospecting,Qualification,2025-08-09
OPP00938,Qualification,Solution Design,2025-08-18
OPP00938,Solution Design,Proposal,2025-08-20
OPP00938,Proposal,Negotiation,2025-09-07
OPP00938,Negotiation,Closed Won,2025-09-16
OPP00939,,Prospecting,2025-08-06
OPP00939,Prospecting,Qualification,2025-08-08
OPP00939,Qualification,Solution Design,2025-08-11
OPP00939,Solution Design,Proposal,2025-08-12
OPP00939,Proposal,Closed Lost,2025-10-07
OPP00940,,Prospecting,2025-08-07
OPP00940,Prospecting,Qualification,2025-08-23
OPP00940,Qualification,Closed Lost,2025-11-11
OPP00941,,Prospecting,2025-08-07
OPP00941,Prospecting,Qualification,2025-09-16
OPP00941,Qualification,Solution Design,2025-10-02
OPP00941,Solution Design,Proposal,2025-11-14
OPP00941,Proposal,Closed Lost,2025-12-27
OPP00942,,Prospecting,2025-08-08
OPP00942,Prospecting,Qualification,2025-08-11
OPP00942,Qualification,Closed Lost,2025-09-03
OPP00943,,Prospecting,2025-08-08
OPP00943,Prospecting,Qualification,2025-08-17
OPP00943,Qualification,Solution Design,2025-09-15
OPP00943,Solution Design,Proposal,2025-09-18
OPP00943,Proposal,Negotiation,2025-10-05
OPP00943,Negotiation,Closed Won,2025-10-11
OPP00944,,Prospecting,2025-08-09
OPP00944,Prospecting,Qualification,2025-09-01
OPP00944,Qualification,Closed Lost,2025-11-27
OPP00945,,Prospecting,2025-08-09
OPP00945,Prospecting,Qualification,2025-10-10
OPP00945,Qualification,Solution Design,2025-11-04
OPP00945,Solution Design,Proposal,2025-11-12
OPP00945,Proposal,Negotiation,2026-01-30
OPP00945,Negotiation,Closed Lost,2026-03-13
OPP00946,,Prospecting,2025-08-09
OPP00946,Prospecting,Qualification,2025-09-14
OPP00946,Qualification,Solution Design,2025-09-30
OPP00946,Solution Design,Proposal,2025-10-03
OPP00946,Proposal,Negotiation,2025-11-28
OPP00946,Negotiation,Closed Won,2025-12-05
OPP00947,,Prospecting,2025-08-10
OPP00947,Prospecting,Qualification,2025-08-11
OPP00947,Qualification,Solution Design,2025-09-02
OPP00947,Solution Design,Closed Lost,2025-11-27
OPP00948,,Prospecting,2025-08-11
OPP00948,Prospecting,Qualification,2025-09-02
OPP00948,Qualification,Solution Design,2025-09-03
OPP00948,Solution Design,Proposal,2025-09-16
OPP00948,Proposal,Negotiation,2025-09-22
OPP00948,Negotiation,Closed Won,2025-09-28
OPP00949,,Prospecting,2025-08-12
OPP00949,Prospecting,Qualification,2025-08-18
OPP00949,Qualification,Solution Design,2025-10-02
OPP00949,Solution Design,Closed Lost,2025-10-09
OPP00950,,Prospecting,2025-08-12
OPP00950,Prospecting,Qualification,2025-08-17
OPP00950,Qualification,Solution Design,2025-08-18
OPP00950,Solution Design,Proposal,2025-08-19
OPP00950,Proposal,Closed Lost,2025-08-28
OPP00951,,Prospecting,2025-08-12
OPP00951,Prospecting,Qualification,2025-09-13
OPP00951,Qualification,Solution Design,2025-10-07
OPP00951,Solution Design,Proposal,2025-10-25
OPP00951,Proposal,Negotiation,2025-10-29
OPP00951,Negotiation,Closed Lost,2025-11-09
OPP00952,,Prospecting,2025-08-13
OPP00952,Prospecting,Qualification,2025-08-17
OPP00952,Qualification,Solution Design,2025-08-24
OPP00952,Solution Design,Proposal,2025-09-28
OPP00952,Proposal,Negotiation,2025-10-07
OPP00952,Negotiation,Closed Won,2025-10-24
OPP00953,,Prospecting,2025-08-13
OPP00953,Prospecting,Qualification,2025-12-02
OPP00953,Qualification,Solution Design,2026-01-20
OPP00953,Solution Design,Proposal,2026-03-17
OPP00953,Proposal,Negotiation,2026-05-08
OPP00953,Negotiation,Closed Won,2026-06-30
OPP00954,,Prospecting,2025-08-14
OPP00954,Prospecting,Qualification,2025-08-27
OPP00954,Qualification,Solution Design,2025-09-02
OPP00954,Solution Design,Proposal,2025-09-06
OPP00954,Proposal,Closed Lost,2025-10-06
OPP00955,,Prospecting,2025-08-16
OPP00955,Prospecting,Qualification,2025-08-18
OPP00955,Qualification,Solution Design,2025-08-20
OPP00955,Solution Design,Proposal,2025-08-22
OPP00955,Proposal,Negotiation,2025-08-26
OPP00955,Negotiation,Closed Lost,2025-10-28
OPP00956,,Prospecting,2025-08-16
OPP00956,Prospecting,Qualification,2025-08-22
OPP00956,Qualification,Solution Design,2025-08-26
OPP00956,Solution Design,Proposal,2025-09-07
OPP00956,Proposal,Negotiation,2025-09-24
OPP00956,Negotiation,Closed Lost,2025-10-10
OPP00957,,Prospecting,2025-08-17
OPP00957,Prospecting,Qualification,2025-08-18
OPP00957,Qualification,Solution Design,2025-08-23
OPP00957,Solution Design,Proposal,2025-08-24
OPP00957,Proposal,Negotiation,2025-09-04
OPP00957,Negotiation,Closed Won,2025-09-23
OPP00958,,Prospecting,2025-08-17
OPP00958,Prospecting,Qualification,2025-08-20
OPP00958,Qualification,Solution Design,2025-08-24
OPP00958,Solution Design,Proposal,2025-08-26
OPP00958,Proposal,Negotiation,2025-09-12
OPP00958,Negotiation,Closed Lost,2025-09-28
OPP00959,,Prospecting,2025-08-17
OPP00959,Prospecting,Qualification,2025-08-27
OPP00959,Qualification,Solution Design,2025-09-06
OPP00959,Solution Design,Closed Lost,2025-09-19
OPP00960,,Prospecting,2025-08-17
OPP00960,Prospecting,Qualification,2025-09-06
OPP00960,Qualification,Solution Design,2025-09-17
OPP00960,Solution Design,Closed Lost,2025-10-18
OPP00961,,Prospecting,2025-08-18
OPP00961,Prospecting,Qualification,2025-08-26
OPP00961,Qualification,Solution Design,2025-09-04
OPP00961,Solution Design,Proposal,2025-09-08
OPP00961,Proposal,Negotiation,2025-09-24
OPP00961,Negotiation,Closed Won,2026-01-07
OPP00962,,Prospecting,2025-08-18
OPP00962,Prospecting,Qualification,2025-09-30
OPP00962,Qualification,Solution Design,2026-01-17
OPP00962,Solution Design,Proposal,2026-02-18
OPP00962,Proposal,Negotiation,2026-04-29
OPP00962,Negotiation,Closed Won,2026-05-28
OPP00963,,Prospecting,2025-08-21
OPP00963,Prospecting,Qualification,2025-08-25
OPP00963,Qualification,Solution Design,2025-09-20
OPP00963,Solution Design,Closed Lost,2025-10-26
OPP00964,,Prospecting,2025-08-21
OPP00964,Prospecting,Qualification,2025-08-26
OPP00964,Qualification,Solution Design,2025-09-03
OPP00964,Solution Design,Closed Lost,2025-09-24
OPP00965,,Prospecting,2025-08-21
OPP00965,Prospecting,Qualification,2025-08-27
OPP00965,Qualification,Solution Design,2025-08-30
OPP00965,Solution Design,Proposal,2025-09-02
OPP00965,Proposal,Negotiation,2025-09-07
OPP00965,Negotiation,Closed Won,2025-09-25
OPP00966,,Prospecting,2025-08-22
OPP00966,Prospecting,Qualification,2025-09-01
OPP00966,Qualification,Solution Design,2025-09-28
OPP00966,Solution Design,Proposal,2025-10-19
OPP00966,Proposal,Closed Lost,2026-01-21
OPP00967,,Prospecting,2025-08-23
OPP00967,Prospecting,Qualification,2025-09-05
OPP00967,Qualification,Solution Design,2025-09-09
OPP00967,Solution Design,Proposal,2025-09-13
OPP00967,Proposal,Negotiation,2025-09-16
OPP00967,Negotiation,Closed Won,2025-09-30
OPP00968,,Prospecting,2025-08-23
OPP00968,Prospecting,Qualification,2025-09-05
OPP00968,Qualification,Solution Design,2025-10-13
OPP00968,Solution Design,Proposal,2025-11-04
OPP00968,Proposal,Closed Lost,2025-11-19
OPP00969,,Prospecting,2025-08-25
OPP00969,Prospecting,Qualification,2025-09-07
OPP00969,Qualification,Solution Design,2025-10-09
OPP00969,Solution Design,Proposal,2025-10-11
OPP00969,Proposal,Negotiation,2025-11-05
OPP00969,Negotiation,Closed Won,2025-12-19
OPP00970,,Prospecting,2025-08-26
OPP00970,Prospecting,Qualification,2025-09-09
OPP00970,Qualification,Solution Design,2025-09-26
OPP00970,Solution Design,Proposal,2025-10-01
OPP00970,Proposal,Closed Lost,2025-11-14
OPP00971,,Prospecting,2025-08-26
OPP00971,Prospecting,Qualification,2025-09-24
OPP00971,Qualification,Solution Design,2025-09-30
OPP00971,Solution Design,Proposal,2025-11-12
OPP00971,Proposal,Negotiation,2025-12-24
OPP00971,Negotiation,Closed Won,2025-12-30
OPP00972,,Prospecting,2025-08-26
OPP00972,Prospecting,Qualification,2025-10-02
OPP00972,Qualification,Solution Design,2025-10-05
OPP00972,Solution Design,Proposal,2025-10-18
OPP00972,Proposal,Closed Lost,2025-11-20
OPP00973,,Prospecting,2025-08-26
OPP00973,Prospecting,Qualification,2025-09-07
OPP00973,Qualification,Solution Design,2025-09-15
OPP00973,Solution Design,Closed Lost,2025-10-26
OPP00974,,Prospecting,2025-08-27
OPP00974,Prospecting,Qualification,2025-09-15
OPP00974,Qualification,Closed Lost,2025-12-12
OPP00975,,Prospecting,2025-08-28
OPP00975,Prospecting,Qualification,2025-08-29
OPP00975,Qualification,Closed Lost,2025-11-01
OPP00976,,Prospecting,2025-08-28
OPP00976,Prospecting,Qualification,2025-08-30
OPP00976,Qualification,Solution Design,2025-09-19
OPP00976,Solution Design,Proposal,2025-10-29
OPP00976,Proposal,Negotiation,2025-11-17
OPP00976,Negotiation,Closed Won,2025-12-19
OPP00977,,Prospecting,2025-08-29
OPP00977,Prospecting,Qualification,2025-08-30
OPP00977,Qualification,Solution Design,2025-09-05
OPP00977,Solution Design,Proposal,2025-10-01
OPP00977,Proposal,Closed Lost,2025-12-11
OPP00978,,Prospecting,2025-08-30
OPP00978,Prospecting,Qualification,2025-09-01
OPP00978,Qualification,Solution Design,2025-09-17
OPP00978,Solution Design,Proposal,2025-10-19
OPP00978,Proposal,Negotiation,2025-10-23
OPP00978,Negotiation,Closed Won,2025-11-02
OPP00979,,Prospecting,2025-08-31
OPP00979,Prospecting,Qualification,2025-09-10
OPP00979,Qualification,Solution Design,2025-10-11
OPP00979,Solution Design,Proposal,2025-11-20
OPP00979,Proposal,Negotiation,2025-12-17
OPP00979,Negotiation,Closed Won,2026-02-13
OPP00980,,Prospecting,2025-08-31
OPP00980,Prospecting,Qualification,2025-10-27
OPP00980,Qualification,Closed Lost,2026-01-14
OPP00981,,Prospecting,2025-08-31
OPP00981,Prospecting,Qualification,2025-09-12
OPP00981,Qualification,Solution Design,2025-09-22
OPP00981,Solution Design,Proposal,2025-10-10
OPP00981,Proposal,Negotiation,2025-11-12
OPP00981,Negotiation,Closed Lost,2025-12-27
OPP00982,,Prospecting,2025-09-01
OPP00982,Prospecting,Qualification,2025-10-18
OPP00982,Qualification,Solution Design,2025-11-09
OPP00982,Solution Design,Proposal,2025-12-03
OPP00982,Proposal,Negotiation,2025-12-31
OPP00982,Negotiation,Closed Won,2026-01-25
OPP00983,,Prospecting,2025-09-01
OPP00983,Prospecting,Qualification,2025-09-02
OPP00983,Qualification,Solution Design,2025-09-25
OPP00983,Solution Design,Proposal,2025-11-06
OPP00983,Proposal,Closed Lost,2026-01-01
OPP00984,,Prospecting,2025-09-01
OPP00984,Prospecting,Qualification,2025-09-02
OPP00984,Qualification,Solution Design,2025-09-25
OPP00984,Solution Design,Proposal,2025-10-13
OPP00984,Proposal,Closed Lost,2025-11-27
OPP00985,,Prospecting,2025-09-01
OPP00985,Prospecting,Qualification,2025-12-01
OPP00985,Qualification,Solution Design,2026-01-11
OPP00985,Solution Design,Proposal,2026-03-08
OPP00985,Proposal,Closed Lost,2026-06-02
OPP00986,,Prospecting,2025-09-04
OPP00986,Prospecting,Qualification,2025-09-06
OPP00986,Qualification,Solution Design,2025-11-04
OPP00986,Solution Design,Proposal,2026-01-18
OPP00986,Proposal,Negotiation,2026-01-24
OPP00986,Negotiation,Closed Won,2026-03-31
OPP00987,,Prospecting,2025-09-04
OPP00987,Prospecting,Qualification,2025-09-10
OPP00987,Qualification,Solution Design,2025-09-23
OPP00987,Solution Design,Proposal,2025-09-26
OPP00987,Proposal,Negotiation,2025-09-30
OPP00987,Negotiation,Closed Lost,2025-10-08
OPP00988,,Prospecting,2025-09-04
OPP00988,Prospecting,Qualification,2025-11-18
OPP00988,Qualification,Solution Design,2025-12-04
OPP00988,Solution Design,Closed Lost,2026-04-20
OPP00989,,Prospecting,2025-09-04
OPP00989,Prospecting,Qualification,2025-09-11
OPP00989,Qualification,Solution Design,2025-10-17
OPP00989,Solution Design,Proposal,2025-10-26
OPP00989,Proposal,Closed Lost,2025-11-21
OPP00990,,Prospecting,2025-09-05
OPP00990,Prospecting,Qualification,2025-10-09
OPP00990,Qualification,Solution Design,2025-11-02
OPP00990,Solution Design,Proposal,2025-11-03
OPP00990,Proposal,Negotiation,2025-11-04
OPP00990,Negotiation,Closed Won,2025-11-29
OPP00991,,Prospecting,2025-09-05
OPP00991,Prospecting,Qualification,2025-10-16
OPP00991,Qualification,Solution Design,2026-01-27
OPP00991,Solution Design,Proposal,2026-04-10
OPP00991,Proposal,Negotiation,2026-04-13
OPP00991,Negotiation,Closed Won,2026-06-20
OPP00992,,Prospecting,2025-09-06
OPP00992,Prospecting,Qualification,2025-10-24
OPP00992,Qualification,Solution Design,2026-01-07
OPP00992,Solution Design,Closed Lost,2026-02-05
OPP00993,,Prospecting,2025-09-06
OPP00993,Prospecting,Qualification,2025-10-21
OPP00993,Qualification,Closed Lost,2025-11-18
OPP00994,,Prospecting,2025-09-06
OPP00994,Prospecting,Qualification,2025-09-08
OPP00994,Qualification,Closed Lost,2025-10-17
OPP00995,,Prospecting,2025-09-07
OPP00995,Prospecting,Qualification,2025-09-15
OPP00995,Qualification,Solution Design,2025-09-25
OPP00995,Solution Design,Proposal,2025-10-03
OPP00995,Proposal,Negotiation,2025-11-28
OPP00995,Negotiation,Closed Won,2025-12-27
OPP00996,,Prospecting,2025-09-07
OPP00996,Prospecting,Qualification,2025-09-10
OPP00996,Qualification,Solution Design,2025-10-07
OPP00996,Solution Design,Proposal,2025-10-18
OPP00996,Proposal,Negotiation,2025-11-28
OPP00996,Negotiation,Closed Won,2026-01-19
OPP00997,,Prospecting,2025-09-07
OPP00997,Prospecting,Qualification,2025-09-18
OPP00997,Qualification,Solution Design,2025-10-13
OPP00997,Solution Design,Closed Lost,2025-11-07
OPP00998,,Prospecting,2025-09-08
OPP00998,Prospecting,Qualification,2025-09-17
OPP00998,Qualification,Solution Design,2025-10-13
OPP00998,Solution Design,Closed Lost,2026-01-20
OPP00999,,Prospecting,2025-09-08
OPP00999,Prospecting,Qualification,2025-09-11
OPP00999,Qualification,Solution Design,2025-09-22
OPP00999,Solution Design,Proposal,2025-09-24
OPP00999,Proposal,Negotiation,2025-09-29
OPP00999,Negotiation,Closed Won,2025-10-06
OPP01000,,Prospecting,2025-09-08
OPP01000,Prospecting,Qualification,2025-09-15
OPP01000,Qualification,Solution Design,2025-09-17
OPP01000,Solution Design,Proposal,2025-10-07
OPP01000,Proposal,Negotiation,2025-10-09
OPP01000,Negotiation,Closed Won,2025-10-23
OPP01001,,Prospecting,2025-09-09
OPP01001,Prospecting,Qualification,2025-09-23
OPP01001,Qualification,Solution Design,2025-10-19
OPP01001,Solution Design,Proposal,2025-10-30
OPP01001,Proposal,Closed Lost,2025-11-14
OPP01002,,Prospecting,2025-09-09
OPP01002,Prospecting,Qualification,2025-09-10
OPP01002,Qualification,Solution Design,2025-09-11
OPP01002,Solution Design,Proposal,2025-09-12
OPP01002,Proposal,Negotiation,2025-09-16
OPP01002,Negotiation,Closed Lost,2025-09-24
OPP01003,,Prospecting,2025-09-10
OPP01003,Prospecting,Qualification,2025-12-20
OPP01003,Qualification,Solution Design,2025-12-31
OPP01003,Solution Design,Proposal,2026-01-12
OPP01003,Proposal,Closed Lost,2026-03-07
OPP01004,,Prospecting,2025-09-10
OPP01004,Prospecting,Qualification,2025-10-16
OPP01004,Qualification,Solution Design,2025-10-22
OPP01004,Solution Design,Proposal,2025-11-10
OPP01004,Proposal,Negotiation,2025-11-16
OPP01004,Negotiation,Closed Won,2025-12-22
OPP01005,,Prospecting,2025-09-11
OPP01005,Prospecting,Qualification,2025-09-16
OPP01005,Qualification,Closed Lost,2025-11-03
OPP01006,,Prospecting,2025-09-11
OPP01006,Prospecting,Qualification,2025-10-03
OPP01006,Qualification,Solution Design,2025-10-31
OPP01006,Solution Design,Proposal,2025-12-16
OPP01006,Proposal,Closed Lost,2026-04-11
OPP01007,,Prospecting,2025-09-11
OPP01007,Prospecting,Qualification,2025-10-28
OPP01007,Qualification,Solution Design,2025-11-16
OPP01007,Solution Design,Proposal,2025-12-29
OPP01007,Proposal,Negotiation,2026-01-10
OPP01007,Negotiation,Closed Won,2026-03-19
OPP01008,,Prospecting,2025-09-13
OPP01008,Prospecting,Qualification,2025-09-27
OPP01008,Qualification,Solution Design,2025-10-07
OPP01008,Solution Design,Proposal,2025-10-31
OPP01008,Proposal,Closed Lost,2025-11-10
OPP01009,,Prospecting,2025-09-13
OPP01009,Prospecting,Qualification,2025-09-22
OPP01009,Qualification,Solution Design,2025-11-19
OPP01009,Solution Design,Proposal,2025-12-01
OPP01009,Proposal,Negotiation,2025-12-08
OPP01009,Negotiation,Closed Lost,2026-01-31
OPP01010,,Prospecting,2025-09-13
OPP01010,Prospecting,Qualification,2025-10-02
OPP01010,Qualification,Solution Design,2025-10-03
OPP01010,Solution Design,Closed Lost,2025-11-15
OPP01011,,Prospecting,2025-09-13
OPP01011,Prospecting,Qualification,2025-11-03
OPP01011,Qualification,Solution Design,2025-11-13
OPP01011,Solution Design,Proposal,2025-11-21
OPP01011,Proposal,Negotiation,2025-12-19
OPP01011,Negotiation,Closed Lost,2026-01-15
OPP01012,,Prospecting,2025-09-14
OPP01012,Prospecting,Qualification,2025-10-24
OPP01012,Qualification,Solution Design,2025-12-02
OPP01012,Solution Design,Proposal,2025-12-15
OPP01012,Proposal,Negotiation,2026-02-01
OPP01012,Negotiation,Closed Won,2026-03-21
OPP01013,,Prospecting,2025-09-14
OPP01013,Prospecting,Qualification,2025-10-12
OPP01013,Qualification,Solution Design,2025-10-27
OPP01013,Solution Design,Proposal,2025-10-29
OPP01013,Proposal,Closed Lost,2025-11-23
OPP01014,,Prospecting,2025-09-14
OPP01014,Prospecting,Qualification,2025-10-01
OPP01014,Qualification,Solution Design,2025-10-09
OPP01014,Solution Design,Proposal,2025-10-24
OPP01014,Proposal,Negotiation,2026-01-06
OPP01014,Negotiation,Closed Lost,2026-02-07
OPP01015,,Prospecting,2025-09-14
OPP01015,Prospecting,Qualification,2025-09-20
OPP01015,Qualification,Solution Design,2025-09-30
OPP01015,Solution Design,Proposal,2026-01-22
OPP01015,Proposal,Negotiation,2026-01-23
OPP01015,Negotiation,Closed Won,2026-03-18
OPP01016,,Prospecting,2025-09-14
OPP01016,Prospecting,Qualification,2025-09-17
OPP01016,Qualification,Solution Design,2025-09-21
OPP01016,Solution Design,Proposal,2025-10-06
OPP01016,Proposal,Negotiation,2025-10-07
OPP01016,Negotiation,Closed Won,2025-10-23
OPP01017,,Prospecting,2025-09-14
OPP01017,Prospecting,Qualification,2025-09-26
OPP01017,Qualification,Solution Design,2025-10-27
OPP01017,Solution Design,Proposal,2025-11-03
OPP01017,Proposal,Negotiation,2026-08-02
OPP01017,Negotiation,Closed Won,2026-08-07
OPP01018,,Prospecting,2025-09-14
OPP01018,Prospecting,Qualification,2025-10-04
OPP01018,Qualification,Closed Lost,2025-11-29
OPP01019,,Prospecting,2025-09-15
OPP01019,Prospecting,Qualification,2025-10-12
OPP01019,Qualification,Closed Lost,2025-12-06
OPP01020,,Prospecting,2025-09-15
OPP01020,Prospecting,Qualification,2025-10-04
OPP01020,Qualification,Solution Design,2025-11-30
OPP01020,Solution Design,Proposal,2025-12-31
OPP01020,Proposal,Closed Lost,2026-03-25
OPP01021,,Prospecting,2025-09-16
OPP01021,Prospecting,Qualification,2025-09-24
OPP01021,Qualification,Solution Design,2025-10-07
OPP01021,Solution Design,Proposal,2025-10-17
OPP01021,Proposal,Negotiation,2025-12-29
OPP01021,Negotiation,Closed Won,2026-03-20
OPP01022,,Prospecting,2025-09-16
OPP01022,Prospecting,Qualification,2025-09-25
OPP01022,Qualification,Solution Design,2025-09-30
OPP01022,Solution Design,Closed Lost,2025-10-19
OPP01023,,Prospecting,2025-09-16
OPP01023,Prospecting,Qualification,2025-11-03
OPP01023,Qualification,Solution Design,2025-11-18
OPP01023,Solution Design,Closed Lost,2025-12-06
OPP01024,,Prospecting,2025-09-17
OPP01024,Prospecting,Qualification,2025-09-30
OPP01024,Qualification,Solution Design,2025-10-11
OPP01024,Solution Design,Proposal,2025-10-31
OPP01024,Proposal,Negotiation,2025-11-28
OPP01024,Negotiation,Closed Won,2025-12-13
OPP01025,,Prospecting,2025-09-18
OPP01025,Prospecting,Qualification,2025-10-09
OPP01025,Qualification,Solution Design,2025-10-21
OPP01025,Solution Design,Proposal,2025-11-25
OPP01025,Proposal,Negotiation,2025-11-28
OPP01025,Negotiation,Closed Won,2025-12-24
OPP01026,,Prospecting,2025-09-18
OPP01026,Prospecting,Qualification,2025-10-26
OPP01026,Qualification,Solution Design,2025-11-06
OPP01026,Solution Design,Proposal,2025-11-07
OPP01026,Proposal,Closed Lost,2026-01-08
OPP01027,,Prospecting,2025-09-18
OPP01027,Prospecting,Qualification,2025-09-27
OPP01027,Qualification,Solution Design,2025-10-07
OPP01027,Solution Design,Proposal,2025-10-12
OPP01027,Proposal,Negotiation,2025-10-20
OPP01027,Negotiation,Closed Won,2025-12-28
OPP01028,,Prospecting,2025-09-21
OPP01028,Prospecting,Qualification,2025-09-29
OPP01028,Qualification,Solution Design,2025-10-13
OPP01028,Solution Design,Proposal,2025-10-29
OPP01028,Proposal,Negotiation,2025-11-05
OPP01028,Negotiation,Closed Lost,2025-11-16
OPP01029,,Prospecting,2025-09-21
OPP01029,Prospecting,Qualification,2025-10-28
OPP01029,Qualification,Solution Design,2025-12-26
OPP01029,Solution Design,Closed Lost,2026-02-11
OPP01030,,Prospecting,2025-09-21
OPP01030,Prospecting,Qualification,2025-11-03
OPP01030,Qualification,Solution Design,2025-11-12
OPP01030,Solution Design,Closed Lost,2026-01-15
OPP01031,,Prospecting,2025-09-21
OPP01031,Prospecting,Qualification,2025-10-13
OPP01031,Qualification,Solution Design,2025-11-26
OPP01031,Solution Design,Proposal,2025-12-18
OPP01031,Proposal,Negotiation,2026-02-16
OPP01031,Negotiation,Closed Won,2026-03-30
OPP01032,,Prospecting,2025-09-21
OPP01032,Prospecting,Qualification,2025-10-29
OPP01032,Qualification,Solution Design,2025-11-10
OPP01032,Solution Design,Closed Lost,2026-02-17
OPP01033,,Prospecting,2025-09-23
OPP01033,Prospecting,Qualification,2025-10-16
OPP01033,Qualification,Closed Lost,2025-11-22
OPP01034,,Prospecting,2025-09-23
OPP01034,Prospecting,Qualification,2025-09-26
OPP01034,Qualification,Solution Design,2025-11-09
OPP01034,Solution Design,Proposal,2025-11-12
OPP01034,Proposal,Closed Lost,2025-12-09
OPP01035,,Prospecting,2025-09-24
OPP01035,Prospecting,Qualification,2025-10-27
OPP01035,Qualification,Solution Design,2025-11-09
OPP01035,Solution Design,Proposal,2025-11-11
OPP01035,Proposal,Negotiation,2025-12-04
OPP01035,Negotiation,Closed Won,2026-01-28
OPP01036,,Prospecting,2025-09-24
OPP01036,Prospecting,Qualification,2025-11-02
OPP01036,Qualification,Solution Design,2025-11-10
OPP01036,Solution Design,Proposal,2025-11-15
OPP01036,Proposal,Negotiation,2025-11-20
OPP01036,Negotiation,Closed Won,2025-12-27
OPP01037,,Prospecting,2025-09-24
OPP01037,Prospecting,Qualification,2025-09-26
OPP01037,Qualification,Solution Design,2025-09-28
OPP01037,Solution Design,Closed Lost,2025-10-20
OPP01038,,Prospecting,2025-09-25
OPP01038,Prospecting,Qualification,2025-10-29
OPP01038,Qualification,Solution Design,2025-11-08
OPP01038,Solution Design,Proposal,2025-12-31
OPP01038,Proposal,Closed Lost,2026-05-21
OPP01039,,Prospecting,2025-09-25
OPP01039,Prospecting,Qualification,2025-10-01
OPP01039,Qualification,Solution Design,2025-10-03
OPP01039,Solution Design,Proposal,2026-01-09
OPP01039,Proposal,Negotiation,2026-01-23
OPP01039,Negotiation,Closed Lost,2026-01-26
OPP01040,,Prospecting,2025-09-25
OPP01040,Prospecting,Qualification,2025-09-28
OPP01040,Qualification,Solution Design,2025-11-26
OPP01040,Solution Design,Proposal,2025-12-08
OPP01040,Proposal,Negotiation,2025-12-10
OPP01040,Negotiation,Closed Lost,2025-12-26
OPP01041,,Prospecting,2025-09-28
OPP01041,Prospecting,Qualification,2025-10-09
OPP01041,Qualification,Closed Lost,2025-12-30
OPP01042,,Prospecting,2025-09-28
OPP01042,Prospecting,Qualification,2025-10-26
OPP01042,Qualification,Solution Design,2025-12-03
OPP01042,Solution Design,Proposal,2025-12-14
OPP01042,Proposal,Negotiation,2026-01-20
OPP01042,Negotiation,Closed Won,2026-06-27
OPP01043,,Prospecting,2025-09-29
OPP01043,Prospecting,Qualification,2025-10-25
OPP01043,Qualification,Solution Design,2025-11-07
OPP01043,Solution Design,Proposal,2025-11-27
OPP01043,Proposal,Closed Lost,2026-01-05
OPP01044,,Prospecting,2025-09-30
OPP01044,Prospecting,Qualification,2025-10-04
OPP01044,Qualification,Solution Design,2025-10-19
OPP01044,Solution Design,Closed Lost,2025-12-02
OPP01045,,Prospecting,2025-10-01
OPP01045,Prospecting,Qualification,2025-10-05
OPP01045,Qualification,Solution Design,2025-10-11
OPP01045,Solution Design,Proposal,2025-10-14
OPP01045,Proposal,Negotiation,2025-10-22
OPP01045,Negotiation,Closed Won,2025-11-05
OPP01046,,Prospecting,2025-10-02
OPP01046,Prospecting,Qualification,2025-10-03
OPP01046,Qualification,Solution Design,2025-10-05
OPP01046,Solution Design,Proposal,2025-10-07
OPP01046,Proposal,Negotiation,2025-10-10
OPP01046,Negotiation,Closed Won,2025-10-30
OPP01047,,Prospecting,2025-10-02
OPP01047,Prospecting,Qualification,2025-11-13
OPP01047,Qualification,Solution Design,2026-01-11
OPP01047,Solution Design,Closed Lost,2026-02-16
OPP01048,,Prospecting,2025-10-03
OPP01048,Prospecting,Qualification,2025-10-23
OPP01048,Qualification,Solution Design,2025-11-17
OPP01048,Solution Design,Proposal,2025-11-23
OPP01048,Proposal,Negotiation,2025-12-31
OPP01048,Negotiation,Closed Won,2026-03-31
OPP01049,,Prospecting,2025-10-04
OPP01049,Prospecting,Qualification,2025-10-11
OPP01049,Qualification,Solution Design,2025-10-16
OPP01049,Solution Design,Proposal,2025-10-20
OPP01049,Proposal,Negotiation,2025-10-25
OPP01049,Negotiation,Closed Won,2025-11-15
OPP01050,,Prospecting,2025-10-04
OPP01050,Prospecting,Qualification,2025-12-15
OPP01050,Qualification,Solution Design,2025-12-23
OPP01050,Solution Design,Closed Lost,2026-03-10
OPP01051,,Prospecting,2025-10-04
OPP01051,Prospecting,Qualification,2025-10-20
OPP01051,Qualification,Solution Design,2025-10-29
OPP01051,Solution Design,Closed Lost,2026-04-28
OPP01052,,Prospecting,2025-10-05
OPP01052,Prospecting,Qualification,2025-10-09
OPP01052,Qualification,Solution Design,2025-10-12
OPP01052,Solution Design,Proposal,2025-11-14
OPP01052,Proposal,Negotiation,2025-11-15
OPP01052,Negotiation,Closed Won,2025-12-19
OPP01053,,Prospecting,2025-10-06
OPP01053,Prospecting,Qualification,2025-12-23
OPP01053,Qualification,Solution Design,2026-01-05
OPP01053,Solution Design,Proposal,2026-01-30
OPP01053,Proposal,Negotiation,2026-02-08
OPP01053,Negotiation,Closed Won,2026-03-28
OPP01054,,Prospecting,2025-10-06
OPP01054,Prospecting,Qualification,2025-10-15
OPP01054,Qualification,Solution Design,2025-11-10
OPP01054,Solution Design,Proposal,2025-12-08
OPP01054,Proposal,Negotiation,2025-12-24
OPP01054,Negotiation,Closed Lost,2026-02-24
OPP01055,,Prospecting,2025-10-06
OPP01055,Prospecting,Qualification,2025-10-14
OPP01055,Qualification,Solution Design,2025-11-19
OPP01055,Solution Design,Proposal,2025-11-24
OPP01055,Proposal,Negotiation,2025-12-22
OPP01055,Negotiation,Closed Won,2026-03-20
OPP01056,,Prospecting,2025-10-06
OPP01056,Prospecting,Qualification,2025-11-12
OPP01056,Qualification,Solution Design,2025-12-17
OPP01056,Solution Design,Proposal,2025-12-26
OPP01056,Proposal,Negotiation,2025-12-30
OPP01056,Negotiation,Closed Won,2026-01-05
OPP01057,,Prospecting,2025-10-07
OPP01057,Prospecting,Qualification,2025-10-22
OPP01057,Qualification,Solution Design,2025-11-01
OPP01057,Solution Design,Proposal,2025-11-12
OPP01057,Proposal,Closed Lost,2025-12-05
OPP01058,,Prospecting,2025-10-07
OPP01058,Prospecting,Qualification,2026-01-02
OPP01058,Qualification,Solution Design,2026-03-25
OPP01058,Solution Design,Proposal,2026-05-31
OPP01058,Proposal,Negotiation,2026-07-01
OPP01059,,Prospecting,2025-10-07
OPP01059,Prospecting,Qualification,2025-11-09
OPP01059,Qualification,Solution Design,2025-12-05
OPP01059,Solution Design,Closed Lost,2026-01-26
OPP01060,,Prospecting,2025-10-08
OPP01060,Prospecting,Qualification,2025-11-02
OPP01060,Qualification,Solution Design,2025-11-22
OPP01060,Solution Design,Closed Lost,2026-02-04
OPP01061,,Prospecting,2025-10-08
OPP01061,Prospecting,Qualification,2025-10-11
OPP01061,Qualification,Solution Design,2025-10-28
OPP01061,Solution Design,Closed Lost,2025-11-10
OPP01062,,Prospecting,2025-10-08
OPP01062,Prospecting,Qualification,2025-10-10
OPP01062,Qualification,Solution Design,2025-11-03
OPP01062,Solution Design,Proposal,2025-11-17
OPP01062,Proposal,Negotiation,2026-01-10
OPP01062,Negotiation,Closed Won,2026-03-21
OPP01063,,Prospecting,2025-10-08
OPP01063,Prospecting,Qualification,2025-10-15
OPP01063,Qualification,Solution Design,2025-10-27
OPP01063,Solution Design,Proposal,2025-11-08
OPP01063,Proposal,Negotiation,2025-11-25
OPP01063,Negotiation,Closed Won,2025-12-13
OPP01064,,Prospecting,2025-10-10
OPP01064,Prospecting,Qualification,2025-10-11
OPP01064,Qualification,Solution Design,2025-11-24
OPP01064,Solution Design,Proposal,2025-11-25
OPP01064,Proposal,Closed Lost,2025-12-12
OPP01065,,Prospecting,2025-10-10
OPP01065,Prospecting,Qualification,2025-10-29
OPP01065,Qualification,Solution Design,2026-01-01
OPP01065,Solution Design,Proposal,2026-01-03
OPP01065,Proposal,Negotiation,2026-01-10
OPP01065,Negotiation,Closed Won,2026-03-28
OPP01066,,Prospecting,2025-10-10
OPP01066,Prospecting,Qualification,2025-10-27
OPP01066,Qualification,Solution Design,2025-10-30
OPP01066,Solution Design,Proposal,2025-11-09
OPP01066,Proposal,Negotiation,2025-12-16
OPP01066,Negotiation,Closed Won,2025-12-29
OPP01067,,Prospecting,2025-10-10
OPP01067,Prospecting,Qualification,2025-12-03
OPP01067,Qualification,Solution Design,2026-01-05
OPP01067,Solution Design,Proposal,2026-01-29
OPP01067,Proposal,Negotiation,2026-04-02
OPP01067,Negotiation,Closed Won,2026-08-18
OPP01068,,Prospecting,2025-10-10
OPP01068,Prospecting,Qualification,2025-10-21
OPP01068,Qualification,Solution Design,2025-12-26
OPP01068,Solution Design,Proposal,2026-01-21
OPP01068,Proposal,Closed Lost,2026-03-18
OPP01069,,Prospecting,2025-10-11
OPP01069,Prospecting,Qualification,2025-10-17
OPP01069,Qualification,Solution Design,2025-11-13
OPP01069,Solution Design,Proposal,2025-11-22
OPP01069,Proposal,Negotiation,2026-01-12
OPP01069,Negotiation,Closed Lost,2026-01-15
OPP01070,,Prospecting,2025-10-12
OPP01070,Prospecting,Qualification,2025-10-23
OPP01070,Qualification,Solution Design,2025-11-26
OPP01070,Solution Design,Proposal,2025-12-01
OPP01070,Proposal,Negotiation,2025-12-15
OPP01070,Negotiation,Closed Won,2026-01-02
OPP01071,,Prospecting,2025-10-12
OPP01071,Prospecting,Qualification,2025-10-19
OPP01071,Qualification,Solution Design,2025-10-31
OPP01071,Solution Design,Proposal,2025-11-03
OPP01071,Proposal,Closed Lost,2025-12-19
OPP01072,,Prospecting,2025-10-13
OPP01072,Prospecting,Qualification,2025-10-31
OPP01072,Qualification,Solution Design,2025-11-01
OPP01072,Solution Design,Proposal,2025-11-17
OPP01072,Proposal,Negotiation,2025-12-14
OPP01072,Negotiation,Closed Won,2025-12-19
OPP01073,,Prospecting,2025-10-13
OPP01073,Prospecting,Qualification,2025-11-24
OPP01073,Qualification,Solution Design,2025-12-22
OPP01073,Solution Design,Proposal,2026-01-16
OPP01073,Proposal,Closed Lost,2026-02-20
OPP01074,,Prospecting,2025-10-14
OPP01074,Prospecting,Qualification,2025-12-02
OPP01074,Qualification,Solution Design,2025-12-04
OPP01074,Solution Design,Proposal,2025-12-09
OPP01074,Proposal,Negotiation,2025-12-25
OPP01074,Negotiation,Closed Won,2025-12-31
OPP01075,,Prospecting,2025-10-14
OPP01075,Prospecting,Qualification,2025-11-02
OPP01075,Qualification,Closed Lost,2025-11-29
OPP01076,,Prospecting,2025-10-14
OPP01076,Prospecting,Qualification,2025-10-27
OPP01076,Qualification,Solution Design,2025-10-30
OPP01076,Solution Design,Proposal,2025-11-20
OPP01076,Proposal,Negotiation,2025-11-25
OPP01076,Negotiation,Closed Won,2025-12-18
OPP01077,,Prospecting,2025-10-14
OPP01077,Prospecting,Qualification,2025-10-26
OPP01077,Qualification,Solution Design,2025-11-13
OPP01077,Solution Design,Proposal,2025-11-22
OPP01077,Proposal,Negotiation,2025-12-18
OPP01077,Negotiation,Closed Won,2026-01-04
OPP01078,,Prospecting,2025-10-14
OPP01078,Prospecting,Qualification,2025-12-20
OPP01078,Qualification,Solution Design,2026-01-31
OPP01078,Solution Design,Closed Lost,2026-03-13
OPP01079,,Prospecting,2025-10-15
OPP01079,Prospecting,Qualification,2025-10-23
OPP01079,Qualification,Solution Design,2025-11-30
OPP01079,Solution Design,Proposal,2025-12-05
OPP01079,Proposal,Negotiation,2026-01-29
OPP01079,Negotiation,Closed Won,2026-03-21
OPP01080,,Prospecting,2025-10-15
OPP01080,Prospecting,Qualification,2025-11-27
OPP01080,Qualification,Solution Design,2026-01-20
OPP01080,Solution Design,Closed Lost,2026-03-11
OPP01081,,Prospecting,2025-10-16
OPP01081,Prospecting,Qualification,2025-10-18
OPP01081,Qualification,Solution Design,2025-11-28
OPP01081,Solution Design,Proposal,2025-12-21
OPP01081,Proposal,Negotiation,2025-12-30
OPP01081,Negotiation,Closed Won,2026-01-04
OPP01082,,Prospecting,2025-10-16
OPP01082,Prospecting,Qualification,2025-10-18
OPP01082,Qualification,Solution Design,2025-12-02
OPP01082,Solution Design,Proposal,2025-12-05
OPP01082,Proposal,Closed Lost,2025-12-19
OPP01083,,Prospecting,2025-10-16
OPP01083,Prospecting,Qualification,2025-12-08
OPP01083,Qualification,Closed Lost,2026-02-16
OPP01084,,Prospecting,2025-10-17
OPP01084,Prospecting,Qualification,2025-12-04
OPP01084,Qualification,Solution Design,2025-12-29
OPP01084,Solution Design,Proposal,2026-01-16
OPP01084,Proposal,Negotiation,2026-02-05
OPP01084,Negotiation,Closed Won,2026-03-20
OPP01085,,Prospecting,2025-10-18
OPP01085,Prospecting,Qualification,2025-10-20
OPP01085,Qualification,Solution Design,2025-10-26
OPP01085,Solution Design,Proposal,2025-11-15
OPP01085,Proposal,Closed Lost,2025-12-19
OPP01086,,Prospecting,2025-10-18
OPP01086,Prospecting,Qualification,2025-11-06
OPP01086,Qualification,Solution Design,2025-11-10
OPP01086,Solution Design,Closed Lost,2025-12-16
OPP01087,,Prospecting,2025-10-19
OPP01087,Prospecting,Qualification,2025-11-26
OPP01087,Qualification,Solution Design,2025-12-18
OPP01087,Solution Design,Proposal,2025-12-29
OPP01087,Proposal,Negotiation,2026-01-05
OPP01087,Negotiation,Closed Won,2026-01-29
OPP01088,,Prospecting,2025-10-20
OPP01088,Prospecting,Qualification,2025-10-31
OPP01088,Qualification,Solution Design,2025-11-03
OPP01088,Solution Design,Proposal,2025-11-07
OPP01088,Proposal,Negotiation,2025-11-24
OPP01088,Negotiation,Closed Lost,2025-12-11
OPP01089,,Prospecting,2025-10-20
OPP01089,Prospecting,Qualification,2025-11-11
OPP01089,Qualification,Solution Design,2026-01-19
OPP01089,Solution Design,Proposal,2026-02-18
OPP01089,Proposal,Closed Lost,2026-03-10
OPP01090,,Prospecting,2025-10-20
OPP01090,Prospecting,Qualification,2025-11-06
OPP01090,Qualification,Solution Design,2025-11-22
OPP01090,Solution Design,Proposal,2025-12-06
OPP01090,Proposal,Negotiation,2025-12-18
OPP01090,Negotiation,Closed Lost,2026-04-08
OPP01091,,Prospecting,2025-10-21
OPP01091,Prospecting,Qualification,2025-11-06
OPP01091,Qualification,Solution Design,2025-11-22
OPP01091,Solution Design,Proposal,2025-12-30
OPP01091,Proposal,Negotiation,2026-01-27
OPP01091,Negotiation,Closed Won,2026-03-30
OPP01092,,Prospecting,2025-10-21
OPP01092,Prospecting,Qualification,2025-10-30
OPP01092,Qualification,Solution Design,2025-11-19
OPP01092,Solution Design,Proposal,2025-12-17
OPP01092,Proposal,Negotiation,2026-02-01
OPP01092,Negotiation,Closed Lost,2026-03-31
OPP01093,,Prospecting,2025-10-21
OPP01093,Prospecting,Qualification,2025-11-09
OPP01093,Qualification,Solution Design,2025-12-18
OPP01093,Solution Design,Proposal,2026-02-12
OPP01093,Proposal,Closed Lost,2026-03-07
OPP01094,,Prospecting,2025-10-21
OPP01094,Prospecting,Qualification,2025-10-22
OPP01094,Qualification,Solution Design,2025-11-10
OPP01094,Solution Design,Proposal,2025-12-23
OPP01094,Proposal,Negotiation,2026-01-21
OPP01094,Negotiation,Closed Won,2026-02-20
OPP01095,,Prospecting,2025-10-23
OPP01095,Prospecting,Qualification,2025-10-26
OPP01095,Qualification,Solution Design,2025-12-17
OPP01095,Solution Design,Proposal,2026-01-01
OPP01095,Proposal,Closed Lost,2026-03-09
OPP01096,,Prospecting,2025-10-23
OPP01096,Prospecting,Qualification,2025-11-02
OPP01096,Qualification,Solution Design,2026-01-22
OPP01096,Solution Design,Proposal,2026-02-28
OPP01096,Proposal,Negotiation,2026-04-25
OPP01096,Negotiation,Closed Won,2026-09-28
OPP01097,,Prospecting,2025-10-23
OPP01097,Prospecting,Qualification,2025-10-25
OPP01097,Qualification,Solution Design,2025-10-29
OPP01097,Solution Design,Proposal,2025-11-05
OPP01097,Proposal,Negotiation,2025-11-08
OPP01097,Negotiation,Closed Lost,2025-11-28
OPP01098,,Prospecting,2025-10-25
OPP01098,Prospecting,Qualification,2025-11-15
OPP01098,Qualification,Solution Design,2025-11-26
OPP01098,Solution Design,Proposal,2025-12-14
OPP01098,Proposal,Negotiation,2026-03-01
OPP01098,Negotiation,Closed Won,2026-03-16
OPP01099,,Prospecting,2025-10-25
OPP01099,Prospecting,Qualification,2025-11-08
OPP01099,Qualification,Closed Lost,2025-12-10
OPP01100,,Prospecting,2025-10-25
OPP01100,Prospecting,Qualification,2025-12-11
OPP01100,Qualification,Solution Design,2026-01-07
OPP01100,Solution Design,Proposal,2026-03-03
OPP01100,Proposal,Closed Lost,2026-04-30
OPP01101,,Prospecting,2025-10-26
OPP01101,Prospecting,Qualification,2025-11-09
OPP01101,Qualification,Solution Design,2025-11-10
OPP01101,Solution Design,Proposal,2025-11-22
OPP01101,Proposal,Negotiation,2025-11-27
OPP01101,Negotiation,Closed Lost,2025-12-03
OPP01102,,Prospecting,2025-10-26
OPP01102,Prospecting,Qualification,2025-11-26
OPP01102,Qualification,Closed Lost,2025-12-03
OPP01103,,Prospecting,2025-10-27
OPP01103,Prospecting,Qualification,2025-10-29
OPP01103,Qualification,Solution Design,2025-10-31
OPP01103,Solution Design,Proposal,2025-11-19
OPP01103,Proposal,Closed Lost,2025-12-04
OPP01104,,Prospecting,2025-10-27
OPP01104,Prospecting,Qualification,2025-10-29
OPP01104,Qualification,Solution Design,2025-11-05
OPP01104,Solution Design,Closed Lost,2026-01-10
OPP01105,,Prospecting,2025-10-27
OPP01105,Prospecting,Qualification,2025-12-05
OPP01105,Qualification,Solution Design,2026-01-22
OPP01105,Solution Design,Proposal,2026-02-08
OPP01105,Proposal,Negotiation,2026-03-07
OPP01105,Negotiation,Closed Won,2026-03-29
OPP01106,,Prospecting,2025-10-27
OPP01106,Prospecting,Qualification,2025-10-31
OPP01106,Qualification,Solution Design,2025-12-28
OPP01106,Solution Design,Proposal,2026-01-08
OPP01106,Proposal,Negotiation,2026-01-27
OPP01106,Negotiation,Closed Won,2026-03-24
OPP01107,,Prospecting,2025-10-27
OPP01107,Prospecting,Qualification,2025-11-18
OPP01107,Qualification,Solution Design,2025-11-19
OPP01107,Solution Design,Proposal,2025-12-10
OPP01107,Proposal,Closed Lost,2026-03-15
OPP01108,,Prospecting,2025-10-29
OPP01108,Prospecting,Qualification,2025-11-06
OPP01108,Qualification,Solution Design,2025-11-19
OPP01108,Solution Design,Closed Lost,2025-12-13
OPP01109,,Prospecting,2025-10-29
OPP01109,Prospecting,Qualification,2025-12-13
OPP01109,Qualification,Solution Design,2026-01-02
OPP01109,Solution Design,Proposal,2026-01-03
OPP01109,Proposal,Negotiation,2026-01-08
OPP01109,Negotiation,Closed Won,2026-03-28
OPP01110,,Prospecting,2025-10-30
OPP01110,Prospecting,Qualification,2025-11-28
OPP01110,Qualification,Solution Design,2025-12-18
OPP01110,Solution Design,Proposal,2026-01-01
OPP01110,Proposal,Negotiation,2026-01-10
OPP01110,Negotiation,Closed Lost,2026-01-16
OPP01111,,Prospecting,2025-10-30
OPP01111,Prospecting,Qualification,2025-11-09
OPP01111,Qualification,Closed Lost,2026-05-13
OPP01112,,Prospecting,2025-10-30
OPP01112,Prospecting,Qualification,2025-11-02
OPP01112,Qualification,Solution Design,2025-11-03
OPP01112,Solution Design,Proposal,2025-12-31
OPP01112,Proposal,Negotiation,2026-01-02
OPP01112,Negotiation,Closed Won,2026-03-23
OPP01113,,Prospecting,2025-10-31
OPP01113,Prospecting,Qualification,2025-11-05
OPP01113,Qualification,Solution Design,2025-11-08
OPP01113,Solution Design,Proposal,2025-11-27
OPP01113,Proposal,Negotiation,2026-01-21
OPP01113,Negotiation,Closed Lost,2026-03-21
OPP01114,,Prospecting,2025-10-31
OPP01114,Prospecting,Qualification,2025-12-28
OPP01114,Qualification,Solution Design,2026-01-08
OPP01114,Solution Design,Proposal,2026-01-23
OPP01114,Proposal,Negotiation,2026-02-06
OPP01114,Negotiation,Closed Won,2026-03-22
OPP01115,,Prospecting,2025-10-31
OPP01115,Prospecting,Qualification,2025-11-01
OPP01115,Qualification,Solution Design,2025-11-16
OPP01115,Solution Design,Proposal,2025-11-21
OPP01115,Proposal,Negotiation,2025-12-02
OPP01115,Negotiation,Closed Won,2025-12-25
OPP01116,,Prospecting,2025-11-01
OPP01116,Prospecting,Qualification,2025-12-04
OPP01116,Qualification,Solution Design,2025-12-21
OPP01116,Solution Design,Proposal,2025-12-22
OPP01116,Proposal,Negotiation,2026-02-17
OPP01116,Negotiation,Closed Won,2026-03-28
OPP01117,,Prospecting,2025-11-02
OPP01117,Prospecting,Qualification,2025-11-24
OPP01117,Qualification,Solution Design,2025-12-03
OPP01117,Solution Design,Proposal,2025-12-08
OPP01117,Proposal,Negotiation,2025-12-21
OPP01117,Negotiation,Closed Won,2026-01-03
OPP01118,,Prospecting,2025-11-02
OPP01118,Prospecting,Qualification,2025-11-11
OPP01118,Qualification,Solution Design,2026-01-15
OPP01118,Solution Design,Proposal,2026-02-19
OPP01118,Proposal,Negotiation,2026-04-10
OPP01118,Negotiation,Closed Won,2026-05-24
OPP01119,,Prospecting,2025-11-02
OPP01119,Prospecting,Qualification,2025-11-25
OPP01119,Qualification,Solution Design,2026-02-23
OPP01119,Solution Design,Proposal,2026-03-13
OPP01119,Proposal,Negotiation,2026-04-09
OPP01119,Negotiation,Closed Lost,2026-04-17
OPP01120,,Prospecting,2025-11-02
OPP01120,Prospecting,Qualification,2026-02-08
OPP01120,Qualification,Solution Design,2026-02-13
OPP01120,Solution Design,Proposal,2026-03-23
OPP01120,Proposal,Closed Lost,2026-04-02
OPP01121,,Prospecting,2025-11-04
OPP01121,Prospecting,Qualification,2025-11-07
OPP01121,Qualification,Solution Design,2025-11-09
OPP01121,Solution Design,Closed Lost,2025-11-30
OPP01122,,Prospecting,2025-11-04
OPP01122,Prospecting,Qualification,2025-11-07
OPP01122,Qualification,Solution Design,2025-11-30
OPP01122,Solution Design,Proposal,2025-12-15
OPP01122,Proposal,Closed Lost,2026-01-16
OPP01123,,Prospecting,2025-11-04
OPP01123,Prospecting,Qualification,2025-11-18
OPP01123,Qualification,Solution Design,2025-12-11
OPP01123,Solution Design,Proposal,2025-12-24
OPP01123,Proposal,Closed Lost,2026-01-25
OPP01124,,Prospecting,2025-11-04
OPP01124,Prospecting,Qualification,2025-11-06
OPP01124,Qualification,Solution Design,2025-11-14
OPP01124,Solution Design,Proposal,2025-11-18
OPP01124,Proposal,Negotiation,2025-12-19
OPP01124,Negotiation,Closed Won,2026-01-09
OPP01125,,Prospecting,2025-11-04
OPP01125,Prospecting,Qualification,2025-11-26
OPP01125,Qualification,Solution Design,2025-12-11
OPP01125,Solution Design,Proposal,2025-12-18
OPP01125,Proposal,Negotiation,2026-01-16
OPP01125,Negotiation,Closed Lost,2026-03-03
OPP01126,,Prospecting,2025-11-05
OPP01126,Prospecting,Qualification,2026-01-09
OPP01126,Qualification,Solution Design,2026-01-11
OPP01126,Solution Design,Proposal,2026-01-12
OPP01126,Proposal,Negotiation,2026-02-08
OPP01126,Negotiation,Closed Won,2026-03-05
OPP01127,,Prospecting,2025-11-06
OPP01127,Prospecting,Qualification,2025-12-13
OPP01127,Qualification,Solution Design,2025-12-16
OPP01127,Solution Design,Proposal,2025-12-21
OPP01127,Proposal,Negotiation,2025-12-23
OPP01127,Negotiation,Closed Won,2026-03-31
OPP01128,,Prospecting,2025-11-06
OPP01128,Prospecting,Qualification,2025-11-08
OPP01128,Qualification,Solution Design,2025-11-16
OPP01128,Solution Design,Proposal,2025-12-26
OPP01128,Proposal,Negotiation,2026-02-15
OPP01128,Negotiation,Closed Won,2026-03-27
OPP01129,,Prospecting,2025-11-07
OPP01129,Prospecting,Qualification,2025-11-13
OPP01129,Qualification,Solution Design,2025-11-20
OPP01129,Solution Design,Proposal,2025-12-03
OPP01129,Proposal,Negotiation,2025-12-11
OPP01129,Negotiation,Closed Lost,2026-01-22
OPP01130,,Prospecting,2025-11-07
OPP01130,Prospecting,Qualification,2025-11-27
OPP01130,Qualification,Solution Design,2025-12-07
OPP01130,Solution Design,Proposal,2026-02-02
OPP01130,Proposal,Negotiation,2026-02-19
OPP01130,Negotiation,Closed Won,2026-03-26
OPP01131,,Prospecting,2025-11-08
OPP01131,Prospecting,Qualification,2025-12-03
OPP01131,Qualification,Solution Design,2025-12-20
OPP01131,Solution Design,Proposal,2025-12-31
OPP01131,Proposal,Closed Lost,2026-01-23
OPP01132,,Prospecting,2025-11-09
OPP01132,Prospecting,Qualification,2026-02-18
OPP01132,Qualification,Closed Lost,2026-07-05
OPP01133,,Prospecting,2025-11-10
OPP01133,Prospecting,Qualification,2025-11-17
OPP01133,Qualification,Solution Design,2025-11-23
OPP01133,Solution Design,Proposal,2025-12-06
OPP01133,Proposal,Closed Lost,2026-01-18
OPP01134,,Prospecting,2025-11-10
OPP01134,Prospecting,Qualification,2025-11-17
OPP01134,Qualification,Solution Design,2025-11-20
OPP01134,Solution Design,Proposal,2025-11-21
OPP01134,Proposal,Negotiation,2025-12-07
OPP01134,Negotiation,Closed Won,2025-12-21
OPP01135,,Prospecting,2025-11-11
OPP01135,Prospecting,Qualification,2025-12-03
OPP01135,Qualification,Solution Design,2026-02-13
OPP01135,Solution Design,Proposal,2026-08-05
OPP01136,,Prospecting,2025-11-11
OPP01136,Prospecting,Qualification,2026-01-11
OPP01136,Qualification,Solution Design,2026-04-10
OPP01136,Solution Design,Proposal,2026-04-14
OPP01136,Proposal,Closed Lost,2026-05-06
OPP01137,,Prospecting,2025-11-12
OPP01137,Prospecting,Qualification,2026-02-02
OPP01137,Qualification,Closed Lost,2026-05-27
OPP01138,,Prospecting,2025-11-12
OPP01138,Prospecting,Qualification,2025-11-21
OPP01138,Qualification,Solution Design,2025-12-07
OPP01138,Solution Design,Proposal,2025-12-12
OPP01138,Proposal,Negotiation,2025-12-26
OPP01138,Negotiation,Closed Won,2026-02-01
OPP01139,,Prospecting,2025-11-13
OPP01139,Prospecting,Qualification,2025-11-29
OPP01139,Qualification,Solution Design,2026-02-05
OPP01139,Solution Design,Proposal,2026-02-19
OPP01139,Proposal,Negotiation,2026-02-21
OPP01139,Negotiation,Closed Lost,2026-03-12
OPP01140,,Prospecting,2025-11-13
OPP01140,Prospecting,Qualification,2025-11-15
OPP01140,Qualification,Solution Design,2025-11-20
OPP01140,Solution Design,Proposal,2025-12-01
OPP01140,Proposal,Negotiation,2025-12-08
OPP01140,Negotiation,Closed Lost,2026-01-16
OPP01141,,Prospecting,2025-11-14
OPP01141,Prospecting,Qualification,2025-11-20
OPP01141,Qualification,Closed Lost,2025-12-18
OPP01142,,Prospecting,2025-11-14
OPP01142,Prospecting,Qualification,2025-12-16
OPP01142,Qualification,Solution Design,2025-12-24
OPP01142,Solution Design,Closed Lost,2026-04-04
OPP01143,,Prospecting,2025-11-15
OPP01143,Prospecting,Qualification,2025-12-20
OPP01143,Qualification,Solution Design,2025-12-23
OPP01143,Solution Design,Proposal,2025-12-28
OPP01143,Proposal,Closed Lost,2026-01-20
OPP01144,,Prospecting,2025-11-15
OPP01144,Prospecting,Qualification,2026-01-28
OPP01144,Qualification,Solution Design,2026-02-12
OPP01144,Solution Design,Proposal,2026-02-20
OPP01144,Proposal,Negotiation,2026-02-25
OPP01144,Negotiation,Closed Won,2026-03-11
OPP01145,,Prospecting,2025-11-18
OPP01145,Prospecting,Qualification,2025-11-20
OPP01145,Qualification,Solution Design,2025-12-01
OPP01145,Solution Design,Proposal,2025-12-04
OPP01145,Proposal,Negotiation,2026-02-12
OPP01145,Negotiation,Closed Won,2026-03-26
OPP01146,,Prospecting,2025-11-20
OPP01146,Prospecting,Qualification,2025-12-21
OPP01146,Qualification,Solution Design,2026-01-07
OPP01146,Solution Design,Proposal,2026-03-19
OPP01146,Proposal,Negotiation,2026-05-16
OPP01146,Negotiation,Closed Won,2026-07-02
OPP01147,,Prospecting,2025-11-21
OPP01147,Prospecting,Qualification,2025-12-10
OPP01147,Qualification,Solution Design,2025-12-12
OPP01147,Solution Design,Proposal,2025-12-23
OPP01147,Proposal,Negotiation,2025-12-30
OPP01147,Negotiation,Closed Won,2026-01-26
OPP01148,,Prospecting,2025-11-21
OPP01148,Prospecting,Qualification,2025-11-27
OPP01148,Qualification,Solution Design,2025-12-12
OPP01148,Solution Design,Proposal,2026-01-01
OPP01148,Proposal,Negotiation,2026-01-05
OPP01148,Negotiation,Closed Lost,2026-01-31
OPP01149,,Prospecting,2025-11-21
OPP01149,Prospecting,Qualification,2025-12-03
OPP01149,Qualification,Solution Design,2026-01-02
OPP01149,Solution Design,Proposal,2026-02-17
OPP01149,Proposal,Negotiation,2026-02-22
OPP01149,Negotiation,Closed Won,2026-03-24
OPP01150,,Prospecting,2025-11-22
OPP01150,Prospecting,Qualification,2026-01-17
OPP01150,Qualification,Solution Design,2026-03-07
OPP01150,Solution Design,Closed Lost,2026-06-18
OPP01151,,Prospecting,2025-11-23
OPP01151,Prospecting,Qualification,2025-12-03
OPP01151,Qualification,Solution Design,2025-12-13
OPP01151,Solution Design,Proposal,2026-01-14
OPP01151,Proposal,Negotiation,2026-02-01
OPP01151,Negotiation,Closed Won,2026-03-24
OPP01152,,Prospecting,2025-11-24
OPP01152,Prospecting,Qualification,2025-11-25
OPP01152,Qualification,Solution Design,2025-12-05
OPP01152,Solution Design,Closed Lost,2025-12-29
OPP01153,,Prospecting,2025-11-24
OPP01153,Prospecting,Qualification,2026-02-12
OPP01153,Qualification,Solution Design,2026-02-15
OPP01153,Solution Design,Proposal,2026-03-21
OPP01153,Proposal,Negotiation,2026-05-06
OPP01153,Negotiation,Closed Won,2026-06-05
OPP01154,,Prospecting,2025-11-24
OPP01154,Prospecting,Qualification,2026-01-05
OPP01154,Qualification,Solution Design,2026-02-28
OPP01154,Solution Design,Proposal,2026-03-20
OPP01154,Proposal,Closed Lost,2026-04-03
OPP01155,,Prospecting,2025-11-24
OPP01155,Prospecting,Qualification,2025-11-27
OPP01155,Qualification,Solution Design,2025-11-29
OPP01155,Solution Design,Proposal,2025-12-24
OPP01155,Proposal,Closed Lost,2026-02-20
OPP01156,,Prospecting,2025-11-25
OPP01156,Prospecting,Qualification,2025-11-30
OPP01156,Qualification,Solution Design,2025-12-14
OPP01156,Solution Design,Proposal,2026-01-13
OPP01156,Proposal,Closed Lost,2026-02-22
OPP01157,,Prospecting,2025-11-25
OPP01157,Prospecting,Qualification,2026-01-16
OPP01157,Qualification,Solution Design,2026-02-21
OPP01157,Solution Design,Proposal,2026-03-16
OPP01157,Proposal,Closed Lost,2026-03-31
OPP01158,,Prospecting,2025-11-25
OPP01158,Prospecting,Qualification,2025-11-30
OPP01158,Qualification,Solution Design,2026-01-02
OPP01158,Solution Design,Closed Lost,2026-02-13
OPP01159,,Prospecting,2025-11-25
OPP01159,Prospecting,Qualification,2025-12-12
OPP01159,Qualification,Solution Design,2026-01-20
OPP01159,Solution Design,Proposal,2026-01-31
OPP01159,Proposal,Closed Lost,2026-04-18
OPP01160,,Prospecting,2025-11-25
OPP01160,Prospecting,Qualification,2025-12-16
OPP01160,Qualification,Solution Design,2025-12-23
OPP01160,Solution Design,Proposal,2026-02-02
OPP01160,Proposal,Negotiation,2026-02-08
OPP01160,Negotiation,Closed Won,2026-03-27
OPP01161,,Prospecting,2025-11-26
OPP01161,Prospecting,Qualification,2025-11-29
OPP01161,Qualification,Solution Design,2025-12-14
OPP01161,Solution Design,Proposal,2025-12-19
OPP01161,Proposal,Closed Lost,2026-01-17
OPP01162,,Prospecting,2025-11-28
OPP01162,Prospecting,Qualification,2025-12-15
OPP01162,Qualification,Solution Design,2026-01-29
OPP01162,Solution Design,Proposal,2026-02-20
OPP01162,Proposal,Negotiation,2026-03-08
OPP01162,Negotiation,Closed Won,2026-03-27
OPP01163,,Prospecting,2025-11-29
OPP01163,Prospecting,Qualification,2026-01-16
OPP01163,Qualification,Solution Design,2026-02-11
OPP01163,Solution Design,Proposal,2026-02-24
OPP01163,Proposal,Negotiation,2026-03-01
OPP01163,Negotiation,Closed Won,2026-03-27
OPP01164,,Prospecting,2025-11-29
OPP01164,Prospecting,Qualification,2025-12-09
OPP01164,Qualification,Solution Design,2025-12-15
OPP01164,Solution Design,Proposal,2025-12-25
OPP01164,Proposal,Negotiation,2025-12-27
OPP01164,Negotiation,Closed Won,2026-03-31
OPP01165,,Prospecting,2025-11-29
OPP01165,Prospecting,Qualification,2026-01-11
OPP01165,Qualification,Solution Design,2026-03-26
OPP01165,Solution Design,Proposal,2026-06-13
OPP01165,Proposal,Negotiation,2026-07-04
OPP01165,Negotiation,Closed Won,2026-09-18
OPP01166,,Prospecting,2025-11-29
OPP01166,Prospecting,Qualification,2025-12-16
OPP01166,Qualification,Solution Design,2026-01-22
OPP01166,Solution Design,Closed Lost,2026-03-06
OPP01167,,Prospecting,2025-11-30
OPP01167,Prospecting,Qualification,2026-02-09
OPP01167,Qualification,Solution Design,2026-04-25
OPP01167,Solution Design,Proposal,2026-05-25
OPP01167,Proposal,Negotiation,2026-07-28
OPP01168,,Prospecting,2025-11-30
OPP01168,Prospecting,Qualification,2026-01-05
OPP01168,Qualification,Solution Design,2026-01-17
OPP01168,Solution Design,Proposal,2026-03-05
OPP01168,Proposal,Negotiation,2026-06-03
OPP01168,Negotiation,Closed Won,2026-06-18
OPP01169,,Prospecting,2025-11-30
OPP01169,Prospecting,Qualification,2025-12-15
OPP01169,Qualification,Solution Design,2025-12-17
OPP01169,Solution Design,Proposal,2025-12-18
OPP01169,Proposal,Negotiation,2026-03-13
OPP01169,Negotiation,Closed Lost,2026-04-12
OPP01170,,Prospecting,2025-11-30
OPP01170,Prospecting,Qualification,2026-02-20
OPP01170,Qualification,Solution Design,2026-02-22
OPP01170,Solution Design,Proposal,2026-03-05
OPP01170,Proposal,Negotiation,2026-05-01
OPP01170,Negotiation,Closed Won,2026-06-30
OPP01171,,Prospecting,2025-11-30
OPP01171,Prospecting,Qualification,2025-12-22
OPP01171,Qualification,Solution Design,2026-01-15
OPP01171,Solution Design,Proposal,2026-01-20
OPP01171,Proposal,Negotiation,2026-01-31
OPP01171,Negotiation,Closed Won,2026-02-14
OPP01172,,Prospecting,2025-11-30
OPP01172,Prospecting,Qualification,2025-12-07
OPP01172,Qualification,Solution Design,2025-12-08
OPP01172,Solution Design,Proposal,2026-01-14
OPP01172,Proposal,Negotiation,2026-01-25
OPP01172,Negotiation,Closed Lost,2026-02-12
OPP01173,,Prospecting,2025-12-01
OPP01173,Prospecting,Qualification,2025-12-29
OPP01173,Qualification,Solution Design,2026-01-23
OPP01173,Solution Design,Proposal,2026-02-05
OPP01173,Proposal,Closed Lost,2026-02-11
OPP01174,,Prospecting,2025-12-02
OPP01174,Prospecting,Qualification,2025-12-08
OPP01174,Qualification,Solution Design,2025-12-27
OPP01174,Solution Design,Proposal,2026-01-03
OPP01174,Proposal,Closed Lost,2026-01-16
OPP01175,,Prospecting,2025-12-03
OPP01175,Prospecting,Qualification,2025-12-21
OPP01175,Qualification,Solution Design,2025-12-22
OPP01175,Solution Design,Proposal,2025-12-26
OPP01175,Proposal,Negotiation,2026-01-02
OPP01175,Negotiation,Closed Won,2026-01-19
OPP01176,,Prospecting,2025-12-03
OPP01176,Prospecting,Qualification,2025-12-08
OPP01176,Qualification,Solution Design,2025-12-20
OPP01176,Solution Design,Proposal,2026-01-01
OPP01176,Proposal,Negotiation,2026-01-05
OPP01176,Negotiation,Closed Won,2026-01-27
OPP01177,,Prospecting,2025-12-03
OPP01177,Prospecting,Qualification,2026-02-01
OPP01177,Qualification,Solution Design,2026-02-02
OPP01177,Solution Design,Proposal,2026-02-08
OPP01177,Proposal,Closed Lost,2026-06-04
OPP01178,,Prospecting,2025-12-04
OPP01178,Prospecting,Qualification,2025-12-06
OPP01178,Qualification,Solution Design,2025-12-08
OPP01178,Solution Design,Proposal,2026-01-05
OPP01178,Proposal,Negotiation,2026-03-05
OPP01178,Negotiation,Closed Won,2026-04-18
OPP01179,,Prospecting,2025-12-04
OPP01179,Prospecting,Qualification,2025-12-29
OPP01179,Qualification,Solution Design,2026-01-05
OPP01179,Solution Design,Closed Lost,2026-06-14
OPP01180,,Prospecting,2025-12-04
OPP01180,Prospecting,Qualification,2025-12-16
OPP01180,Qualification,Solution Design,2026-03-08
OPP01180,Solution Design,Proposal,2026-03-21
OPP01180,Proposal,Negotiation,2026-05-19
OPP01180,Negotiation,Closed Won,2026-05-30
OPP01181,,Prospecting,2025-12-05
OPP01181,Prospecting,Qualification,2025-12-18
OPP01181,Qualification,Solution Design,2025-12-29
OPP01181,Solution Design,Proposal,2026-01-19
OPP01181,Proposal,Negotiation,2026-02-01
OPP01181,Negotiation,Closed Won,2026-03-17
OPP01182,,Prospecting,2025-12-06
OPP01182,Prospecting,Qualification,2025-12-15
OPP01182,Qualification,Solution Design,2026-01-02
OPP01182,Solution Design,Proposal,2026-02-15
OPP01182,Proposal,Closed Lost,2026-03-14
OPP01183,,Prospecting,2025-12-06
OPP01183,Prospecting,Qualification,2025-12-12
OPP01183,Qualification,Solution Design,2025-12-23
OPP01183,Solution Design,Proposal,2026-01-09
OPP01183,Proposal,Negotiation,2026-01-19
OPP01183,Negotiation,Closed Lost,2026-03-05
OPP01184,,Prospecting,2025-12-06
OPP01184,Prospecting,Qualification,2025-12-11
OPP01184,Qualification,Solution Design,2025-12-16
OPP01184,Solution Design,Proposal,2025-12-20
OPP01184,Proposal,Negotiation,2026-01-02
OPP01184,Negotiation,Closed Lost,2026-01-22
OPP01185,,Prospecting,2025-12-06
OPP01185,Prospecting,Qualification,2025-12-21
OPP01185,Qualification,Solution Design,2026-01-25
OPP01185,Solution Design,Proposal,2026-02-05
OPP01185,Proposal,Negotiation,2026-03-07
OPP01185,Negotiation,Closed Won,2026-04-06
OPP01186,,Prospecting,2025-12-07
OPP01186,Prospecting,Qualification,2026-01-09
OPP01186,Qualification,Solution Design,2026-01-21
OPP01186,Solution Design,Proposal,2026-01-26
OPP01186,Proposal,Closed Lost,2026-02-03
OPP01187,,Prospecting,2025-12-07
OPP01187,Prospecting,Qualification,2026-01-04
OPP01187,Qualification,Solution Design,2026-02-28
OPP01187,Solution Design,Proposal,2026-09-28
OPP01188,,Prospecting,2025-12-09
OPP01188,Prospecting,Qualification,2025-12-20
OPP01188,Qualification,Solution Design,2026-01-01
OPP01188,Solution Design,Proposal,2026-01-15
OPP01188,Proposal,Negotiation,2026-01-20
OPP01188,Negotiation,Closed Lost,2026-02-19
OPP01189,,Prospecting,2025-12-09
OPP01189,Prospecting,Qualification,2025-12-11
OPP01189,Qualification,Solution Design,2026-01-05
OPP01189,Solution Design,Proposal,2026-03-05
OPP01189,Proposal,Negotiation,2026-04-03
OPP01189,Negotiation,Closed Won,2026-06-19
OPP01190,,Prospecting,2025-12-09
OPP01190,Prospecting,Qualification,2026-01-13
OPP01190,Qualification,Solution Design,2026-01-27
OPP01190,Solution Design,Closed Lost,2026-02-25
OPP01191,,Prospecting,2025-12-11
OPP01191,Prospecting,Qualification,2025-12-20
OPP01191,Qualification,Solution Design,2026-01-22
OPP01191,Solution Design,Proposal,2026-02-25
OPP01191,Proposal,Closed Lost,2026-03-21
OPP01192,,Prospecting,2025-12-12
OPP01192,Prospecting,Qualification,2025-12-24
OPP01192,Qualification,Solution Design,2025-12-30
OPP01192,Solution Design,Proposal,2026-01-07
OPP01192,Proposal,Negotiation,2026-01-09
OPP01192,Negotiation,Closed Won,2026-02-04
OPP01193,,Prospecting,2025-12-12
OPP01193,Prospecting,Qualification,2025-12-28
OPP01193,Qualification,Solution Design,2026-01-17
OPP01193,Solution Design,Proposal,2026-01-22
OPP01193,Proposal,Negotiation,2026-01-31
OPP01193,Negotiation,Closed Won,2026-03-22
OPP01194,,Prospecting,2025-12-13
OPP01194,Prospecting,Qualification,2025-12-31
OPP01194,Qualification,Solution Design,2026-02-02
OPP01194,Solution Design,Closed Lost,2026-02-08
OPP01195,,Prospecting,2025-12-14
OPP01195,Prospecting,Qualification,2026-01-02
OPP01195,Qualification,Solution Design,2026-01-19
OPP01195,Solution Design,Proposal,2026-02-04
OPP01195,Proposal,Closed Lost,2026-03-26
OPP01196,,Prospecting,2025-12-14
OPP01196,Prospecting,Qualification,2026-01-29
OPP01196,Qualification,Solution Design,2026-02-02
OPP01196,Solution Design,Proposal,2026-02-13
OPP01196,Proposal,Closed Lost,2026-03-06
OPP01197,,Prospecting,2025-12-14
OPP01197,Prospecting,Qualification,2025-12-15
OPP01197,Qualification,Solution Design,2026-01-31
OPP01197,Solution Design,Proposal,2026-04-20
OPP01197,Proposal,Closed Lost,2026-06-04
OPP01198,,Prospecting,2025-12-14
OPP01198,Prospecting,Qualification,2025-12-19
OPP01198,Qualification,Solution Design,2026-01-04
OPP01198,Solution Design,Closed Lost,2026-02-02
OPP01199,,Prospecting,2025-12-15
OPP01199,Prospecting,Qualification,2026-03-06
OPP01199,Qualification,Solution Design,2026-04-04
OPP01199,Solution Design,Proposal,2026-08-02
OPP01199,Proposal,Negotiation,2026-08-09
OPP01200,,Prospecting,2025-12-15
OPP01200,Prospecting,Qualification,2025-12-28
OPP01200,Qualification,Solution Design,2026-05-04
OPP01200,Solution Design,Proposal,2026-08-28
OPP01200,Proposal,Closed Lost,2026-09-11
OPP01201,,Prospecting,2025-12-16
OPP01201,Prospecting,Qualification,2025-12-18
OPP01201,Qualification,Solution Design,2026-02-23
OPP01201,Solution Design,Closed Lost,2026-06-06
OPP01202,,Prospecting,2025-12-16
OPP01202,Prospecting,Qualification,2026-01-28
OPP01202,Qualification,Solution Design,2026-02-14
OPP01202,Solution Design,Proposal,2026-03-28
OPP01202,Proposal,Negotiation,2026-04-07
OPP01202,Negotiation,Closed Won,2026-05-23
OPP01203,,Prospecting,2025-12-16
OPP01203,Prospecting,Qualification,2025-12-23
OPP01203,Qualification,Solution Design,2026-01-14
OPP01203,Solution Design,Closed Lost,2026-02-05
OPP01204,,Prospecting,2025-12-17
OPP01204,Prospecting,Qualification,2025-12-21
OPP01204,Qualification,Solution Design,2025-12-26
OPP01204,Solution Design,Closed Lost,2026-03-28
OPP01205,,Prospecting,2025-12-19
OPP01205,Prospecting,Qualification,2026-01-06
OPP01205,Qualification,Solution Design,2026-02-09
OPP01205,Solution Design,Proposal,2026-02-17
OPP01205,Proposal,Negotiation,2026-02-22
OPP01205,Negotiation,Closed Won,2026-03-19
OPP01206,,Prospecting,2025-12-20
OPP01206,Prospecting,Qualification,2025-12-24
OPP01206,Qualification,Solution Design,2025-12-25
OPP01206,Solution Design,Proposal,2026-01-01
OPP01206,Proposal,Negotiation,2026-01-10
OPP01206,Negotiation,Closed Lost,2026-02-28
OPP01207,,Prospecting,2025-12-20
OPP01207,Prospecting,Qualification,2026-01-02
OPP01207,Qualification,Solution Design,2026-02-01
OPP01207,Solution Design,Proposal,2026-02-14
OPP01207,Proposal,Negotiation,2026-03-05
OPP01207,Negotiation,Closed Won,2026-03-27
OPP01208,,Prospecting,2025-12-20
OPP01208,Prospecting,Qualification,2026-01-04
OPP01208,Qualification,Solution Design,2026-01-07
OPP01208,Solution Design,Proposal,2026-01-09
OPP01208,Proposal,Closed Lost,2026-02-07
OPP01209,,Prospecting,2025-12-21
OPP01209,Prospecting,Qualification,2026-01-11
OPP01209,Qualification,Solution Design,2026-01-29
OPP01209,Solution Design,Proposal,2026-02-20
OPP01209,Proposal,Negotiation,2026-02-24
OPP01209,Negotiation,Closed Won,2026-03-03
OPP01210,,Prospecting,2025-12-21
OPP01210,Prospecting,Qualification,2026-02-14
OPP01210,Qualification,Solution Design,2026-02-16
OPP01210,Solution Design,Closed Lost,2026-03-14
OPP01211,,Prospecting,2025-12-22
OPP01211,Prospecting,Qualification,2025-12-27
OPP01211,Qualification,Solution Design,2025-12-29
OPP01211,Solution Design,Proposal,2026-01-23
OPP01211,Proposal,Negotiation,2026-02-13
OPP01211,Negotiation,Closed Won,2026-03-25
OPP01212,,Prospecting,2025-12-22
OPP01212,Prospecting,Qualification,2025-12-27
OPP01212,Qualification,Solution Design,2025-12-29
OPP01212,Solution Design,Proposal,2026-01-08
OPP01212,Proposal,Negotiation,2026-01-15
OPP01212,Negotiation,Closed Won,2026-02-02
OPP01213,,Prospecting,2025-12-22
OPP01213,Prospecting,Qualification,2026-01-23
OPP01213,Qualification,Solution Design,2026-02-16
OPP01213,Solution Design,Proposal,2026-04-13
OPP01213,Proposal,Negotiation,2026-08-22
OPP01214,,Prospecting,2025-12-23
OPP01214,Prospecting,Qualification,2026-02-12
OPP01214,Qualification,Solution Design,2026-02-22
OPP01214,Solution Design,Proposal,2026-03-23
OPP01214,Proposal,Negotiation,2026-04-06
OPP01214,Negotiation,Closed Won,2026-05-11
OPP01215,,Prospecting,2025-12-24
OPP01215,Prospecting,Qualification,2025-12-30
OPP01215,Qualification,Solution Design,2026-04-11
OPP01215,Solution Design,Proposal,2026-05-15
OPP01215,Proposal,Negotiation,2026-05-28
OPP01215,Negotiation,Closed Won,2026-06-17
OPP01216,,Prospecting,2025-12-24
OPP01216,Prospecting,Qualification,2026-01-06
OPP01216,Qualification,Solution Design,2026-02-18
OPP01216,Solution Design,Proposal,2026-02-24
OPP01216,Proposal,Negotiation,2026-03-11
OPP01216,Negotiation,Closed Won,2026-06-23
OPP01217,,Prospecting,2025-12-24
OPP01217,Prospecting,Qualification,2026-04-03
OPP01217,Qualification,Solution Design,2026-04-17
OPP01217,Solution Design,Proposal,2026-06-16
OPP01217,Proposal,Negotiation,2026-06-23
OPP01217,Negotiation,Closed Won,2026-09-21
OPP01218,,Prospecting,2025-12-25
OPP01218,Prospecting,Qualification,2026-02-10
OPP01218,Qualification,Closed Lost,2026-03-09
OPP01219,,Prospecting,2025-12-26
OPP01219,Prospecting,Qualification,2026-01-07
OPP01219,Qualification,Closed Lost,2026-07-23
OPP01220,,Prospecting,2025-12-26
OPP01220,Prospecting,Qualification,2026-04-20
OPP01220,Qualification,Solution Design,2026-09-10
OPP01220,Solution Design,Proposal,2026-09-14
OPP01220,Proposal,Negotiation,2026-09-25
OPP01221,,Prospecting,2025-12-26
OPP01221,Prospecting,Qualification,2026-01-13
OPP01221,Qualification,Solution Design,2026-02-15
OPP01221,Solution Design,Proposal,2026-03-02
OPP01221,Proposal,Closed Lost,2026-04-24
OPP01222,,Prospecting,2025-12-26
OPP01222,Prospecting,Qualification,2026-01-22
OPP01222,Qualification,Solution Design,2026-03-28
OPP01222,Solution Design,Proposal,2026-04-10
OPP01222,Proposal,Negotiation,2026-06-20
OPP01222,Negotiation,Closed Won,2026-07-17
OPP01223,,Prospecting,2025-12-26
OPP01223,Prospecting,Qualification,2026-01-08
OPP01223,Qualification,Solution Design,2026-01-18
OPP01223,Solution Design,Proposal,2026-02-10
OPP01223,Proposal,Closed Lost,2026-04-02
OPP01224,,Prospecting,2025-12-27
OPP01224,Prospecting,Qualification,2026-01-10
OPP01224,Qualification,Solution Design,2026-01-19
OPP01224,Solution Design,Proposal,2026-02-02
OPP01224,Proposal,Negotiation,2026-02-07
OPP01224,Negotiation,Closed Won,2026-02-17
OPP01225,,Prospecting,2025-12-27
OPP01225,Prospecting,Qualification,2026-01-10
OPP01225,Qualification,Solution Design,2026-02-22
OPP01225,Solution Design,Closed Lost,2026-03-29
OPP01226,,Prospecting,2025-12-27
OPP01226,Prospecting,Qualification,2026-02-22
OPP01226,Qualification,Solution Design,2026-03-25
OPP01226,Solution Design,Proposal,2026-04-25
OPP01226,Proposal,Closed Lost,2026-05-30
OPP01227,,Prospecting,2025-12-28
OPP01227,Prospecting,Qualification,2026-01-13
OPP01227,Qualification,Solution Design,2026-01-31
OPP01227,Solution Design,Proposal,2026-03-19
OPP01227,Proposal,Negotiation,2026-04-06
OPP01227,Negotiation,Closed Won,2026-05-01
OPP01228,,Prospecting,2025-12-28
OPP01228,Prospecting,Qualification,2025-12-31
OPP01228,Qualification,Solution Design,2026-01-01
OPP01228,Solution Design,Proposal,2026-02-01
OPP01228,Proposal,Negotiation,2026-03-13
OPP01228,Negotiation,Closed Won,2026-03-30
OPP01229,,Prospecting,2025-12-29
OPP01229,Prospecting,Qualification,2026-02-20
OPP01229,Qualification,Solution Design,2026-02-28
OPP01229,Solution Design,Closed Lost,2026-03-22
OPP01230,,Prospecting,2025-12-30
OPP01230,Prospecting,Qualification,2026-02-20
OPP01230,Qualification,Solution Design,2026-02-27
OPP01230,Solution Design,Proposal,2026-03-05
OPP01230,Proposal,Negotiation,2026-03-10
OPP01230,Negotiation,Closed Won,2026-04-04
OPP01231,,Prospecting,2025-12-30
OPP01231,Prospecting,Qualification,2026-01-14
OPP01231,Qualification,Solution Design,2026-03-20
OPP01231,Solution Design,Proposal,2026-05-18
OPP01231,Proposal,Closed Lost,2026-06-30
OPP01232,,Prospecting,2025-12-31
OPP01232,Prospecting,Qualification,2026-01-11
OPP01232,Qualification,Solution Design,2026-01-27
OPP01232,Solution Design,Closed Lost,2026-02-27
OPP01233,,Prospecting,2025-12-31
OPP01233,Prospecting,Qualification,2026-01-14
OPP01233,Qualification,Solution Design,2026-02-05
OPP01233,Solution Design,Proposal,2026-02-07
OPP01233,Proposal,Closed Lost,2026-02-18
OPP01234,,Prospecting,2025-12-31
OPP01234,Prospecting,Qualification,2026-02-15
OPP01234,Qualification,Closed Lost,2026-02-24
OPP01235,,Prospecting,2026-01-01
OPP01235,Prospecting,Qualification,2026-01-04
OPP01235,Qualification,Solution Design,2026-01-31
OPP01235,Solution Design,Proposal,2026-04-27
OPP01235,Proposal,Closed Lost,2026-06-06
OPP01236,,Prospecting,2026-01-01
OPP01236,Prospecting,Qualification,2026-01-29
OPP01236,Qualification,Solution Design,2026-01-31
OPP01236,Solution Design,Proposal,2026-02-03
OPP01236,Proposal,Negotiation,2026-02-11
OPP01236,Negotiation,Closed Lost,2026-02-23
OPP01237,,Prospecting,2026-01-01
OPP01237,Prospecting,Qualification,2026-01-06
OPP01237,Qualification,Solution Design,2026-02-25
OPP01237,Solution Design,Closed Lost,2026-03-19
OPP01238,,Prospecting,2026-01-01
OPP01238,Prospecting,Qualification,2026-02-10
OPP01238,Qualification,Solution Design,2026-02-11
OPP01238,Solution Design,Proposal,2026-03-15
OPP01238,Proposal,Negotiation,2026-08-04
OPP01238,Negotiation,Closed Won,2026-09-22
OPP01239,,Prospecting,2026-01-02
OPP01239,Prospecting,Qualification,2026-01-06
OPP01239,Qualification,Solution Design,2026-02-02
OPP01239,Solution Design,Closed Lost,2026-02-23
OPP01240,,Prospecting,2026-01-04
OPP01240,Prospecting,Qualification,2026-01-18
OPP01240,Qualification,Solution Design,2026-02-06
OPP01240,Solution Design,Proposal,2026-02-08
OPP01240,Proposal,Negotiation,2026-02-14
OPP01240,Negotiation,Closed Won,2026-03-17
OPP01241,,Prospecting,2026-01-04
OPP01241,Prospecting,Qualification,2026-01-15
OPP01241,Qualification,Solution Design,2026-01-23
OPP01241,Solution Design,Proposal,2026-02-22
OPP01241,Proposal,Closed Lost,2026-03-17
OPP01242,,Prospecting,2026-01-05
OPP01242,Prospecting,Qualification,2026-03-05
OPP01242,Qualification,Solution Design,2026-03-13
OPP01242,Solution Design,Closed Lost,2026-06-04
OPP01243,,Prospecting,2026-01-05
OPP01243,Prospecting,Qualification,2026-01-10
OPP01243,Qualification,Solution Design,2026-02-13
OPP01243,Solution Design,Proposal,2026-03-15
OPP01243,Proposal,Negotiation,2026-05-25
OPP01243,Negotiation,Closed Won,2026-09-28
OPP01244,,Prospecting,2026-01-06
OPP01244,Prospecting,Qualification,2026-01-19
OPP01244,Qualification,Solution Design,2026-01-27
OPP01244,Solution Design,Proposal,2026-02-06
OPP01244,Proposal,Negotiation,2026-02-14
OPP01244,Negotiation,Closed Lost,2026-02-17
OPP01245,,Prospecting,2026-01-07
OPP01245,Prospecting,Qualification,2026-02-12
OPP01245,Qualification,Solution Design,2026-02-23
OPP01245,Solution Design,Closed Lost,2026-03-22
OPP01246,,Prospecting,2026-01-07
OPP01246,Prospecting,Qualification,2026-01-10
OPP01246,Qualification,Solution Design,2026-01-11
OPP01246,Solution Design,Proposal,2026-01-13
OPP01246,Proposal,Negotiation,2026-01-14
OPP01246,Negotiation,Closed Won,2026-02-05
OPP01247,,Prospecting,2026-01-07
OPP01247,Prospecting,Qualification,2026-01-15
OPP01247,Qualification,Solution Design,2026-02-02
OPP01247,Solution Design,Closed Lost,2026-03-12
OPP01248,,Prospecting,2026-01-07
OPP01248,Prospecting,Qualification,2026-01-22
OPP01248,Qualification,Solution Design,2026-01-23
OPP01248,Solution Design,Proposal,2026-01-26
OPP01248,Proposal,Negotiation,2026-02-21
OPP01248,Negotiation,Closed Lost,2026-03-05
OPP01249,,Prospecting,2026-01-07
OPP01249,Prospecting,Qualification,2026-02-23
OPP01249,Qualification,Solution Design,2026-03-04
OPP01249,Solution Design,Proposal,2026-03-23
OPP01249,Proposal,Negotiation,2026-03-24
OPP01249,Negotiation,Closed Lost,2026-05-11
OPP01250,,Prospecting,2026-01-08
OPP01250,Prospecting,Qualification,2026-06-26
OPP01250,Qualification,Solution Design,2026-08-01
OPP01250,Solution Design,Proposal,2026-08-08
OPP01250,Proposal,Negotiation,2026-09-18
OPP01251,,Prospecting,2026-01-08
OPP01251,Prospecting,Qualification,2026-02-15
OPP01251,Qualification,Solution Design,2026-02-21
OPP01251,Solution Design,Proposal,2026-03-28
OPP01251,Proposal,Negotiation,2026-05-04
OPP01251,Negotiation,Closed Won,2026-06-20
OPP01252,,Prospecting,2026-01-08
OPP01252,Prospecting,Qualification,2026-02-09
OPP01252,Qualification,Closed Lost,2026-02-22
OPP01253,,Prospecting,2026-01-09
OPP01253,Prospecting,Qualification,2026-02-01
OPP01253,Qualification,Solution Design,2026-03-03
OPP01253,Solution Design,Proposal,2026-03-27
OPP01253,Proposal,Negotiation,2026-04-21
OPP01253,Negotiation,Closed Won,2026-05-26
OPP01254,,Prospecting,2026-01-10
OPP01254,Prospecting,Qualification,2026-01-24
OPP01254,Qualification,Solution Design,2026-02-02
OPP01254,Solution Design,Closed Lost,2026-03-10
OPP01255,,Prospecting,2026-01-10
OPP01255,Prospecting,Qualification,2026-01-14
OPP01255,Qualification,Solution Design,2026-01-24
OPP01255,Solution Design,Proposal,2026-02-19
OPP01255,Proposal,Negotiation,2026-03-04
OPP01255,Negotiation,Closed Won,2026-04-12
OPP01256,,Prospecting,2026-01-11
OPP01256,Prospecting,Qualification,2026-01-16
OPP01256,Qualification,Solution Design,2026-03-06
OPP01256,Solution Design,Proposal,2026-03-09
OPP01256,Proposal,Negotiation,2026-03-11
OPP01256,Negotiation,Closed Won,2026-03-19
OPP01257,,Prospecting,2026-01-11
OPP01257,Prospecting,Qualification,2026-01-18
OPP01257,Qualification,Solution Design,2026-04-06
OPP01257,Solution Design,Closed Lost,2026-05-06
OPP01258,,Prospecting,2026-01-11
OPP01258,Prospecting,Qualification,2026-01-17
OPP01258,Qualification,Solution Design,2026-01-29
OPP01258,Solution Design,Proposal,2026-02-14
OPP01258,Proposal,Negotiation,2026-03-19
OPP01258,Negotiation,Closed Lost,2026-07-21
OPP01259,,Prospecting,2026-01-12
OPP01259,Prospecting,Qualification,2026-02-04
OPP01259,Qualification,Solution Design,2026-06-25
OPP01259,Solution Design,Proposal,2026-08-08
OPP01259,Proposal,Negotiation,2026-08-23
OPP01260,,Prospecting,2026-01-12
OPP01260,Prospecting,Qualification,2026-02-06
OPP01260,Qualification,Closed Lost,2026-02-22
OPP01261,,Prospecting,2026-01-12
OPP01261,Prospecting,Qualification,2026-03-08
OPP01261,Qualification,Solution Design,2026-03-22
OPP01261,Solution Design,Proposal,2026-04-01
OPP01261,Proposal,Negotiation,2026-04-08
OPP01261,Negotiation,Closed Lost,2026-05-03
OPP01262,,Prospecting,2026-01-12
OPP01262,Prospecting,Qualification,2026-02-03
OPP01262,Qualification,Solution Design,2026-02-12
OPP01262,Solution Design,Proposal,2026-02-19
OPP01262,Proposal,Negotiation,2026-03-05
OPP01262,Negotiation,Closed Won,2026-04-21
OPP01263,,Prospecting,2026-01-12
OPP01263,Prospecting,Qualification,2026-01-28
OPP01263,Qualification,Solution Design,2026-02-02
OPP01263,Solution Design,Proposal,2026-05-04
OPP01263,Proposal,Negotiation,2026-08-18
OPP01263,Negotiation,Closed Won,2026-09-21
OPP01264,,Prospecting,2026-01-14
OPP01264,Prospecting,Qualification,2026-02-22
OPP01264,Qualification,Solution Design,2026-03-02
OPP01264,Solution Design,Proposal,2026-03-09
OPP01264,Proposal,Negotiation,2026-04-10
OPP01264,Negotiation,Closed Won,2026-05-29
OPP01265,,Prospecting,2026-01-14
OPP01265,Prospecting,Qualification,2026-01-17
OPP01265,Qualification,Solution Design,2026-01-26
OPP01265,Solution Design,Proposal,2026-02-19
OPP01265,Proposal,Negotiation,2026-02-20
OPP01265,Negotiation,Closed Won,2026-03-26
OPP01266,,Prospecting,2026-01-15
OPP01266,Prospecting,Qualification,2026-01-18
OPP01266,Qualification,Solution Design,2026-01-26
OPP01266,Solution Design,Proposal,2026-02-02
OPP01266,Proposal,Closed Lost,2026-02-25
OPP01267,,Prospecting,2026-01-17
OPP01267,Prospecting,Qualification,2026-01-21
OPP01267,Qualification,Solution Design,2026-01-23
OPP01267,Solution Design,Proposal,2026-02-02
OPP01267,Proposal,Negotiation,2026-03-19
OPP01267,Negotiation,Closed Won,2026-06-26
OPP01268,,Prospecting,2026-01-17
OPP01268,Prospecting,Qualification,2026-01-21
OPP01268,Qualification,Solution Design,2026-03-01
OPP01268,Solution Design,Proposal,2026-05-12
OPP01268,Proposal,Closed Lost,2026-06-13
OPP01269,,Prospecting,2026-01-17
OPP01269,Prospecting,Qualification,2026-01-19
OPP01269,Qualification,Solution Design,2026-01-21
OPP01269,Solution Design,Closed Lost,2026-02-23
OPP01270,,Prospecting,2026-01-17
OPP01270,Prospecting,Qualification,2026-04-09
OPP01270,Qualification,Solution Design,2026-09-01
OPP01270,Solution Design,Proposal,2026-09-06
OPP01270,Proposal,Negotiation,2026-09-23
OPP01271,,Prospecting,2026-01-18
OPP01271,Prospecting,Qualification,2026-02-25
OPP01271,Qualification,Closed Lost,2026-03-12
OPP01272,,Prospecting,2026-01-18
OPP01272,Prospecting,Qualification,2026-01-21
OPP01272,Qualification,Solution Design,2026-01-22
OPP01272,Solution Design,Closed Lost,2026-02-13
OPP01273,,Prospecting,2026-01-18
OPP01273,Prospecting,Qualification,2026-03-10
OPP01273,Qualification,Solution Design,2026-03-22
OPP01273,Solution Design,Proposal,2026-03-24
OPP01273,Proposal,Negotiation,2026-04-04
OPP01273,Negotiation,Closed Won,2026-06-01
OPP01274,,Prospecting,2026-01-18
OPP01274,Prospecting,Qualification,2026-01-29
OPP01274,Qualification,Solution Design,2026-02-02
OPP01274,Solution Design,Proposal,2026-03-12
OPP01274,Proposal,Negotiation,2026-03-14
OPP01274,Negotiation,Closed Won,2026-03-31
OPP01275,,Prospecting,2026-01-19
OPP01275,Prospecting,Qualification,2026-02-10
OPP01275,Qualification,Solution Design,2026-02-28
OPP01275,Solution Design,Proposal,2026-03-10
OPP01275,Proposal,Negotiation,2026-03-12
OPP01275,Negotiation,Closed Won,2026-03-26
OPP01276,,Prospecting,2026-01-19
OPP01276,Prospecting,Qualification,2026-01-31
OPP01276,Qualification,Solution Design,2026-04-05
OPP01276,Solution Design,Proposal,2026-05-11
OPP01276,Proposal,Negotiation,2026-06-05
OPP01276,Negotiation,Closed Won,2026-06-18
OPP01277,,Prospecting,2026-01-19
OPP01277,Prospecting,Qualification,2026-01-25
OPP01277,Qualification,Solution Design,2026-02-10
OPP01277,Solution Design,Proposal,2026-02-25
OPP01277,Proposal,Negotiation,2026-03-11
OPP01277,Negotiation,Closed Won,2026-04-10
OPP01278,,Prospecting,2026-01-20
OPP01278,Prospecting,Qualification,2026-02-04
OPP01278,Qualification,Solution Design,2026-02-09
OPP01278,Solution Design,Proposal,2026-03-30
OPP01278,Proposal,Negotiation,2026-04-13
OPP01278,Negotiation,Closed Won,2026-06-11
OPP01279,,Prospecting,2026-01-20
OPP01279,Prospecting,Qualification,2026-02-07
OPP01279,Qualification,Solution Design,2026-02-08
OPP01279,Solution Design,Proposal,2026-02-23
OPP01279,Proposal,Negotiation,2026-02-26
OPP01279,Negotiation,Closed Won,2026-03-27
OPP01280,,Prospecting,2026-01-21
OPP01280,Prospecting,Qualification,2026-01-31
OPP01280,Qualification,Solution Design,2026-02-07
OPP01280,Solution Design,Proposal,2026-04-01
OPP01280,Proposal,Negotiation,2026-04-28
OPP01280,Negotiation,Closed Won,2026-06-22
OPP01281,,Prospecting,2026-01-21
OPP01281,Prospecting,Qualification,2026-03-06
OPP01281,Qualification,Solution Design,2026-05-27
OPP01281,Solution Design,Proposal,2026-08-19
OPP01281,Proposal,Negotiation,2026-09-03
OPP01281,Negotiation,Closed Won,2026-09-28
OPP01282,,Prospecting,2026-01-21
OPP01282,Prospecting,Qualification,2026-02-02
OPP01282,Qualification,Solution Design,2026-02-16
OPP01282,Solution Design,Proposal,2026-04-11
OPP01282,Proposal,Negotiation,2026-05-11
OPP01282,Negotiation,Closed Won,2026-06-28
OPP01283,,Prospecting,2026-01-22
OPP01283,Prospecting,Qualification,2026-03-29
OPP01283,Qualification,Solution Design,2026-04-09
OPP01283,Solution Design,Proposal,2026-04-12
OPP01283,Proposal,Negotiation,2026-04-14
OPP01283,Negotiation,Closed Won,2026-06-17
OPP01284,,Prospecting,2026-01-22
OPP01284,Prospecting,Qualification,2026-03-01
OPP01284,Qualification,Solution Design,2026-03-24
OPP01284,Solution Design,Proposal,2026-04-08
OPP01284,Proposal,Closed Lost,2026-04-29
OPP01285,,Prospecting,2026-01-22
OPP01285,Prospecting,Qualification,2026-01-24
OPP01285,Qualification,Solution Design,2026-01-26
OPP01285,Solution Design,Proposal,2026-01-29
OPP01285,Proposal,Negotiation,2026-02-01
OPP01285,Negotiation,Closed Lost,2026-02-20
OPP01286,,Prospecting,2026-01-22
OPP01286,Prospecting,Qualification,2026-02-11
OPP01286,Qualification,Solution Design,2026-02-18
OPP01286,Solution Design,Closed Lost,2026-03-12
OPP01287,,Prospecting,2026-01-23
OPP01287,Prospecting,Qualification,2026-01-24
OPP01287,Qualification,Solution Design,2026-02-05
OPP01287,Solution Design,Proposal,2026-03-20
OPP01287,Proposal,Negotiation,2026-03-25
OPP01287,Negotiation,Closed Won,2026-04-04
OPP01288,,Prospecting,2026-01-23
OPP01288,Prospecting,Qualification,2026-02-05
OPP01288,Qualification,Solution Design,2026-02-20
OPP01288,Solution Design,Proposal,2026-02-22
OPP01288,Proposal,Closed Lost,2026-02-25
OPP01289,,Prospecting,2026-01-23
OPP01289,Prospecting,Qualification,2026-01-31
OPP01289,Qualification,Solution Design,2026-02-05
OPP01289,Solution Design,Proposal,2026-02-09
OPP01289,Proposal,Negotiation,2026-02-12
OPP01289,Negotiation,Closed Won,2026-03-26
OPP01290,,Prospecting,2026-01-23
OPP01290,Prospecting,Qualification,2026-02-15
OPP01290,Qualification,Solution Design,2026-03-05
OPP01290,Solution Design,Proposal,2026-03-21
OPP01290,Proposal,Negotiation,2026-03-23
OPP01290,Negotiation,Closed Won,2026-04-10
OPP01291,,Prospecting,2026-01-24
OPP01291,Prospecting,Qualification,2026-03-07
OPP01291,Qualification,Solution Design,2026-04-02
OPP01291,Solution Design,Proposal,2026-05-18
OPP01291,Proposal,Closed Lost,2026-06-06
OPP01292,,Prospecting,2026-01-25
OPP01292,Prospecting,Qualification,2026-03-24
OPP01292,Qualification,Solution Design,2026-04-08
OPP01292,Solution Design,Proposal,2026-06-10
OPP01292,Proposal,Negotiation,2026-07-03
OPP01292,Negotiation,Closed Won,2026-09-20
OPP01293,,Prospecting,2026-01-25
OPP01293,Prospecting,Qualification,2026-02-01
OPP01293,Qualification,Solution Design,2026-03-11
OPP01293,Solution Design,Proposal,2026-03-21
OPP01293,Proposal,Negotiation,2026-04-03
OPP01293,Negotiation,Closed Won,2026-04-20
OPP01294,,Prospecting,2026-01-26
OPP01294,Prospecting,Qualification,2026-04-28
OPP01294,Qualification,Solution Design,2026-05-08
OPP01294,Solution Design,Proposal,2026-06-22
OPP01294,Proposal,Negotiation,2026-06-25
OPP01295,,Prospecting,2026-01-28
OPP01295,Prospecting,Qualification,2026-02-10
OPP01295,Qualification,Solution Design,2026-03-02
OPP01295,Solution Design,Closed Lost,2026-05-17
OPP01296,,Prospecting,2026-01-28
OPP01296,Prospecting,Qualification,2026-02-15
OPP01296,Qualification,Solution Design,2026-04-14
OPP01296,Solution Design,Proposal,2026-04-18
OPP01296,Proposal,Negotiation,2026-04-29
OPP01296,Negotiation,Closed Won,2026-05-14
OPP01297,,Prospecting,2026-01-28
OPP01297,Prospecting,Qualification,2026-01-31
OPP01297,Qualification,Solution Design,2026-02-06
OPP01297,Solution Design,Proposal,2026-02-24
OPP01297,Proposal,Negotiation,2026-04-05
OPP01297,Negotiation,Closed Lost,2026-04-22
OPP01298,,Prospecting,2026-01-28
OPP01298,Prospecting,Qualification,2026-02-21
OPP01298,Qualification,Solution Design,2026-03-05
OPP01298,Solution Design,Proposal,2026-03-09
OPP01298,Proposal,Negotiation,2026-05-05
OPP01298,Negotiation,Closed Lost,2026-06-27
OPP01299,,Prospecting,2026-01-29
OPP01299,Prospecting,Qualification,2026-02-09
OPP01299,Qualification,Solution Design,2026-02-16
OPP01299,Solution Design,Proposal,2026-02-26
OPP01299,Proposal,Negotiation,2026-03-10
OPP01299,Negotiation,Closed Won,2026-03-29
OPP01300,,Prospecting,2026-01-29
OPP01300,Prospecting,Qualification,2026-02-11
OPP01300,Qualification,Solution Design,2026-04-08
OPP01300,Solution Design,Proposal,2026-04-28
OPP01300,Proposal,Closed Lost,2026-05-21
OPP01301,,Prospecting,2026-01-29
OPP01301,Prospecting,Qualification,2026-03-27
OPP01301,Qualification,Solution Design,2026-04-11
OPP01301,Solution Design,Proposal,2026-04-30
OPP01301,Proposal,Closed Lost,2026-06-12
OPP01302,,Prospecting,2026-01-29
OPP01302,Prospecting,Qualification,2026-04-01
OPP01302,Qualification,Solution Design,2026-04-09
OPP01302,Solution Design,Proposal,2026-04-29
OPP01302,Proposal,Negotiation,2026-05-17
OPP01302,Negotiation,Closed Won,2026-06-20
OPP01303,,Prospecting,2026-01-30
OPP01303,Prospecting,Qualification,2026-02-11
OPP01303,Qualification,Solution Design,2026-02-27
OPP01303,Solution Design,Proposal,2026-03-17
OPP01303,Proposal,Negotiation,2026-04-21
OPP01303,Negotiation,Closed Won,2026-06-29
OPP01304,,Prospecting,2026-01-31
OPP01304,Prospecting,Qualification,2026-03-23
OPP01304,Qualification,Solution Design,2026-03-25
OPP01304,Solution Design,Proposal,2026-05-11
OPP01304,Proposal,Closed Lost,2026-06-11
OPP01305,,Prospecting,2026-01-31
OPP01305,Prospecting,Qualification,2026-03-01
OPP01305,Qualification,Solution Design,2026-05-14
OPP01305,Solution Design,Proposal,2026-08-05
OPP01305,Proposal,Negotiation,2026-08-14
OPP01305,Negotiation,Closed Won,2026-09-22
OPP01306,,Prospecting,2026-02-01
OPP01306,Prospecting,Qualification,2026-03-27
OPP01306,Qualification,Closed Lost,2026-07-23
OPP01307,,Prospecting,2026-02-01
OPP01307,Prospecting,Qualification,2026-02-24
OPP01307,Qualification,Solution Design,2026-02-27
OPP01307,Solution Design,Proposal,2026-04-03
OPP01307,Proposal,Negotiation,2026-04-11
OPP01307,Negotiation,Closed Lost,2026-05-08
OPP01308,,Prospecting,2026-02-02
OPP01308,Prospecting,Qualification,2026-02-14
OPP01308,Qualification,Solution Design,2026-02-23
OPP01308,Solution Design,Proposal,2026-02-25
OPP01308,Proposal,Closed Lost,2026-03-15
OPP01309,,Prospecting,2026-02-02
OPP01309,Prospecting,Qualification,2026-04-12
OPP01309,Qualification,Solution Design,2026-05-02
OPP01309,Solution Design,Proposal,2026-05-12
OPP01309,Proposal,Negotiation,2026-06-02
OPP01309,Negotiation,Closed Won,2026-06-27
OPP01310,,Prospecting,2026-02-03
OPP01310,Prospecting,Qualification,2026-02-07
OPP01310,Qualification,Solution Design,2026-02-14
OPP01310,Solution Design,Proposal,2026-03-12
OPP01310,Proposal,Closed Lost,2026-03-25
OPP01311,,Prospecting,2026-02-03
OPP01311,Prospecting,Qualification,2026-02-14
OPP01311,Qualification,Solution Design,2026-03-05
OPP01311,Solution Design,Proposal,2026-04-03
OPP01311,Proposal,Negotiation,2026-05-13
OPP01311,Negotiation,Closed Won,2026-06-30
OPP01312,,Prospecting,2026-02-03
OPP01312,Prospecting,Qualification,2026-02-04
OPP01312,Qualification,Solution Design,2026-02-26
OPP01312,Solution Design,Proposal,2026-03-08
OPP01312,Proposal,Negotiation,2026-03-10
OPP01312,Negotiation,Closed Lost,2026-03-17
OPP01313,,Prospecting,2026-02-03
OPP01313,Prospecting,Qualification,2026-03-09
OPP01313,Qualification,Solution Design,2026-04-06
OPP01313,Solution Design,Proposal,2026-04-25
OPP01313,Proposal,Negotiation,2026-06-02
OPP01313,Negotiation,Closed Won,2026-06-21
OPP01314,,Prospecting,2026-02-03
OPP01314,Prospecting,Qualification,2026-02-13
OPP01314,Qualification,Solution Design,2026-04-14
OPP01314,Solution Design,Proposal,2026-06-28
OPP01314,Proposal,Closed Lost,2026-08-07
OPP01315,,Prospecting,2026-02-04
OPP01315,Prospecting,Qualification,2026-03-12
OPP01315,Qualification,Solution Design,2026-04-03
OPP01315,Solution Design,Proposal,2026-04-07
OPP01315,Proposal,Negotiation,2026-04-09
OPP01315,Negotiation,Closed Won,2026-06-23
OPP01316,,Prospecting,2026-02-05
OPP01316,Prospecting,Qualification,2026-02-25
OPP01316,Qualification,Solution Design,2026-03-06
OPP01317,,Prospecting,2026-02-06
OPP01317,Prospecting,Qualification,2026-04-19
OPP01317,Qualification,Solution Design,2026-04-20
OPP01317,Solution Design,Closed Lost,2026-05-14
OPP01318,,Prospecting,2026-02-07
OPP01318,Prospecting,Qualification,2026-02-08
OPP01318,Qualification,Solution Design,2026-02-09
OPP01318,Solution Design,Proposal,2026-02-17
OPP01318,Proposal,Negotiation,2026-02-24
OPP01318,Negotiation,Closed Won,2026-03-18
OPP01319,,Prospecting,2026-02-07
OPP01319,Prospecting,Qualification,2026-02-14
OPP01319,Qualification,Solution Design,2026-02-21
OPP01319,Solution Design,Proposal,2026-02-24
OPP01319,Proposal,Negotiation,2026-03-03
OPP01319,Negotiation,Closed Won,2026-03-08
OPP01320,,Prospecting,2026-02-08
OPP01320,Prospecting,Qualification,2026-04-09
OPP01320,Qualification,Solution Design,2026-04-26
OPP01320,Solution Design,Proposal,2026-08-31
OPP01321,,Prospecting,2026-02-08
OPP01321,Prospecting,Qualification,2026-02-09
OPP01321,Qualification,Solution Design,2026-02-18
OPP01321,Solution Design,Proposal,2026-03-09
OPP01321,Proposal,Negotiation,2026-03-26
OPP01321,Negotiation,Closed Lost,2026-04-06
OPP01322,,Prospecting,2026-02-09
OPP01322,Prospecting,Qualification,2026-02-20
OPP01322,Qualification,Closed Lost,2026-03-08
OPP01323,,Prospecting,2026-02-09
OPP01323,Prospecting,Qualification,2026-02-16
OPP01323,Qualification,Solution Design,2026-02-20
OPP01323,Solution Design,Proposal,2026-04-15
OPP01323,Proposal,Negotiation,2026-04-18
OPP01323,Negotiation,Closed Won,2026-06-24
OPP01324,,Prospecting,2026-02-10
OPP01324,Prospecting,Qualification,2026-04-04
OPP01324,Qualification,Solution Design,2026-08-30
OPP01325,,Prospecting,2026-02-10
OPP01325,Prospecting,Qualification,2026-03-24
OPP01325,Qualification,Solution Design,2026-03-27
OPP01325,Solution Design,Closed Lost,2026-06-18
OPP01326,,Prospecting,2026-02-12
OPP01326,Prospecting,Qualification,2026-02-24
OPP01326,Qualification,Solution Design,2026-04-08
OPP01326,Solution Design,Closed Lost,2026-06-16
OPP01327,,Prospecting,2026-02-12
OPP01327,Prospecting,Qualification,2026-04-18
OPP01327,Qualification,Solution Design,2026-07-04
OPP01328,,Prospecting,2026-02-13
OPP01328,Prospecting,Qualification,2026-02-15
OPP01328,Qualification,Solution Design,2026-02-23
OPP01328,Solution Design,Proposal,2026-03-29
OPP01328,Proposal,Closed Lost,2026-05-07
OPP01329,,Prospecting,2026-02-14
OPP01329,Prospecting,Qualification,2026-02-25
OPP01329,Qualification,Solution Design,2026-03-08
OPP01329,Solution Design,Proposal,2026-03-12
OPP01329,Proposal,Negotiation,2026-03-30
OPP01329,Negotiation,Closed Won,2026-06-10
OPP01330,,Prospecting,2026-02-15
OPP01330,Prospecting,Qualification,2026-03-16
OPP01330,Qualification,Solution Design,2026-03-18
OPP01330,Solution Design,Closed Lost,2026-06-01
OPP01331,,Prospecting,2026-02-15
OPP01331,Prospecting,Qualification,2026-04-06
OPP01331,Qualification,Solution Design,2026-05-31
OPP01331,Solution Design,Proposal,2026-06-24
OPP01331,Proposal,Negotiation,2026-08-01
OPP01331,Negotiation,Closed Won,2026-09-29
OPP01332,,Prospecting,2026-02-16
OPP01332,Prospecting,Qualification,2026-02-19
OPP01332,Qualification,Solution Design,2026-02-23
OPP01332,Solution Design,Proposal,2026-02-27
OPP01332,Proposal,Negotiation,2026-03-18
OPP01332,Negotiation,Closed Won,2026-03-31
OPP01333,,Prospecting,2026-02-16
OPP01333,Prospecting,Qualification,2026-02-19
OPP01333,Qualification,Solution Design,2026-03-22
OPP01333,Solution Design,Closed Lost,2026-05-25
OPP01334,,Prospecting,2026-02-17
OPP01334,Prospecting,Qualification,2026-02-24
OPP01334,Qualification,Solution Design,2026-04-22
OPP01334,Solution Design,Proposal,2026-04-27
OPP01334,Proposal,Negotiation,2026-05-18
OPP01334,Negotiation,Closed Won,2026-06-14
OPP01335,,Prospecting,2026-02-17
OPP01335,Prospecting,Qualification,2026-03-03
OPP01335,Qualification,Closed Lost,2026-04-25
OPP01336,,Prospecting,2026-02-18
OPP01336,Prospecting,Qualification,2026-03-08
OPP01336,Qualification,Solution Design,2026-03-20
OPP01336,Solution Design,Closed Lost,2026-04-06
OPP01337,,Prospecting,2026-02-19
OPP01337,Prospecting,Qualification,2026-04-09
OPP01337,Qualification,Solution Design,2026-04-14
OPP01337,Solution Design,Proposal,2026-04-19
OPP01337,Proposal,Negotiation,2026-05-03
OPP01337,Negotiation,Closed Won,2026-06-30
OPP01338,,Prospecting,2026-02-21
OPP01338,Prospecting,Qualification,2026-03-05
OPP01338,Qualification,Solution Design,2026-03-06
OPP01338,Solution Design,Proposal,2026-03-29
OPP01338,Proposal,Negotiation,2026-04-14
OPP01338,Negotiation,Closed Won,2026-05-14
OPP01339,,Prospecting,2026-02-21
OPP01339,Prospecting,Qualification,2026-02-26
OPP01339,Qualification,Solution Design,2026-03-15
OPP01339,Solution Design,Proposal,2026-03-21
OPP01339,Proposal,Negotiation,2026-03-28
OPP01339,Negotiation,Closed Won,2026-04-16
OPP01340,,Prospecting,2026-02-22
OPP01340,Prospecting,Qualification,2026-06-21
OPP01340,Qualification,Closed Lost,2026-08-12
OPP01341,,Prospecting,2026-02-22
OPP01341,Prospecting,Qualification,2026-03-02
OPP01341,Qualification,Solution Design,2026-03-13
OPP01341,Solution Design,Proposal,2026-03-25
OPP01341,Proposal,Negotiation,2026-04-03
OPP01341,Negotiation,Closed Won,2026-04-20
OPP01342,,Prospecting,2026-02-22
OPP01342,Prospecting,Qualification,2026-02-23
OPP01342,Qualification,Solution Design,2026-04-14
OPP01342,Solution Design,Proposal,2026-04-22
OPP01342,Proposal,Negotiation,2026-04-24
OPP01342,Negotiation,Closed Won,2026-05-03
OPP01343,,Prospecting,2026-02-23
OPP01343,Prospecting,Qualification,2026-03-12
OPP01343,Qualification,Solution Design,2026-04-17
OPP01343,Solution Design,Proposal,2026-04-27
OPP01343,Proposal,Negotiation,2026-05-21
OPP01343,Negotiation,Closed Won,2026-06-25
OPP01344,,Prospecting,2026-02-23
OPP01344,Prospecting,Qualification,2026-03-24
OPP01344,Qualification,Solution Design,2026-03-31
OPP01344,Solution Design,Proposal,2026-04-22
OPP01344,Proposal,Negotiation,2026-05-14
OPP01344,Negotiation,Closed Won,2026-06-20
OPP01345,,Prospecting,2026-02-23
OPP01345,Prospecting,Qualification,2026-02-28
OPP01345,Qualification,Solution Design,2026-03-20
OPP01345,Solution Design,Proposal,2026-04-09
OPP01345,Proposal,Negotiation,2026-04-18
OPP01345,Negotiation,Closed Won,2026-04-24
OPP01346,,Prospecting,2026-02-24
OPP01346,Prospecting,Qualification,2026-03-03
OPP01346,Qualification,Solution Design,2026-03-16
OPP01346,Solution Design,Closed Lost,2026-03-19
OPP01347,,Prospecting,2026-02-24
OPP01347,Prospecting,Qualification,2026-03-23
OPP01347,Qualification,Solution Design,2026-03-26
OPP01347,Solution Design,Closed Lost,2026-07-15
OPP01348,,Prospecting,2026-02-24
OPP01348,Prospecting,Qualification,2026-04-17
OPP01348,Qualification,Solution Design,2026-05-06
OPP01348,Solution Design,Proposal,2026-05-07
OPP01348,Proposal,Closed Lost,2026-05-24
OPP01349,,Prospecting,2026-02-25
OPP01349,Prospecting,Qualification,2026-03-05
OPP01349,Qualification,Solution Design,2026-03-28
OPP01349,Solution Design,Proposal,2026-05-01
OPP01349,Proposal,Negotiation,2026-05-25
OPP01349,Negotiation,Closed Won,2026-07-16
OPP01350,,Prospecting,2026-02-25
OPP01350,Prospecting,Qualification,2026-03-06
OPP01350,Qualification,Solution Design,2026-03-26
OPP01350,Solution Design,Proposal,2026-05-02
OPP01350,Proposal,Negotiation,2026-06-28
OPP01350,Negotiation,Closed Won,2026-08-01
OPP01351,,Prospecting,2026-02-26
OPP01351,Prospecting,Qualification,2026-03-18
OPP01351,Qualification,Solution Design,2026-03-25
OPP01351,Solution Design,Proposal,2026-03-28
OPP01351,Proposal,Negotiation,2026-04-08
OPP01351,Negotiation,Closed Lost,2026-05-11
OPP01352,,Prospecting,2026-02-26
OPP01352,Prospecting,Qualification,2026-06-16
OPP01352,Qualification,Solution Design,2026-07-05
OPP01352,Solution Design,Proposal,2026-08-06
OPP01353,,Prospecting,2026-02-26
OPP01353,Prospecting,Qualification,2026-03-10
OPP01353,Qualification,Solution Design,2026-03-26
OPP01353,Solution Design,Closed Lost,2026-05-29
OPP01354,,Prospecting,2026-02-26
OPP01354,Prospecting,Qualification,2026-03-31
OPP01354,Qualification,Solution Design,2026-04-04
OPP01354,Solution Design,Proposal,2026-04-21
OPP01354,Proposal,Negotiation,2026-05-15
OPP01354,Negotiation,Closed Lost,2026-06-02
OPP01355,,Prospecting,2026-02-27
OPP01355,Prospecting,Qualification,2026-03-05
OPP01355,Qualification,Closed Lost,2026-07-07
OPP01356,,Prospecting,2026-02-27
OPP01356,Prospecting,Qualification,2026-03-14
OPP01356,Qualification,Solution Design,2026-03-18
OPP01356,Solution Design,Proposal,2026-03-21
OPP01356,Proposal,Negotiation,2026-07-03
OPP01356,Negotiation,Closed Won,2026-09-20
OPP01357,,Prospecting,2026-02-28
OPP01357,Prospecting,Qualification,2026-03-02
OPP01357,Qualification,Solution Design,2026-03-06
OPP01357,Solution Design,Proposal,2026-03-07
OPP01357,Proposal,Closed Lost,2026-03-21
OPP01358,,Prospecting,2026-02-28
OPP01358,Prospecting,Qualification,2026-03-17
OPP01358,Qualification,Solution Design,2026-04-18
OPP01358,Solution Design,Proposal,2026-04-30
OPP01358,Proposal,Negotiation,2026-05-09
OPP01358,Negotiation,Closed Won,2026-06-15
OPP01359,,Prospecting,2026-03-01
OPP01359,Prospecting,Qualification,2026-03-10
OPP01359,Qualification,Solution Design,2026-03-26
OPP01359,Solution Design,Proposal,2026-05-26
OPP01359,Proposal,Negotiation,2026-05-27
OPP01359,Negotiation,Closed Won,2026-06-19
OPP01360,,Prospecting,2026-03-01
OPP01360,Prospecting,Qualification,2026-03-11
OPP01360,Qualification,Solution Design,2026-04-03
OPP01360,Solution Design,Proposal,2026-05-03
OPP01360,Proposal,Negotiation,2026-05-15
OPP01360,Negotiation,Closed Won,2026-07-07
OPP01361,,Prospecting,2026-03-01
OPP01361,Prospecting,Qualification,2026-04-08
OPP01361,Qualification,Solution Design,2026-04-18
OPP01361,Solution Design,Proposal,2026-04-23
OPP01361,Proposal,Negotiation,2026-05-02
OPP01361,Negotiation,Closed Won,2026-06-29
OPP01362,,Prospecting,2026-03-02
OPP01362,Prospecting,Qualification,2026-03-27
OPP01362,Qualification,Solution Design,2026-04-07
OPP01362,Solution Design,Proposal,2026-04-24
OPP01362,Proposal,Negotiation,2026-05-10
OPP01362,Negotiation,Closed Won,2026-05-21
OPP01363,,Prospecting,2026-03-02
OPP01363,Prospecting,Qualification,2026-03-15
OPP01363,Qualification,Solution Design,2026-03-18
OPP01363,Solution Design,Proposal,2026-04-15
OPP01363,Proposal,Closed Lost,2026-04-21
OPP01364,,Prospecting,2026-03-02
OPP01364,Prospecting,Qualification,2026-03-21
OPP01364,Qualification,Solution Design,2026-04-04
OPP01364,Solution Design,Proposal,2026-05-01
OPP01364,Proposal,Negotiation,2026-06-17
OPP01364,Negotiation,Closed Lost,2026-07-08
OPP01365,,Prospecting,2026-03-02
OPP01365,Prospecting,Qualification,2026-03-05
OPP01365,Qualification,Solution Design,2026-03-06
OPP01365,Solution Design,Proposal,2026-05-09
OPP01365,Proposal,Negotiation,2026-05-26
OPP01365,Negotiation,Closed Won,2026-07-24
OPP01366,,Prospecting,2026-03-03
OPP01366,Prospecting,Qualification,2026-03-08
OPP01366,Qualification,Solution Design,2026-03-14
OPP01366,Solution Design,Proposal,2026-03-19
OPP01366,Proposal,Negotiation,2026-03-26
OPP01366,Negotiation,Closed Won,2026-04-16
OPP01367,,Prospecting,2026-03-03
OPP01367,Prospecting,Qualification,2026-03-25
OPP01367,Qualification,Solution Design,2026-04-09
OPP01367,Solution Design,Proposal,2026-04-28
OPP01367,Proposal,Negotiation,2026-05-18
OPP01367,Negotiation,Closed Won,2026-09-12
OPP01368,,Prospecting,2026-03-03
OPP01368,Prospecting,Qualification,2026-03-05
OPP01368,Qualification,Solution Design,2026-04-07
OPP01368,Solution Design,Proposal,2026-04-09
OPP01368,Proposal,Negotiation,2026-04-30
OPP01368,Negotiation,Closed Lost,2026-06-16
OPP01369,,Prospecting,2026-03-03
OPP01369,Prospecting,Qualification,2026-03-11
OPP01369,Qualification,Solution Design,2026-03-29
OPP01369,Solution Design,Proposal,2026-04-02
OPP01369,Proposal,Negotiation,2026-04-03
OPP01369,Negotiation,Closed Won,2026-05-09
OPP01370,,Prospecting,2026-03-03
OPP01370,Prospecting,Qualification,2026-03-21
OPP01370,Qualification,Solution Design,2026-04-07
OPP01370,Solution Design,Proposal,2026-04-11
OPP01370,Proposal,Negotiation,2026-05-01
OPP01370,Negotiation,Closed Won,2026-06-22
OPP01371,,Prospecting,2026-03-04
OPP01371,Prospecting,Qualification,2026-03-21
OPP01371,Qualification,Solution Design,2026-03-26
OPP01371,Solution Design,Proposal,2026-04-05
OPP01371,Proposal,Negotiation,2026-05-04
OPP01371,Negotiation,Closed Won,2026-06-06
OPP01372,,Prospecting,2026-03-04
OPP01372,Prospecting,Qualification,2026-03-18
OPP01372,Qualification,Solution Design,2026-04-09
OPP01372,Solution Design,Proposal,2026-04-27
OPP01373,,Prospecting,2026-03-04
OPP01373,Prospecting,Qualification,2026-05-17
OPP01373,Qualification,Solution Design,2026-06-27
OPP01374,,Prospecting,2026-03-04
OPP01374,Prospecting,Qualification,2026-03-16
OPP01374,Qualification,Solution Design,2026-06-16
OPP01375,,Prospecting,2026-03-04
OPP01375,Prospecting,Qualification,2026-03-15
OPP01375,Qualification,Solution Design,2026-04-23
OPP01375,Solution Design,Proposal,2026-08-04
OPP01375,Proposal,Negotiation,2026-09-11
OPP01375,Negotiation,Closed Won,2026-09-29
OPP01376,,Prospecting,2026-03-06
OPP01376,Prospecting,Qualification,2026-03-24
OPP01376,Qualification,Solution Design,2026-05-04
OPP01376,Solution Design,Proposal,2026-05-15
OPP01376,Proposal,Closed Lost,2026-08-08
OPP01377,,Prospecting,2026-03-06
OPP01377,Prospecting,Qualification,2026-03-08
OPP01377,Qualification,Solution Design,2026-03-11
OPP01377,Solution Design,Proposal,2026-04-13
OPP01377,Proposal,Negotiation,2026-05-17
OPP01377,Negotiation,Closed Won,2026-06-26
OPP01378,,Prospecting,2026-03-06
OPP01378,Prospecting,Qualification,2026-03-12
OPP01378,Qualification,Solution Design,2026-03-19
OPP01378,Solution Design,Proposal,2026-03-27
OPP01378,Proposal,Negotiation,2026-04-04
OPP01378,Negotiation,Closed Won,2026-05-17
OPP01379,,Prospecting,2026-03-07
OPP01379,Prospecting,Qualification,2026-04-09
OPP01379,Qualification,Closed Lost,2026-06-07
OPP01380,,Prospecting,2026-03-07
OPP01380,Prospecting,Qualification,2026-03-08
OPP01380,Qualification,Solution Design,2026-03-14
OPP01380,Solution Design,Closed Lost,2026-05-25
OPP01381,,Prospecting,2026-03-07
OPP01381,Prospecting,Qualification,2026-03-20
OPP01381,Qualification,Closed Lost,2026-04-10
OPP01382,,Prospecting,2026-03-07
OPP01382,Prospecting,Qualification,2026-03-17
OPP01382,Qualification,Solution Design,2026-04-03
OPP01382,Solution Design,Proposal,2026-04-05
OPP01382,Proposal,Negotiation,2026-04-06
OPP01382,Negotiation,Closed Won,2026-04-17
OPP01383,,Prospecting,2026-03-07
OPP01383,Prospecting,Qualification,2026-03-20
OPP01383,Qualification,Solution Design,2026-06-15
OPP01383,Solution Design,Proposal,2026-09-16
OPP01384,,Prospecting,2026-03-08
OPP01384,Prospecting,Qualification,2026-03-19
OPP01384,Qualification,Solution Design,2026-03-23
OPP01384,Solution Design,Proposal,2026-03-30
OPP01384,Proposal,Negotiation,2026-04-09
OPP01384,Negotiation,Closed Won,2026-04-19
OPP01385,,Prospecting,2026-03-09
OPP01385,Prospecting,Qualification,2026-05-19
OPP01385,Qualification,Solution Design,2026-08-07
OPP01385,Solution Design,Proposal,2026-08-31
OPP01385,Proposal,Negotiation,2026-09-15
OPP01386,,Prospecting,2026-03-09
OPP01386,Prospecting,Qualification,2026-03-28
OPP01386,Qualification,Solution Design,2026-04-25
OPP01386,Solution Design,Closed Lost,2026-05-31
OPP01387,,Prospecting,2026-03-09
OPP01387,Prospecting,Qualification,2026-04-10
OPP01387,Qualification,Solution Design,2026-04-22
OPP01387,Solution Design,Proposal,2026-06-21
OPP01387,Proposal,Negotiation,2026-07-11
OPP01387,Negotiation,Closed Won,2026-09-03
OPP01388,,Prospecting,2026-03-10
OPP01388,Prospecting,Qualification,2026-03-24
OPP01388,Qualification,Solution Design,2026-03-29
OPP01388,Solution Design,Proposal,2026-06-11
OPP01388,Proposal,Negotiation,2026-07-11
OPP01388,Negotiation,Closed Won,2026-09-23
OPP01389,,Prospecting,2026-03-10
OPP01389,Prospecting,Qualification,2026-03-18
OPP01389,Qualification,Solution Design,2026-04-18
OPP01389,Solution Design,Proposal,2026-06-12
OPP01389,Proposal,Closed Lost,2026-07-09
OPP01390,,Prospecting,2026-03-10
OPP01390,Prospecting,Qualification,2026-03-30
OPP01390,Qualification,Solution Design,2026-05-02
OPP01390,Solution Design,Proposal,2026-05-04
OPP01390,Proposal,Negotiation,2026-05-14
OPP01390,Negotiation,Closed Won,2026-06-24
OPP01391,,Prospecting,2026-03-10
OPP01391,Prospecting,Qualification,2026-04-29
OPP01391,Qualification,Closed Lost,2026-07-17
OPP01392,,Prospecting,2026-03-10
OPP01392,Prospecting,Qualification,2026-03-17
OPP01392,Qualification,Solution Design,2026-07-11
OPP01392,Solution Design,Closed Lost,2026-08-04
OPP01393,,Prospecting,2026-03-11
OPP01393,Prospecting,Qualification,2026-03-12
OPP01393,Qualification,Solution Design,2026-05-03
OPP01393,Solution Design,Proposal,2026-05-15
OPP01393,Proposal,Closed Lost,2026-05-31
OPP01394,,Prospecting,2026-03-12
OPP01394,Prospecting,Qualification,2026-03-20
OPP01394,Qualification,Solution Design,2026-08-23
OPP01394,Solution Design,Proposal,2026-09-19
OPP01395,,Prospecting,2026-03-12
OPP01395,Prospecting,Qualification,2026-03-16
OPP01395,Qualification,Solution Design,2026-04-27
OPP01395,Solution Design,Proposal,2026-07-11
OPP01395,Proposal,Negotiation,2026-09-06
OPP01396,,Prospecting,2026-03-12
OPP01396,Prospecting,Qualification,2026-03-27
OPP01396,Qualification,Solution Design,2026-05-03
OPP01396,Solution Design,Proposal,2026-05-08
OPP01396,Proposal,Negotiation,2026-05-27
OPP01396,Negotiation,Closed Won,2026-05-29
OPP01397,,Prospecting,2026-03-13
OPP01397,Prospecting,Qualification,2026-03-16
OPP01397,Qualification,Solution Design,2026-03-31
OPP01397,Solution Design,Proposal,2026-04-01
OPP01397,Proposal,Closed Lost,2026-04-29
OPP01398,,Prospecting,2026-03-14
OPP01398,Prospecting,Qualification,2026-03-29
OPP01398,Qualification,Solution Design,2026-04-24
OPP01398,Solution Design,Proposal,2026-06-05
OPP01398,Proposal,Negotiation,2026-06-10
OPP01398,Negotiation,Closed Won,2026-06-22
OPP01399,,Prospecting,2026-03-14
OPP01399,Prospecting,Qualification,2026-03-21
OPP01399,Qualification,Solution Design,2026-03-23
OPP01399,Solution Design,Proposal,2026-03-24
OPP01399,Proposal,Negotiation,2026-03-28
OPP01399,Negotiation,Closed Won,2026-04-15
OPP01400,,Prospecting,2026-03-14
OPP01400,Prospecting,Qualification,2026-04-08
OPP01400,Qualification,Solution Design,2026-04-29
OPP01400,Solution Design,Proposal,2026-06-04
OPP01400,Proposal,Negotiation,2026-06-17
OPP01400,Negotiation,Closed Won,2026-09-22
OPP01401,,Prospecting,2026-03-16
OPP01401,Prospecting,Qualification,2026-03-21
OPP01401,Qualification,Solution Design,2026-03-24
OPP01401,Solution Design,Proposal,2026-04-14
OPP01401,Proposal,Negotiation,2026-05-22
OPP01401,Negotiation,Closed Lost,2026-06-08
OPP01402,,Prospecting,2026-03-16
OPP01402,Prospecting,Qualification,2026-06-26
OPP01402,Qualification,Solution Design,2026-07-04
OPP01402,Solution Design,Proposal,2026-09-17
OPP01403,,Prospecting,2026-03-17
OPP01403,Prospecting,Qualification,2026-04-08
OPP01403,Qualification,Solution Design,2026-05-01
OPP01403,Solution Design,Proposal,2026-06-26
OPP01404,,Prospecting,2026-03-17
OPP01404,Prospecting,Qualification,2026-03-22
OPP01404,Qualification,Solution Design,2026-04-01
OPP01404,Solution Design,Proposal,2026-04-09
OPP01404,Proposal,Negotiation,2026-04-11
OPP01404,Negotiation,Closed Lost,2026-05-18
OPP01405,,Prospecting,2026-03-17
OPP01405,Prospecting,Qualification,2026-03-27
OPP01405,Qualification,Solution Design,2026-05-31
OPP01405,Solution Design,Closed Lost,2026-08-31
OPP01406,,Prospecting,2026-03-18
OPP01406,Prospecting,Qualification,2026-03-22
OPP01406,Qualification,Solution Design,2026-05-15
OPP01406,Solution Design,Proposal,2026-07-28
OPP01406,Proposal,Negotiation,2026-08-07
OPP01406,Negotiation,Closed Won,2026-09-19
OPP01407,,Prospecting,2026-03-20
OPP01407,Prospecting,Qualification,2026-04-06
OPP01407,Qualification,Solution Design,2026-04-11
OPP01407,Solution Design,Closed Lost,2026-05-20
OPP01408,,Prospecting,2026-03-20
OPP01408,Prospecting,Qualification,2026-03-31
OPP01408,Qualification,Solution Design,2026-04-24
OPP01408,Solution Design,Proposal,2026-05-10
OPP01408,Proposal,Negotiation,2026-07-05
OPP01408,Negotiation,Closed Won,2026-09-30
OPP01409,,Prospecting,2026-03-21
OPP01409,Prospecting,Qualification,2026-04-28
OPP01409,Qualification,Solution Design,2026-06-11
OPP01409,Solution Design,Closed Lost,2026-07-12
OPP01410,,Prospecting,2026-03-22
OPP01410,Prospecting,Qualification,2026-04-10
OPP01410,Qualification,Solution Design,2026-04-12
OPP01410,Solution Design,Proposal,2026-04-18
OPP01410,Proposal,Negotiation,2026-05-17
OPP01410,Negotiation,Closed Lost,2026-06-17
OPP01411,,Prospecting,2026-03-23
OPP01411,Prospecting,Qualification,2026-04-27
OPP01411,Qualification,Solution Design,2026-06-03
OPP01411,Solution Design,Proposal,2026-06-14
OPP01411,Proposal,Closed Lost,2026-07-11
OPP01412,,Prospecting,2026-03-24
OPP01412,Prospecting,Qualification,2026-04-17
OPP01412,Qualification,Solution Design,2026-04-21
OPP01412,Solution Design,Proposal,2026-05-23
OPP01412,Proposal,Negotiation,2026-07-11
OPP01412,Negotiation,Closed Lost,2026-08-01
OPP01413,,Prospecting,2026-03-24
OPP01413,Prospecting,Qualification,2026-04-14
OPP01413,Qualification,Solution Design,2026-04-26
OPP01413,Solution Design,Proposal,2026-06-27
OPP01413,Proposal,Negotiation,2026-06-30
OPP01413,Negotiation,Closed Won,2026-08-03
OPP01414,,Prospecting,2026-03-25
OPP01414,Prospecting,Qualification,2026-04-01
OPP01414,Qualification,Solution Design,2026-05-11
OPP01414,Solution Design,Proposal,2026-05-13
OPP01414,Proposal,Closed Lost,2026-06-20
OPP01415,,Prospecting,2026-03-25
OPP01415,Prospecting,Qualification,2026-06-05
OPP01415,Qualification,Solution Design,2026-09-13
OPP01416,,Prospecting,2026-03-26
OPP01416,Prospecting,Qualification,2026-04-09
OPP01416,Qualification,Solution Design,2026-04-23
OPP01416,Solution Design,Proposal,2026-05-26
OPP01416,Proposal,Negotiation,2026-05-29
OPP01416,Negotiation,Closed Won,2026-06-21
OPP01417,,Prospecting,2026-03-26
OPP01417,Prospecting,Qualification,2026-04-06
OPP01417,Qualification,Solution Design,2026-05-11
OPP01417,Solution Design,Proposal,2026-05-31
OPP01417,Proposal,Negotiation,2026-06-08
OPP01417,Negotiation,Closed Won,2026-06-29
OPP01418,,Prospecting,2026-03-28
OPP01418,Prospecting,Qualification,2026-03-29
OPP01418,Qualification,Solution Design,2026-03-30
OPP01418,Solution Design,Proposal,2026-04-12
OPP01418,Proposal,Negotiation,2026-04-14
OPP01418,Negotiation,Closed Won,2026-04-27
OPP01419,,Prospecting,2026-03-28
OPP01419,Prospecting,Qualification,2026-04-09
OPP01419,Qualification,Solution Design,2026-04-11
OPP01419,Solution Design,Proposal,2026-04-23
OPP01419,Proposal,Negotiation,2026-04-27
OPP01419,Negotiation,Closed Won,2026-06-09
OPP01420,,Prospecting,2026-03-30
OPP01420,Prospecting,Qualification,2026-04-23
OPP01420,Qualification,Solution Design,2026-05-09
OPP01420,Solution Design,Proposal,2026-05-20
OPP01420,Proposal,Negotiation,2026-06-06
OPP01420,Negotiation,Closed Won,2026-06-20
OPP01421,,Prospecting,2026-03-31
OPP01421,Prospecting,Qualification,2026-04-05
OPP01421,Qualification,Closed Lost,2026-06-26
OPP01422,,Prospecting,2026-03-31
OPP01422,Prospecting,Qualification,2026-04-21
OPP01422,Qualification,Solution Design,2026-05-16
OPP01422,Solution Design,Proposal,2026-05-23
OPP01422,Proposal,Negotiation,2026-06-02
OPP01422,Negotiation,Closed Won,2026-08-25
OPP01423,,Prospecting,2026-03-31
OPP01423,Prospecting,Qualification,2026-04-07
OPP01423,Qualification,Solution Design,2026-05-04
OPP01423,Solution Design,Closed Lost,2026-05-20
OPP01424,,Prospecting,2026-03-31
OPP01424,Prospecting,Qualification,2026-04-02
OPP01424,Qualification,Solution Design,2026-04-04
OPP01424,Solution Design,Proposal,2026-04-17
OPP01424,Proposal,Negotiation,2026-04-20
OPP01424,Negotiation,Closed Won,2026-05-04
OPP01425,,Prospecting,2026-03-31
OPP01425,Prospecting,Qualification,2026-04-21
OPP01425,Qualification,Solution Design,2026-04-25
OPP01425,Solution Design,Proposal,2026-05-15
OPP01425,Proposal,Negotiation,2026-06-01
OPP01425,Negotiation,Closed Won,2026-07-15
OPP01426,,Prospecting,2026-04-01
OPP01426,Prospecting,Qualification,2026-04-06
OPP01426,Qualification,Solution Design,2026-04-15
OPP01426,Solution Design,Proposal,2026-04-20
OPP01426,Proposal,Negotiation,2026-04-21
OPP01426,Negotiation,Closed Won,2026-05-13
OPP01427,,Prospecting,2026-04-01
OPP01427,Prospecting,Qualification,2026-04-02
OPP01427,Qualification,Solution Design,2026-04-19
OPP01427,Solution Design,Proposal,2026-05-03
OPP01427,Proposal,Closed Lost,2026-06-07
OPP01428,,Prospecting,2026-04-02
OPP01428,Prospecting,Qualification,2026-04-11
OPP01428,Qualification,Solution Design,2026-04-20
OPP01428,Solution Design,Proposal,2026-07-04
OPP01429,,Prospecting,2026-04-02
OPP01429,Prospecting,Qualification,2026-04-16
OPP01429,Qualification,Solution Design,2026-04-25
OPP01429,Solution Design,Proposal,2026-05-05
OPP01429,Proposal,Negotiation,2026-05-28
OPP01429,Negotiation,Closed Won,2026-06-22
OPP01430,,Prospecting,2026-04-02
OPP01430,Prospecting,Qualification,2026-04-05
OPP01430,Qualification,Closed Lost,2026-04-19
OPP01431,,Prospecting,2026-04-02
OPP01431,Prospecting,Qualification,2026-04-28
OPP01431,Qualification,Solution Design,2026-05-04
OPP01431,Solution Design,Proposal,2026-05-11
OPP01431,Proposal,Negotiation,2026-05-25
OPP01431,Negotiation,Closed Won,2026-06-27
OPP01432,,Prospecting,2026-04-03
OPP01432,Prospecting,Qualification,2026-04-11
OPP01432,Qualification,Solution Design,2026-04-14
OPP01432,Solution Design,Closed Lost,2026-04-26
OPP01433,,Prospecting,2026-04-04
OPP01433,Prospecting,Qualification,2026-04-12
OPP01433,Qualification,Solution Design,2026-04-17
OPP01433,Solution Design,Proposal,2026-04-28
OPP01433,Proposal,Negotiation,2026-05-02
OPP01433,Negotiation,Closed Won,2026-05-26
OPP01434,,Prospecting,2026-04-04
OPP01434,Prospecting,Qualification,2026-04-11
OPP01434,Qualification,Solution Design,2026-05-11
OPP01434,Solution Design,Proposal,2026-05-15
OPP01434,Proposal,Negotiation,2026-06-15
OPP01434,Negotiation,Closed Won,2026-09-28
OPP01435,,Prospecting,2026-04-04
OPP01435,Prospecting,Qualification,2026-04-24
OPP01435,Qualification,Solution Design,2026-05-17
OPP01435,Solution Design,Proposal,2026-05-26
OPP01436,,Prospecting,2026-04-04
OPP01436,Prospecting,Qualification,2026-04-09
OPP01436,Qualification,Solution Design,2026-06-10
OPP01436,Solution Design,Proposal,2026-09-27
OPP01437,,Prospecting,2026-04-05
OPP01437,Prospecting,Qualification,2026-04-14
OPP01437,Qualification,Closed Lost,2026-07-08
OPP01438,,Prospecting,2026-04-06
OPP01438,Prospecting,Qualification,2026-04-10
OPP01438,Qualification,Solution Design,2026-04-11
OPP01438,Solution Design,Proposal,2026-04-12
OPP01438,Proposal,Negotiation,2026-04-24
OPP01438,Negotiation,Closed Lost,2026-04-30
OPP01439,,Prospecting,2026-04-06
OPP01439,Prospecting,Qualification,2026-04-20
OPP01439,Qualification,Closed Lost,2026-08-06
OPP01440,,Prospecting,2026-04-07
OPP01440,Prospecting,Qualification,2026-04-17
OPP01440,Qualification,Solution Design,2026-04-24
OPP01440,Solution Design,Proposal,2026-04-30
OPP01440,Proposal,Closed Lost,2026-05-24
OPP01441,,Prospecting,2026-04-07
OPP01441,Prospecting,Qualification,2026-05-07
OPP01441,Qualification,Solution Design,2026-05-23
OPP01441,Solution Design,Proposal,2026-06-05
OPP01441,Proposal,Closed Lost,2026-07-06
OPP01442,,Prospecting,2026-04-07
OPP01442,Prospecting,Qualification,2026-05-05
OPP01442,Qualification,Solution Design,2026-05-18
OPP01442,Solution Design,Proposal,2026-07-04
OPP01442,Proposal,Closed Lost,2026-09-01
OPP01443,,Prospecting,2026-04-07
OPP01443,Prospecting,Qualification,2026-06-17
OPP01443,Qualification,Closed Lost,2026-07-24
OPP01444,,Prospecting,2026-04-07
OPP01444,Prospecting,Qualification,2026-04-10
OPP01444,Qualification,Closed Lost,2026-06-01
OPP01445,,Prospecting,2026-04-08
OPP01445,Prospecting,Qualification,2026-05-14
OPP01445,Qualification,Closed Lost,2026-08-12
OPP01446,,Prospecting,2026-04-08
OPP01446,Prospecting,Qualification,2026-04-12
OPP01446,Qualification,Solution Design,2026-04-15
OPP01446,Solution Design,Proposal,2026-04-25
OPP01446,Proposal,Negotiation,2026-06-16
OPP01446,Negotiation,Closed Won,2026-06-29
OPP01447,,Prospecting,2026-04-09
OPP01447,Prospecting,Qualification,2026-05-10
OPP01447,Qualification,Solution Design,2026-06-11
OPP01447,Solution Design,Proposal,2026-07-12
OPP01447,Proposal,Negotiation,2026-07-19
OPP01447,Negotiation,Closed Won,2026-09-21
OPP01448,,Prospecting,2026-04-09
OPP01448,Prospecting,Qualification,2026-04-10
OPP01448,Qualification,Solution Design,2026-04-17
OPP01448,Solution Design,Proposal,2026-05-02
OPP01448,Proposal,Negotiation,2026-05-25
OPP01448,Negotiation,Closed Won,2026-06-23
OPP01449,,Prospecting,2026-04-09
OPP01449,Prospecting,Qualification,2026-04-30
OPP01449,Qualification,Solution Design,2026-05-14
OPP01449,Solution Design,Proposal,2026-06-03
OPP01449,Proposal,Closed Lost,2026-06-15
OPP01450,,Prospecting,2026-04-10
OPP01450,Prospecting,Qualification,2026-05-01
OPP01450,Qualification,Solution Design,2026-05-17
OPP01450,Solution Design,Proposal,2026-06-19
OPP01451,,Prospecting,2026-04-10
OPP01451,Prospecting,Qualification,2026-04-11
OPP01451,Qualification,Solution Design,2026-04-26
OPP01451,Solution Design,Proposal,2026-04-28
OPP01451,Proposal,Negotiation,2026-05-25
OPP01451,Negotiation,Closed Lost,2026-05-31
OPP01452,,Prospecting,2026-04-10
OPP01452,Prospecting,Qualification,2026-06-09
OPP01452,Qualification,Solution Design,2026-07-26
OPP01452,Solution Design,Proposal,2026-09-07
OPP01453,,Prospecting,2026-04-11
OPP01453,Prospecting,Qualification,2026-04-23
OPP01453,Qualification,Solution Design,2026-04-30
OPP01453,Solution Design,Proposal,2026-06-23
OPP01453,Proposal,Negotiation,2026-07-23
OPP01453,Negotiation,Closed Won,2026-08-03
OPP01454,,Prospecting,2026-04-11
OPP01454,Prospecting,Qualification,2026-04-12
OPP01454,Qualification,Solution Design,2026-04-27
OPP01454,Solution Design,Closed Lost,2026-06-08
OPP01455,,Prospecting,2026-04-12
OPP01455,Prospecting,Qualification,2026-04-26
OPP01455,Qualification,Solution Design,2026-05-12
OPP01455,Solution Design,Proposal,2026-05-28
OPP01455,Proposal,Negotiation,2026-05-30
OPP01455,Negotiation,Closed Won,2026-06-30
OPP01456,,Prospecting,2026-04-12
OPP01456,Prospecting,Qualification,2026-04-24
OPP01456,Qualification,Solution Design,2026-04-26
OPP01456,Solution Design,Proposal,2026-08-03
OPP01457,,Prospecting,2026-04-13
OPP01457,Prospecting,Qualification,2026-05-13
OPP01457,Qualification,Solution Design,2026-06-02
OPP01457,Solution Design,Proposal,2026-07-15
OPP01457,Proposal,Negotiation,2026-08-06
OPP01457,Negotiation,Closed Won,2026-09-30
OPP01458,,Prospecting,2026-04-13
OPP01458,Prospecting,Qualification,2026-04-30
OPP01458,Qualification,Solution Design,2026-09-11
OPP01459,,Prospecting,2026-04-13
OPP01459,Prospecting,Qualification,2026-04-28
OPP01459,Qualification,Solution Design,2026-04-30
OPP01459,Solution Design,Closed Lost,2026-05-24
OPP01460,,Prospecting,2026-04-13
OPP01460,Prospecting,Qualification,2026-04-14
OPP01460,Qualification,Solution Design,2026-05-31
OPP01460,Solution Design,Proposal,2026-06-03
OPP01460,Proposal,Negotiation,2026-07-26
OPP01461,,Prospecting,2026-04-14
OPP01461,Prospecting,Qualification,2026-04-19
OPP01461,Qualification,Solution Design,2026-05-06
OPP01461,Solution Design,Proposal,2026-05-07
OPP01461,Proposal,Negotiation,2026-05-09
OPP01461,Negotiation,Closed Won,2026-05-19
OPP01462,,Prospecting,2026-04-14
OPP01462,Prospecting,Qualification,2026-05-02
OPP01462,Qualification,Solution Design,2026-05-09
OPP01462,Solution Design,Proposal,2026-05-11
OPP01462,Proposal,Negotiation,2026-05-19
OPP01462,Negotiation,Closed Won,2026-06-28
OPP01463,,Prospecting,2026-04-15
OPP01463,Prospecting,Qualification,2026-04-20
OPP01463,Qualification,Solution Design,2026-04-25
OPP01463,Solution Design,Closed Lost,2026-06-24
OPP01464,,Prospecting,2026-04-16
OPP01464,Prospecting,Qualification,2026-05-10
OPP01464,Qualification,Solution Design,2026-05-11
OPP01464,Solution Design,Proposal,2026-05-19
OPP01464,Proposal,Negotiation,2026-05-27
OPP01464,Negotiation,Closed Won,2026-06-29
OPP01465,,Prospecting,2026-04-18
OPP01465,Prospecting,Qualification,2026-04-19
OPP01465,Qualification,Solution Design,2026-04-28
OPP01465,Solution Design,Proposal,2026-05-09
OPP01465,Proposal,Negotiation,2026-05-26
OPP01465,Negotiation,Closed Won,2026-06-08
OPP01466,,Prospecting,2026-04-18
OPP01466,Prospecting,Qualification,2026-04-21
OPP01466,Qualification,Closed Lost,2026-05-06
OPP01467,,Prospecting,2026-04-18
OPP01467,Prospecting,Qualification,2026-06-07
OPP01467,Qualification,Solution Design,2026-06-16
OPP01467,Solution Design,Proposal,2026-08-07
OPP01467,Proposal,Negotiation,2026-08-08
OPP01467,Negotiation,Closed Won,2026-09-23
OPP01468,,Prospecting,2026-04-18
OPP01468,Prospecting,Qualification,2026-06-12
OPP01468,Qualification,Solution Design,2026-06-24
OPP01468,Solution Design,Proposal,2026-07-05
OPP01468,Proposal,Closed Lost,2026-07-25
OPP01469,,Prospecting,2026-04-18
OPP01469,Prospecting,Qualification,2026-04-26
OPP01469,Qualification,Solution Design,2026-05-03
OPP01469,Solution Design,Closed Lost,2026-05-27
OPP01470,,Prospecting,2026-04-20
OPP01470,Prospecting,Qualification,2026-04-24
OPP01470,Qualification,Solution Design,2026-04-30
OPP01470,Solution Design,Proposal,2026-05-03
OPP01470,Proposal,Negotiation,2026-05-12
OPP01470,Negotiation,Closed Won,2026-06-07
OPP01471,,Prospecting,2026-04-20
OPP01471,Prospecting,Qualification,2026-06-06
OPP01471,Qualification,Closed Lost,2026-06-16
OPP01472,,Prospecting,2026-04-21
OPP01472,Prospecting,Qualification,2026-05-02
OPP01472,Qualification,Closed Lost,2026-08-26
OPP01473,,Prospecting,2026-04-21
OPP01473,Prospecting,Qualification,2026-05-16
OPP01473,Qualification,Solution Design,2026-07-02
OPP01473,Solution Design,Proposal,2026-07-10
OPP01473,Proposal,Closed Lost,2026-08-30
OPP01474,,Prospecting,2026-04-21
OPP01474,Prospecting,Qualification,2026-06-06
OPP01474,Qualification,Solution Design,2026-08-26
OPP01475,,Prospecting,2026-04-21
OPP01475,Prospecting,Qualification,2026-05-06
OPP01475,Qualification,Solution Design,2026-06-25
OPP01476,,Prospecting,2026-04-21
OPP01476,Prospecting,Qualification,2026-04-28
OPP01476,Qualification,Solution Design,2026-05-03
OPP01476,Solution Design,Proposal,2026-05-07
OPP01476,Proposal,Negotiation,2026-07-12
OPP01476,Negotiation,Closed Lost,2026-07-29
OPP01477,,Prospecting,2026-04-22
OPP01477,Prospecting,Qualification,2026-06-09
OPP01477,Qualification,Solution Design,2026-06-12
OPP01477,Solution Design,Proposal,2026-08-17
OPP01478,,Prospecting,2026-04-23
OPP01478,Prospecting,Qualification,2026-08-19
OPP01478,Qualification,Solution Design,2026-09-10
OPP01479,,Prospecting,2026-04-23
OPP01479,Prospecting,Qualification,2026-05-08
OPP01479,Qualification,Solution Design,2026-05-16
OPP01479,Solution Design,Proposal,2026-06-15
OPP01479,Proposal,Negotiation,2026-06-19
OPP01479,Negotiation,Closed Won,2026-08-07
OPP01480,,Prospecting,2026-04-23
OPP01480,Prospecting,Qualification,2026-06-03
OPP01480,Qualification,Solution Design,2026-06-25
OPP01480,Solution Design,Proposal,2026-08-26
OPP01480,Proposal,Negotiation,2026-09-08
OPP01481,,Prospecting,2026-04-24
OPP01481,Prospecting,Qualification,2026-05-09
OPP01481,Qualification,Solution Design,2026-05-14
OPP01481,Solution Design,Proposal,2026-05-27
OPP01481,Proposal,Closed Lost,2026-06-11
OPP01482,,Prospecting,2026-04-24
OPP01482,Prospecting,Qualification,2026-05-12
OPP01482,Qualification,Closed Lost,2026-06-18
OPP01483,,Prospecting,2026-04-24
OPP01483,Prospecting,Qualification,2026-05-01
OPP01483,Qualification,Solution Design,2026-05-12
OPP01483,Solution Design,Proposal,2026-06-13
OPP01483,Proposal,Negotiation,2026-07-01
OPP01483,Negotiation,Closed Won,2026-09-23
OPP01484,,Prospecting,2026-04-24
OPP01484,Prospecting,Qualification,2026-06-01
OPP01484,Qualification,Solution Design,2026-06-03
OPP01484,Solution Design,Proposal,2026-07-28
OPP01485,,Prospecting,2026-04-24
OPP01485,Prospecting,Qualification,2026-04-26
OPP01485,Qualification,Solution Design,2026-08-21
OPP01485,Solution Design,Proposal,2026-08-31
OPP01486,,Prospecting,2026-04-24
OPP01486,Prospecting,Qualification,2026-05-10
OPP01486,Qualification,Solution Design,2026-05-21
OPP01486,Solution Design,Proposal,2026-05-30
OPP01486,Proposal,Negotiation,2026-05-31
OPP01486,Negotiation,Closed Won,2026-08-06
OPP01487,,Prospecting,2026-04-25
OPP01487,Prospecting,Qualification,2026-05-03
OPP01487,Qualification,Solution Design,2026-06-07
OPP01487,Solution Design,Proposal,2026-08-09
OPP01487,Proposal,Negotiation,2026-08-12
OPP01487,Negotiation,Closed Won,2026-08-21
OPP01488,,Prospecting,2026-04-26
OPP01488,Prospecting,Qualification,2026-05-04
OPP01488,Qualification,Closed Lost,2026-05-26
OPP01489,,Prospecting,2026-04-26
OPP01489,Prospecting,Qualification,2026-05-04
OPP01489,Qualification,Closed Lost,2026-05-26
OPP01490,,Prospecting,2026-04-26
OPP01490,Prospecting,Qualification,2026-07-26
OPP01490,Qualification,Solution Design,2026-07-31
OPP01490,Solution Design,Proposal,2026-09-22
OPP01491,,Prospecting,2026-04-26
OPP01491,Prospecting,Qualification,2026-05-25
OPP01491,Qualification,Solution Design,2026-07-06
OPP01491,Solution Design,Proposal,2026-07-10
OPP01491,Proposal,Negotiation,2026-08-18
OPP01491,Negotiation,Closed Won,2026-09-20
OPP01492,,Prospecting,2026-04-26
OPP01492,Prospecting,Qualification,2026-06-06
OPP01492,Qualification,Solution Design,2026-07-05
OPP01492,Solution Design,Proposal,2026-08-04
OPP01492,Proposal,Negotiation,2026-08-14
OPP01492,Negotiation,Closed Won,2026-09-17
OPP01493,,Prospecting,2026-04-27
OPP01493,Prospecting,Qualification,2026-06-12
OPP01493,Qualification,Solution Design,2026-08-12
OPP01493,Solution Design,Proposal,2026-09-25
OPP01494,,Prospecting,2026-04-27
OPP01494,Prospecting,Qualification,2026-05-17
OPP01494,Qualification,Solution Design,2026-05-30
OPP01494,Solution Design,Proposal,2026-06-01
OPP01494,Proposal,Negotiation,2026-06-02
OPP01494,Negotiation,Closed Won,2026-06-20
OPP01495,,Prospecting,2026-04-28
OPP01495,Prospecting,Qualification,2026-05-19
OPP01495,Qualification,Solution Design,2026-05-27
OPP01495,Solution Design,Closed Lost,2026-07-13
OPP01496,,Prospecting,2026-04-30
OPP01496,Prospecting,Qualification,2026-05-11
OPP01496,Qualification,Solution Design,2026-05-20
OPP01496,Solution Design,Proposal,2026-06-18
OPP01496,Proposal,Negotiation,2026-06-21
OPP01496,Negotiation,Closed Lost,2026-07-02
OPP01497,,Prospecting,2026-04-30
OPP01497,Prospecting,Qualification,2026-05-14
OPP01497,Qualification,Solution Design,2026-06-07
OPP01497,Solution Design,Proposal,2026-07-08
OPP01497,Proposal,Closed Lost,2026-08-09
OPP01498,,Prospecting,2026-04-30
OPP01498,Prospecting,Qualification,2026-05-23
OPP01498,Qualification,Solution Design,2026-05-29
OPP01498,Solution Design,Proposal,2026-06-27
OPP01498,Proposal,Negotiation,2026-08-19
OPP01498,Negotiation,Closed Won,2026-09-17
OPP01499,,Prospecting,2026-04-30
OPP01499,Prospecting,Qualification,2026-05-04
OPP01499,Qualification,Solution Design,2026-06-15
OPP01499,Solution Design,Proposal,2026-08-14
OPP01500,,Prospecting,2026-04-30
OPP01500,Prospecting,Qualification,2026-05-20
OPP01500,Qualification,Solution Design,2026-06-22
OPP01500,Solution Design,Proposal,2026-07-22
OPP01500,Proposal,Negotiation,2026-08-19
OPP01500,Negotiation,Closed Won,2026-09-26
OPP01501,,Prospecting,2026-05-01
OPP01501,Prospecting,Qualification,2026-08-13
OPP01501,Qualification,Solution Design,2026-09-18
OPP01501,Solution Design,Proposal,2026-09-22
OPP01502,,Prospecting,2026-05-01
OPP01502,Prospecting,Qualification,2026-05-08
OPP01502,Qualification,Solution Design,2026-05-18
OPP01502,Solution Design,Proposal,2026-06-04
OPP01502,Proposal,Negotiation,2026-07-12
OPP01502,Negotiation,Closed Won,2026-08-06
OPP01503,,Prospecting,2026-05-02
OPP01503,Prospecting,Qualification,2026-05-31
OPP01503,Qualification,Solution Design,2026-06-07
OPP01503,Solution Design,Closed Lost,2026-06-21
OPP01504,,Prospecting,2026-05-02
OPP01504,Prospecting,Qualification,2026-05-05
OPP01504,Qualification,Solution Design,2026-05-19
OPP01504,Solution Design,Proposal,2026-05-30
OPP01504,Proposal,Negotiation,2026-06-06
OPP01504,Negotiation,Closed Lost,2026-06-09
OPP01505,,Prospecting,2026-05-02
OPP01505,Prospecting,Qualification,2026-05-16
OPP01505,Qualification,Solution Design,2026-05-22
OPP01505,Solution Design,Proposal,2026-05-29
OPP01505,Proposal,Negotiation,2026-07-11
OPP01505,Negotiation,Closed Won,2026-07-21
OPP01506,,Prospecting,2026-05-03
OPP01506,Prospecting,Qualification,2026-05-25
OPP01506,Qualification,Solution Design,2026-06-02
OPP01506,Solution Design,Proposal,2026-06-07
OPP01506,Proposal,Closed Lost,2026-06-10
OPP01507,,Prospecting,2026-05-05
OPP01507,Prospecting,Qualification,2026-06-04
OPP01507,Qualification,Closed Lost,2026-07-18
OPP01508,,Prospecting,2026-05-06
OPP01508,Prospecting,Qualification,2026-06-14
OPP01508,Qualification,Closed Lost,2026-06-23
OPP01509,,Prospecting,2026-05-07
OPP01509,Prospecting,Qualification,2026-05-09
OPP01509,Qualification,Solution Design,2026-05-12
OPP01509,Solution Design,Closed Lost,2026-07-13
OPP01510,,Prospecting,2026-05-07
OPP01510,Prospecting,Qualification,2026-05-14
OPP01510,Qualification,Solution Design,2026-05-24
OPP01510,Solution Design,Proposal,2026-05-25
OPP01510,Proposal,Negotiation,2026-05-31
OPP01510,Negotiation,Closed Won,2026-08-06
OPP01511,,Prospecting,2026-05-08
OPP01511,Prospecting,Qualification,2026-05-24
OPP01511,Qualification,Solution Design,2026-08-04
OPP01511,Solution Design,Proposal,2026-09-04
OPP01511,Proposal,Negotiation,2026-09-12
OPP01511,Negotiation,Closed Won,2026-09-29
OPP01512,,Prospecting,2026-05-08
OPP01512,Prospecting,Qualification,2026-05-23
OPP01512,Qualification,Solution Design,2026-05-30
OPP01512,Solution Design,Proposal,2026-06-07
OPP01512,Proposal,Negotiation,2026-06-20
OPP01512,Negotiation,Closed Won,2026-07-04
OPP01513,,Prospecting,2026-05-08
OPP01513,Prospecting,Qualification,2026-05-12
OPP01513,Qualification,Solution Design,2026-05-27
OPP01513,Solution Design,Proposal,2026-07-20
OPP01513,Proposal,Negotiation,2026-08-18
OPP01513,Negotiation,Closed Lost,2026-09-05
OPP01514,,Prospecting,2026-05-08
OPP01514,Prospecting,Qualification,2026-05-14
OPP01514,Qualification,Solution Design,2026-05-21
OPP01514,Solution Design,Closed Lost,2026-07-21
OPP01515,,Prospecting,2026-05-09
OPP01515,Prospecting,Qualification,2026-06-03
OPP01515,Qualification,Solution Design,2026-07-02
OPP01515,Solution Design,Proposal,2026-08-21
OPP01515,Proposal,Closed Lost,2026-09-05
OPP01516,,Prospecting,2026-05-09
OPP01516,Prospecting,Qualification,2026-05-20
OPP01516,Qualification,Solution Design,2026-05-28
OPP01516,Solution Design,Proposal,2026-06-15
OPP01516,Proposal,Negotiation,2026-07-19
OPP01516,Negotiation,Closed Lost,2026-07-25
OPP01517,,Prospecting,2026-05-09
OPP01517,Prospecting,Qualification,2026-08-04
OPP01517,Qualification,Solution Design,2026-08-12
OPP01517,Solution Design,Proposal,2026-09-13
OPP01517,Proposal,Negotiation,2026-09-24
OPP01518,,Prospecting,2026-05-09
OPP01518,Prospecting,Qualification,2026-05-10
OPP01518,Qualification,Solution Design,2026-05-17
OPP01518,Solution Design,Proposal,2026-05-25
OPP01518,Proposal,Negotiation,2026-05-31
OPP01518,Negotiation,Closed Lost,2026-07-04
OPP01519,,Prospecting,2026-05-10
OPP01519,Prospecting,Qualification,2026-06-12
OPP01519,Qualification,Solution Design,2026-06-19
OPP01519,Solution Design,Proposal,2026-06-24
OPP01519,Proposal,Negotiation,2026-09-05
OPP01520,,Prospecting,2026-05-12
OPP01520,Prospecting,Qualification,2026-05-15
OPP01520,Qualification,Solution Design,2026-06-17
OPP01520,Solution Design,Proposal,2026-07-08
OPP01520,Proposal,Negotiation,2026-07-09
OPP01520,Negotiation,Closed Won,2026-08-11
OPP01521,,Prospecting,2026-05-12
OPP01521,Prospecting,Qualification,2026-06-07
OPP01521,Qualification,Closed Lost,2026-06-22
OPP01522,,Prospecting,2026-05-12
OPP01522,Prospecting,Qualification,2026-06-01
OPP01522,Qualification,Solution Design,2026-07-24
OPP01522,Solution Design,Proposal,2026-08-26
OPP01523,,Prospecting,2026-05-13
OPP01523,Prospecting,Qualification,2026-06-01
OPP01523,Qualification,Solution Design,2026-07-23
OPP01524,,Prospecting,2026-05-13
OPP01524,Prospecting,Qualification,2026-05-27
OPP01524,Qualification,Solution Design,2026-06-02
OPP01524,Solution Design,Proposal,2026-06-24
OPP01524,Proposal,Negotiation,2026-07-01
OPP01524,Negotiation,Closed Won,2026-08-22
OPP01525,,Prospecting,2026-05-14
OPP01525,Prospecting,Qualification,2026-06-03
OPP01525,Qualification,Solution Design,2026-06-05
OPP01525,Solution Design,Proposal,2026-08-10
OPP01526,,Prospecting,2026-05-15
OPP01526,Prospecting,Qualification,2026-06-15
OPP01526,Qualification,Solution Design,2026-06-24
OPP01526,Solution Design,Proposal,2026-07-14
OPP01527,,Prospecting,2026-05-16
OPP01527,Prospecting,Qualification,2026-06-02
OPP01527,Qualification,Closed Lost,2026-07-08
OPP01528,,Prospecting,2026-05-16
OPP01528,Prospecting,Qualification,2026-05-22
OPP01528,Qualification,Solution Design,2026-06-13
OPP01528,Solution Design,Proposal,2026-06-29
OPP01528,Proposal,Closed Lost,2026-07-13
OPP01529,,Prospecting,2026-05-17
OPP01529,Prospecting,Qualification,2026-06-25
OPP01529,Qualification,Solution Design,2026-07-01
OPP01529,Solution Design,Proposal,2026-08-17
OPP01529,Proposal,Negotiation,2026-09-20
OPP01530,,Prospecting,2026-05-17
OPP01530,Prospecting,Qualification,2026-06-12
OPP01530,Qualification,Solution Design,2026-07-13
OPP01530,Solution Design,Closed Lost,2026-08-15
OPP01531,,Prospecting,2026-05-18
OPP01531,Prospecting,Qualification,2026-05-28
OPP01531,Qualification,Solution Design,2026-06-12
OPP01531,Solution Design,Proposal,2026-08-22
OPP01531,Proposal,Negotiation,2026-09-04
OPP01531,Negotiation,Closed Won,2026-09-19
OPP01532,,Prospecting,2026-05-19
OPP01532,Prospecting,Qualification,2026-06-04
OPP01532,Qualification,Solution Design,2026-06-12
OPP01532,Solution Design,Proposal,2026-06-23
OPP01532,Proposal,Closed Lost,2026-07-15
OPP01533,,Prospecting,2026-05-19
OPP01533,Prospecting,Qualification,2026-06-10
OPP01533,Qualification,Solution Design,2026-06-16
OPP01533,Solution Design,Proposal,2026-07-09
OPP01533,Proposal,Negotiation,2026-08-18
OPP01533,Negotiation,Closed Won,2026-09-23
OPP01534,,Prospecting,2026-05-19
OPP01534,Prospecting,Qualification,2026-09-16
OPP01534,Qualification,Solution Design,2026-09-22
OPP01535,,Prospecting,2026-05-20
OPP01535,Prospecting,Qualification,2026-05-28
OPP01535,Qualification,Solution Design,2026-05-29
OPP01535,Solution Design,Proposal,2026-06-06
OPP01535,Proposal,Negotiation,2026-06-15
OPP01535,Negotiation,Closed Lost,2026-07-04
OPP01536,,Prospecting,2026-05-21
OPP01536,Prospecting,Qualification,2026-05-29
OPP01536,Qualification,Solution Design,2026-05-31
OPP01536,Solution Design,Closed Lost,2026-07-05
OPP01537,,Prospecting,2026-05-21
OPP01537,Prospecting,Qualification,2026-06-13
OPP01537,Qualification,Solution Design,2026-07-24
OPP01537,Solution Design,Proposal,2026-08-20
OPP01537,Proposal,Negotiation,2026-08-28
OPP01537,Negotiation,Closed Won,2026-09-22
OPP01538,,Prospecting,2026-05-22
OPP01538,Prospecting,Qualification,2026-06-03
OPP01538,Qualification,Solution Design,2026-06-09
OPP01538,Solution Design,Proposal,2026-06-30
OPP01538,Proposal,Closed Lost,2026-07-29
OPP01539,,Prospecting,2026-05-22
OPP01539,Prospecting,Qualification,2026-06-02
OPP01539,Qualification,Solution Design,2026-07-13
OPP01539,Solution Design,Proposal,2026-07-19
OPP01539,Proposal,Negotiation,2026-08-07
OPP01539,Negotiation,Closed Won,2026-08-23
OPP01540,,Prospecting,2026-05-23
OPP01540,Prospecting,Qualification,2026-07-10
OPP01540,Qualification,Closed Lost,2026-09-16
OPP01541,,Prospecting,2026-05-23
OPP01541,Prospecting,Qualification,2026-06-06
OPP01541,Qualification,Solution Design,2026-06-29
OPP01541,Solution Design,Closed Lost,2026-09-12
OPP01542,,Prospecting,2026-05-23
OPP01542,Prospecting,Qualification,2026-07-07
OPP01542,Qualification,Solution Design,2026-07-29
OPP01542,Solution Design,Proposal,2026-09-09
OPP01543,,Prospecting,2026-05-24
OPP01543,Prospecting,Qualification,2026-06-18
OPP01543,Qualification,Solution Design,2026-06-19
OPP01543,Solution Design,Proposal,2026-07-07
OPP01543,Proposal,Negotiation,2026-08-22
OPP01543,Negotiation,Closed Won,2026-09-28
OPP01544,,Prospecting,2026-05-24
OPP01544,Prospecting,Qualification,2026-05-25
OPP01544,Qualification,Solution Design,2026-05-26
OPP01544,Solution Design,Proposal,2026-05-27
OPP01544,Proposal,Closed Lost,2026-08-11
OPP01545,,Prospecting,2026-05-25
OPP01545,Prospecting,Qualification,2026-06-01
OPP01545,Qualification,Solution Design,2026-06-17
OPP01545,Solution Design,Proposal,2026-06-22
OPP01545,Proposal,Negotiation,2026-06-24
OPP01545,Negotiation,Closed Won,2026-08-13
OPP01546,,Prospecting,2026-05-26
OPP01546,Prospecting,Qualification,2026-06-08
OPP01546,Qualification,Solution Design,2026-08-15
OPP01546,Solution Design,Proposal,2026-09-25
OPP01547,,Prospecting,2026-05-26
OPP01547,Prospecting,Qualification,2026-06-01
OPP01547,Qualification,Solution Design,2026-06-02
OPP01547,Solution Design,Proposal,2026-06-11
OPP01547,Proposal,Closed Lost,2026-07-26
OPP01548,,Prospecting,2026-05-27
OPP01548,Prospecting,Qualification,2026-05-31
OPP01548,Qualification,Solution Design,2026-06-10
OPP01548,Solution Design,Proposal,2026-06-19
OPP01548,Proposal,Negotiation,2026-06-21
OPP01548,Negotiation,Closed Won,2026-06-29
OPP01549,,Prospecting,2026-05-27
OPP01549,Prospecting,Qualification,2026-08-28
OPP01549,Qualification,Solution Design,2026-08-29
OPP01550,,Prospecting,2026-05-27
OPP01550,Prospecting,Qualification,2026-07-06
OPP01550,Qualification,Solution Design,2026-07-12
OPP01551,,Prospecting,2026-05-28
OPP01551,Prospecting,Qualification,2026-06-15
OPP01551,Qualification,Solution Design,2026-06-28
OPP01551,Solution Design,Proposal,2026-07-15
OPP01551,Proposal,Closed Lost,2026-08-05
OPP01552,,Prospecting,2026-05-28
OPP01552,Prospecting,Qualification,2026-06-02
OPP01552,Qualification,Solution Design,2026-07-08
OPP01552,Solution Design,Proposal,2026-07-13
OPP01553,,Prospecting,2026-05-28
OPP01553,Prospecting,Qualification,2026-06-14
OPP01553,Qualification,Solution Design,2026-06-18
OPP01553,Solution Design,Proposal,2026-06-20
OPP01553,Proposal,Closed Lost,2026-08-29
OPP01554,,Prospecting,2026-05-28
OPP01554,Prospecting,Qualification,2026-06-08
OPP01554,Qualification,Solution Design,2026-06-14
OPP01554,Solution Design,Proposal,2026-07-08
OPP01554,Proposal,Negotiation,2026-07-09
OPP01554,Negotiation,Closed Lost,2026-09-06
OPP01555,,Prospecting,2026-05-29
OPP01555,Prospecting,Qualification,2026-09-05
OPP01555,Qualification,Solution Design,2026-09-23
OPP01556,,Prospecting,2026-05-30
OPP01556,Prospecting,Qualification,2026-06-22
OPP01556,Qualification,Solution Design,2026-07-13
OPP01557,,Prospecting,2026-05-30
OPP01557,Prospecting,Qualification,2026-06-06
OPP01557,Qualification,Solution Design,2026-07-26
OPP01558,,Prospecting,2026-05-30
OPP01558,Prospecting,Qualification,2026-06-20
OPP01558,Qualification,Solution Design,2026-06-21
OPP01558,Solution Design,Closed Lost,2026-07-31
OPP01559,,Prospecting,2026-05-31
OPP01559,Prospecting,Qualification,2026-06-20
OPP01559,Qualification,Solution Design,2026-07-10
OPP01559,Solution Design,Proposal,2026-07-21
OPP01559,Proposal,Negotiation,2026-08-10
OPP01560,,Prospecting,2026-06-01
OPP01560,Prospecting,Qualification,2026-07-18
OPP01560,Qualification,Solution Design,2026-08-20
OPP01560,Solution Design,Proposal,2026-08-31
OPP01560,Proposal,Negotiation,2026-09-11
OPP01561,,Prospecting,2026-06-02
OPP01561,Prospecting,Qualification,2026-07-25
OPP01561,Qualification,Closed Lost,2026-08-15
OPP01562,,Prospecting,2026-06-02
OPP01562,Prospecting,Qualification,2026-06-18
OPP01562,Qualification,Solution Design,2026-08-24
OPP01563,,Prospecting,2026-06-03
OPP01563,Prospecting,Qualification,2026-07-22
OPP01563,Qualification,Solution Design,2026-08-10
OPP01563,Solution Design,Proposal,2026-08-14
OPP01563,Proposal,Negotiation,2026-08-30
OPP01563,Negotiation,Closed Won,2026-09-15
OPP01564,,Prospecting,2026-06-03
OPP01564,Prospecting,Qualification,2026-06-27
OPP01564,Qualification,Solution Design,2026-08-01
OPP01564,Solution Design,Proposal,2026-08-30
OPP01564,Proposal,Negotiation,2026-09-08
OPP01564,Negotiation,Closed Won,2026-09-19
OPP01565,,Prospecting,2026-06-04
OPP01565,Prospecting,Qualification,2026-06-18
OPP01565,Qualification,Solution Design,2026-07-07
OPP01565,Solution Design,Proposal,2026-07-23
OPP01565,Proposal,Negotiation,2026-07-29
OPP01565,Negotiation,Closed Won,2026-09-28
OPP01566,,Prospecting,2026-06-04
OPP01566,Prospecting,Qualification,2026-09-12
OPP01566,Qualification,Solution Design,2026-09-20
OPP01567,,Prospecting,2026-06-04
OPP01567,Prospecting,Qualification,2026-06-11
OPP01567,Qualification,Solution Design,2026-06-14
OPP01567,Solution Design,Proposal,2026-09-10
OPP01568,,Prospecting,2026-06-04
OPP01568,Prospecting,Qualification,2026-06-21
OPP01568,Qualification,Solution Design,2026-06-29
OPP01568,Solution Design,Proposal,2026-07-13
OPP01568,Proposal,Closed Lost,2026-07-30
OPP01569,,Prospecting,2026-06-04
OPP01569,Prospecting,Qualification,2026-07-01
OPP01569,Qualification,Solution Design,2026-07-06
OPP01569,Solution Design,Proposal,2026-07-23
OPP01569,Proposal,Negotiation,2026-08-11
OPP01569,Negotiation,Closed Won,2026-09-26
OPP01570,,Prospecting,2026-06-05
OPP01570,Prospecting,Qualification,2026-06-10
OPP01570,Qualification,Solution Design,2026-09-05
OPP01571,,Prospecting,2026-06-06
OPP01571,Prospecting,Qualification,2026-07-03
OPP01571,Qualification,Solution Design,2026-08-16
OPP01572,,Prospecting,2026-06-06
OPP01572,Prospecting,Qualification,2026-07-17
OPP01573,,Prospecting,2026-06-07
OPP01573,Prospecting,Qualification,2026-07-30
OPP01573,Qualification,Solution Design,2026-08-11
OPP01574,,Prospecting,2026-06-07
OPP01574,Prospecting,Qualification,2026-07-03
OPP01574,Qualification,Solution Design,2026-07-15
OPP01574,Solution Design,Proposal,2026-07-30
OPP01574,Proposal,Negotiation,2026-08-12
OPP01574,Negotiation,Closed Won,2026-09-17
OPP01575,,Prospecting,2026-06-08
OPP01575,Prospecting,Qualification,2026-06-16
OPP01575,Qualification,Solution Design,2026-07-07
OPP01576,,Prospecting,2026-06-08
OPP01576,Prospecting,Qualification,2026-07-01
OPP01576,Qualification,Solution Design,2026-07-13
OPP01577,,Prospecting,2026-06-08
OPP01577,Prospecting,Qualification,2026-08-02
OPP01577,Qualification,Solution Design,2026-08-22
OPP01578,,Prospecting,2026-06-09
OPP01578,Prospecting,Qualification,2026-07-03
OPP01578,Qualification,Solution Design,2026-07-06
OPP01578,Solution Design,Proposal,2026-07-08
OPP01578,Proposal,Closed Lost,2026-07-31
OPP01579,,Prospecting,2026-06-09
OPP01579,Prospecting,Qualification,2026-06-11
OPP01579,Qualification,Solution Design,2026-07-03
OPP01579,Solution Design,Proposal,2026-07-11
OPP01579,Proposal,Negotiation,2026-07-25
OPP01579,Negotiation,Closed Won,2026-09-15
OPP01580,,Prospecting,2026-06-09
OPP01580,Prospecting,Qualification,2026-06-15
OPP01580,Qualification,Solution Design,2026-07-04
OPP01580,Solution Design,Proposal,2026-08-12
OPP01580,Proposal,Closed Lost,2026-08-24
OPP01581,,Prospecting,2026-06-09
OPP01581,Prospecting,Qualification,2026-06-17
OPP01581,Qualification,Solution Design,2026-06-27
OPP01581,Solution Design,Proposal,2026-07-10
OPP01581,Proposal,Negotiation,2026-08-16
OPP01581,Negotiation,Closed Lost,2026-08-22
OPP01582,,Prospecting,2026-06-10
OPP01582,Prospecting,Qualification,2026-06-11
OPP01582,Qualification,Solution Design,2026-06-25
OPP01582,Solution Design,Closed Lost,2026-07-18
OPP01583,,Prospecting,2026-06-11
OPP01583,Prospecting,Qualification,2026-09-14
OPP01584,,Prospecting,2026-06-11
OPP01584,Prospecting,Qualification,2026-06-27
OPP01584,Qualification,Solution Design,2026-07-10
OPP01584,Solution Design,Proposal,2026-07-15
OPP01584,Proposal,Negotiation,2026-07-25
OPP01584,Negotiation,Closed Won,2026-08-22
OPP01585,,Prospecting,2026-06-11
OPP01585,Prospecting,Qualification,2026-06-16
OPP01585,Qualification,Solution Design,2026-06-19
OPP01585,Solution Design,Proposal,2026-07-06
OPP01585,Proposal,Negotiation,2026-08-01
OPP01585,Negotiation,Closed Lost,2026-08-25
OPP01586,,Prospecting,2026-06-11
OPP01586,Prospecting,Qualification,2026-06-23
OPP01586,Qualification,Solution Design,2026-07-11
OPP01586,Solution Design,Proposal,2026-08-29
OPP01587,,Prospecting,2026-06-12
OPP01587,Prospecting,Qualification,2026-06-15
OPP01587,Qualification,Solution Design,2026-07-03
OPP01587,Solution Design,Proposal,2026-07-17
OPP01587,Proposal,Negotiation,2026-07-25
OPP01587,Negotiation,Closed Won,2026-08-29
OPP01588,,Prospecting,2026-06-12
OPP01588,Prospecting,Qualification,2026-07-16
OPP01588,Qualification,Solution Design,2026-08-05
OPP01588,Solution Design,Proposal,2026-09-13
OPP01589,,Prospecting,2026-06-12
OPP01589,Prospecting,Qualification,2026-07-20
OPP01589,Qualification,Solution Design,2026-08-22
OPP01589,Solution Design,Proposal,2026-09-17
OPP01590,,Prospecting,2026-06-14
OPP01590,Prospecting,Qualification,2026-07-19
OPP01590,Qualification,Solution Design,2026-08-18
OPP01591,,Prospecting,2026-06-14
OPP01591,Prospecting,Qualification,2026-08-03
OPP01591,Qualification,Solution Design,2026-08-16
OPP01592,,Prospecting,2026-06-14
OPP01592,Prospecting,Qualification,2026-06-17
OPP01592,Qualification,Solution Design,2026-08-15
OPP01592,Solution Design,Closed Lost,2026-09-03
OPP01593,,Prospecting,2026-06-15
OPP01593,Prospecting,Qualification,2026-07-14
OPP01594,,Prospecting,2026-06-15
OPP01594,Prospecting,Qualification,2026-07-19
OPP01594,Qualification,Solution Design,2026-07-29
OPP01595,,Prospecting,2026-06-15
OPP01595,Prospecting,Qualification,2026-07-09
OPP01595,Qualification,Solution Design,2026-07-11
OPP01595,Solution Design,Proposal,2026-08-03
OPP01595,Proposal,Negotiation,2026-08-16
OPP01595,Negotiation,Closed Won,2026-09-17
OPP01596,,Prospecting,2026-06-15
OPP01596,Prospecting,Qualification,2026-06-28
OPP01597,,Prospecting,2026-06-15
OPP01597,Prospecting,Qualification,2026-09-16
OPP01597,Qualification,Solution Design,2026-09-26
OPP01598,,Prospecting,2026-06-16
OPP01598,Prospecting,Qualification,2026-06-28
OPP01598,Qualification,Solution Design,2026-06-29
OPP01598,Solution Design,Proposal,2026-07-01
OPP01598,Proposal,Negotiation,2026-07-03
OPP01598,Negotiation,Closed Lost,2026-07-07
OPP01599,,Prospecting,2026-06-17
OPP01599,Prospecting,Qualification,2026-06-26
OPP01599,Qualification,Solution Design,2026-07-02
OPP01599,Solution Design,Proposal,2026-07-07
OPP01599,Proposal,Negotiation,2026-07-15
OPP01599,Negotiation,Closed Won,2026-07-26
OPP01600,,Prospecting,2026-06-17
OPP01600,Prospecting,Qualification,2026-07-13
OPP01600,Qualification,Solution Design,2026-07-28
OPP01600,Solution Design,Closed Lost,2026-08-14
OPP01601,,Prospecting,2026-06-18
OPP01601,Prospecting,Qualification,2026-07-09
OPP01601,Qualification,Solution Design,2026-07-11
OPP01601,Solution Design,Proposal,2026-09-28
OPP01602,,Prospecting,2026-06-18
OPP01602,Prospecting,Qualification,2026-06-22
OPP01602,Qualification,Solution Design,2026-07-28
OPP01602,Solution Design,Proposal,2026-08-02
OPP01602,Proposal,Negotiation,2026-08-06
OPP01602,Negotiation,Closed Won,2026-08-25
OPP01603,,Prospecting,2026-06-18
OPP01603,Prospecting,Qualification,2026-07-04
OPP01604,,Prospecting,2026-06-19
OPP01604,Prospecting,Qualification,2026-08-17
OPP01604,Qualification,Solution Design,2026-08-28
OPP01604,Solution Design,Proposal,2026-09-24
OPP01605,,Prospecting,2026-06-19
OPP01605,Prospecting,Qualification,2026-07-03
OPP01605,Qualification,Solution Design,2026-09-03
OPP01606,,Prospecting,2026-06-19
OPP01606,Prospecting,Qualification,2026-06-30
OPP01606,Qualification,Solution Design,2026-07-21
OPP01607,,Prospecting,2026-06-20
OPP01607,Prospecting,Qualification,2026-06-26
OPP01607,Qualification,Solution Design,2026-06-27
OPP01607,Solution Design,Proposal,2026-08-25
OPP01608,,Prospecting,2026-06-20
OPP01608,Prospecting,Qualification,2026-06-30
OPP01608,Qualification,Solution Design,2026-08-11
OPP01608,Solution Design,Proposal,2026-09-02
OPP01608,Proposal,Negotiation,2026-09-07
OPP01608,Negotiation,Closed Won,2026-09-23
OPP01609,,Prospecting,2026-06-21
OPP01609,Prospecting,Qualification,2026-06-25
OPP01609,Qualification,Solution Design,2026-08-17
OPP01609,Solution Design,Proposal,2026-09-07
OPP01610,,Prospecting,2026-06-22
OPP01610,Prospecting,Qualification,2026-07-04
OPP01610,Qualification,Solution Design,2026-07-08
OPP01610,Solution Design,Proposal,2026-07-10
OPP01610,Proposal,Negotiation,2026-08-09
OPP01610,Negotiation,Closed Won,2026-09-17
OPP01611,,Prospecting,2026-06-22
OPP01611,Prospecting,Qualification,2026-09-03
OPP01611,Qualification,Solution Design,2026-09-29
OPP01612,,Prospecting,2026-06-22
OPP01612,Prospecting,Qualification,2026-07-08
OPP01612,Qualification,Solution Design,2026-07-16
OPP01612,Solution Design,Proposal,2026-08-18
OPP01613,,Prospecting,2026-06-23
OPP01613,Prospecting,Qualification,2026-07-29
OPP01613,Qualification,Closed Lost,2026-08-08
OPP01614,,Prospecting,2026-06-23
OPP01614,Prospecting,Qualification,2026-07-15
OPP01614,Qualification,Solution Design,2026-08-02
OPP01614,Solution Design,Proposal,2026-08-27
OPP01614,Proposal,Negotiation,2026-09-11
OPP01615,,Prospecting,2026-06-23
OPP01615,Prospecting,Qualification,2026-08-02
OPP01615,Qualification,Solution Design,2026-09-14
OPP01616,,Prospecting,2026-06-24
OPP01616,Prospecting,Qualification,2026-06-27
OPP01616,Qualification,Solution Design,2026-07-02
OPP01616,Solution Design,Proposal,2026-07-14
OPP01616,Proposal,Negotiation,2026-07-22
OPP01616,Negotiation,Closed Won,2026-07-30
OPP01617,,Prospecting,2026-06-24
OPP01617,Prospecting,Qualification,2026-06-25
OPP01617,Qualification,Solution Design,2026-09-06
OPP01618,,Prospecting,2026-06-25
OPP01618,Prospecting,Qualification,2026-07-19
OPP01618,Qualification,Solution Design,2026-08-26
OPP01619,,Prospecting,2026-06-27
OPP01619,Prospecting,Qualification,2026-07-08
OPP01619,Qualification,Solution Design,2026-07-15
OPP01619,Solution Design,Closed Lost,2026-09-03
OPP01620,,Prospecting,2026-06-27
OPP01620,Prospecting,Qualification,2026-06-30
OPP01620,Qualification,Solution Design,2026-07-04
OPP01620,Solution Design,Proposal,2026-07-06
OPP01620,Proposal,Negotiation,2026-07-12
OPP01620,Negotiation,Closed Lost,2026-08-16
OPP01621,,Prospecting,2026-06-27
OPP01621,Prospecting,Qualification,2026-08-25
OPP01621,Qualification,Solution Design,2026-09-21
OPP01622,,Prospecting,2026-06-29
OPP01622,Prospecting,Qualification,2026-07-17
OPP01622,Qualification,Solution Design,2026-07-29
OPP01622,Solution Design,Proposal,2026-08-06
OPP01622,Proposal,Negotiation,2026-08-31
OPP01622,Negotiation,Closed Won,2026-09-20
OPP01623,,Prospecting,2026-06-29
OPP01623,Prospecting,Qualification,2026-07-13
OPP01623,Qualification,Solution Design,2026-08-27
OPP01623,Solution Design,Proposal,2026-08-31
OPP01623,Proposal,Negotiation,2026-09-09
OPP01623,Negotiation,Closed Won,2026-09-27
OPP01624,,Prospecting,2026-06-30
OPP01624,Prospecting,Qualification,2026-07-09
OPP01624,Qualification,Solution Design,2026-07-14
OPP01624,Solution Design,Proposal,2026-07-18
OPP01624,Proposal,Negotiation,2026-07-29
OPP01624,Negotiation,Closed Won,2026-09-01
OPP01625,,Prospecting,2026-06-30
OPP01625,Prospecting,Qualification,2026-07-02
OPP01625,Qualification,Closed Lost,2026-07-18
OPP01626,,Prospecting,2026-06-30
OPP01626,Prospecting,Qualification,2026-07-31
OPP01626,Qualification,Solution Design,2026-09-27
OPP01627,,Prospecting,2026-07-02
OPP01627,Prospecting,Qualification,2026-07-20
OPP01628,,Prospecting,2026-07-04
OPP01628,Prospecting,Qualification,2026-07-06
OPP01628,Qualification,Solution Design,2026-08-02
OPP01628,Solution Design,Proposal,2026-08-03
OPP01628,Proposal,Negotiation,2026-08-04
OPP01628,Negotiation,Closed Lost,2026-08-28
OPP01629,,Prospecting,2026-07-04
OPP01629,Prospecting,Qualification,2026-07-30
OPP01629,Qualification,Closed Lost,2026-08-30
OPP01630,,Prospecting,2026-07-04
OPP01630,Prospecting,Qualification,2026-07-24
OPP01630,Qualification,Solution Design,2026-08-22
OPP01630,Solution Design,Proposal,2026-08-25
OPP01630,Proposal,Negotiation,2026-09-13
OPP01631,,Prospecting,2026-07-05
OPP01631,Prospecting,Qualification,2026-08-07
OPP01631,Qualification,Solution Design,2026-08-29
OPP01631,Solution Design,Proposal,2026-09-06
OPP01631,Proposal,Negotiation,2026-09-15
OPP01632,,Prospecting,2026-07-05
OPP01632,Prospecting,Qualification,2026-08-07
OPP01633,,Prospecting,2026-07-06
OPP01633,Prospecting,Qualification,2026-07-28
OPP01634,,Prospecting,2026-07-08
OPP01634,Prospecting,Qualification,2026-09-04
OPP01634,Qualification,Solution Design,2026-09-10
OPP01635,,Prospecting,2026-07-09
OPP01635,Prospecting,Qualification,2026-07-12
OPP01635,Qualification,Solution Design,2026-08-02
OPP01636,,Prospecting,2026-07-09
OPP01636,Prospecting,Qualification,2026-09-22
OPP01637,,Prospecting,2026-07-09
OPP01637,Prospecting,Qualification,2026-07-17
OPP01637,Qualification,Solution Design,2026-07-21
OPP01637,Solution Design,Proposal,2026-07-30
OPP01637,Proposal,Negotiation,2026-08-02
OPP01637,Negotiation,Closed Lost,2026-08-18
OPP01638,,Prospecting,2026-07-09
OPP01638,Prospecting,Qualification,2026-07-16
OPP01638,Qualification,Solution Design,2026-07-24
OPP01638,Solution Design,Proposal,2026-07-26
OPP01638,Proposal,Negotiation,2026-07-29
OPP01638,Negotiation,Closed Lost,2026-08-11
OPP01639,,Prospecting,2026-07-10
OPP01639,Prospecting,Qualification,2026-07-28
OPP01639,Qualification,Solution Design,2026-08-10
OPP01639,Solution Design,Proposal,2026-09-01
OPP01639,Proposal,Negotiation,2026-09-07
OPP01639,Negotiation,Closed Won,2026-09-29
OPP01640,,Prospecting,2026-07-10
OPP01640,Prospecting,Qualification,2026-08-23
OPP01640,Qualification,Solution Design,2026-09-27
OPP01641,,Prospecting,2026-07-11
OPP01641,Prospecting,Qualification,2026-09-02
OPP01641,Qualification,Solution Design,2026-09-22
OPP01642,,Prospecting,2026-07-11
OPP01642,Prospecting,Qualification,2026-07-12
OPP01642,Qualification,Closed Lost,2026-07-26
OPP01643,,Prospecting,2026-07-11
OPP01643,Prospecting,Qualification,2026-09-20
OPP01644,,Prospecting,2026-07-12
OPP01644,Prospecting,Qualification,2026-08-31
OPP01644,Qualification,Solution Design,2026-09-11
OPP01645,,Prospecting,2026-07-13
OPP01645,Prospecting,Qualification,2026-07-28
OPP01645,Qualification,Solution Design,2026-08-19
OPP01645,Solution Design,Proposal,2026-08-27
OPP01645,Proposal,Negotiation,2026-09-15
OPP01646,,Prospecting,2026-07-13
OPP01646,Prospecting,Qualification,2026-07-19
OPP01646,Qualification,Solution Design,2026-07-29
OPP01646,Solution Design,Closed Lost,2026-08-25
OPP01647,,Prospecting,2026-07-13
OPP01647,Prospecting,Qualification,2026-07-17
OPP01648,,Prospecting,2026-07-13
OPP01648,Prospecting,Qualification,2026-07-23
OPP01648,Qualification,Solution Design,2026-09-02
OPP01649,,Prospecting,2026-07-13
OPP01650,,Prospecting,2026-07-14
OPP01650,Prospecting,Qualification,2026-08-15
OPP01651,,Prospecting,2026-07-16
OPP01651,Prospecting,Qualification,2026-08-02
OPP01651,Qualification,Solution Design,2026-08-06
OPP01651,Solution Design,Proposal,2026-09-18
OPP01652,,Prospecting,2026-07-16
OPP01652,Prospecting,Qualification,2026-07-28
OPP01652,Qualification,Solution Design,2026-08-05
OPP01652,Solution Design,Proposal,2026-08-07
OPP01652,Proposal,Negotiation,2026-08-11
OPP01652,Negotiation,Closed Won,2026-09-26
OPP01653,,Prospecting,2026-07-16
OPP01653,Prospecting,Qualification,2026-07-28
OPP01653,Qualification,Closed Lost,2026-08-27
OPP01654,,Prospecting,2026-07-16
OPP01654,Prospecting,Qualification,2026-08-15
OPP01654,Qualification,Solution Design,2026-09-21
OPP01655,,Prospecting,2026-07-17
OPP01655,Prospecting,Qualification,2026-07-28
OPP01655,Qualification,Solution Design,2026-08-14
OPP01655,Solution Design,Proposal,2026-09-05
OPP01655,Proposal,Negotiation,2026-09-08
OPP01655,Negotiation,Closed Won,2026-09-25
OPP01656,,Prospecting,2026-07-17
OPP01656,Prospecting,Qualification,2026-07-23
OPP01656,Qualification,Solution Design,2026-08-26
OPP01657,,Prospecting,2026-07-18
OPP01657,Prospecting,Qualification,2026-07-20
OPP01657,Qualification,Solution Design,2026-07-27
OPP01657,Solution Design,Proposal,2026-07-29
OPP01657,Proposal,Negotiation,2026-08-13
OPP01657,Negotiation,Closed Won,2026-08-22
OPP01658,,Prospecting,2026-07-18
OPP01658,Prospecting,Qualification,2026-09-13
OPP01658,Qualification,Solution Design,2026-09-14
OPP01659,,Prospecting,2026-07-18
OPP01659,Prospecting,Qualification,2026-07-29
OPP01659,Qualification,Solution Design,2026-08-01
OPP01659,Solution Design,Proposal,2026-08-05
OPP01659,Proposal,Negotiation,2026-08-11
OPP01659,Negotiation,Closed Won,2026-09-03
OPP01660,,Prospecting,2026-07-19
OPP01660,Prospecting,Qualification,2026-08-07
OPP01660,Qualification,Solution Design,2026-09-12
OPP01661,,Prospecting,2026-07-19
OPP01661,Prospecting,Qualification,2026-08-26
OPP01661,Qualification,Solution Design,2026-08-28
OPP01662,,Prospecting,2026-07-20
OPP01662,Prospecting,Qualification,2026-07-23
OPP01662,Qualification,Closed Lost,2026-09-02
OPP01663,,Prospecting,2026-07-20
OPP01663,Prospecting,Qualification,2026-08-25
OPP01663,Qualification,Solution Design,2026-08-28
OPP01664,,Prospecting,2026-07-20
OPP01664,Prospecting,Qualification,2026-08-05
OPP01664,Qualification,Solution Design,2026-09-01
OPP01665,,Prospecting,2026-07-20
OPP01665,Prospecting,Qualification,2026-09-20
OPP01666,,Prospecting,2026-07-20
OPP01666,Prospecting,Qualification,2026-07-30
OPP01667,,Prospecting,2026-07-21
OPP01667,Prospecting,Qualification,2026-07-24
OPP01667,Qualification,Solution Design,2026-07-27
OPP01667,Solution Design,Proposal,2026-09-22
OPP01668,,Prospecting,2026-07-21
OPP01668,Prospecting,Qualification,2026-09-03
OPP01669,,Prospecting,2026-07-21
OPP01669,Prospecting,Qualification,2026-08-07
OPP01669,Qualification,Solution Design,2026-08-11
OPP01669,Solution Design,Proposal,2026-09-23
OPP01670,,Prospecting,2026-07-21
OPP01670,Prospecting,Qualification,2026-08-05
OPP01670,Qualification,Solution Design,2026-08-22
OPP01671,,Prospecting,2026-07-22
OPP01671,Prospecting,Qualification,2026-08-20
OPP01671,Qualification,Solution Design,2026-09-27
OPP01672,,Prospecting,2026-07-22
OPP01672,Prospecting,Qualification,2026-08-21
OPP01673,,Prospecting,2026-07-23
OPP01673,Prospecting,Qualification,2026-09-20
OPP01674,,Prospecting,2026-07-23
OPP01674,Prospecting,Qualification,2026-08-13
OPP01674,Qualification,Solution Design,2026-08-18
OPP01674,Solution Design,Proposal,2026-09-10
OPP01675,,Prospecting,2026-07-23
OPP01675,Prospecting,Qualification,2026-08-09
OPP01676,,Prospecting,2026-07-23
OPP01676,Prospecting,Qualification,2026-07-27
OPP01676,Qualification,Solution Design,2026-07-29
OPP01676,Solution Design,Proposal,2026-08-02
OPP01676,Proposal,Negotiation,2026-08-19
OPP01676,Negotiation,Closed Won,2026-08-24
OPP01677,,Prospecting,2026-07-23
OPP01677,Prospecting,Qualification,2026-07-28
OPP01677,Qualification,Solution Design,2026-08-29
OPP01678,,Prospecting,2026-07-23
OPP01678,Prospecting,Qualification,2026-07-25
OPP01678,Qualification,Solution Design,2026-08-25
OPP01679,,Prospecting,2026-07-24
OPP01680,,Prospecting,2026-07-24
OPP01680,Prospecting,Qualification,2026-08-15
OPP01680,Qualification,Solution Design,2026-09-12
OPP01680,Solution Design,Proposal,2026-09-27
OPP01681,,Prospecting,2026-07-24
OPP01681,Prospecting,Qualification,2026-08-06
OPP01681,Qualification,Solution Design,2026-08-29
OPP01682,,Prospecting,2026-07-25
OPP01682,Prospecting,Qualification,2026-09-24
OPP01683,,Prospecting,2026-07-26
OPP01683,Prospecting,Qualification,2026-08-01
OPP01683,Qualification,Solution Design,2026-08-08
OPP01683,Solution Design,Proposal,2026-08-30
OPP01684,,Prospecting,2026-07-26
OPP01684,Prospecting,Qualification,2026-08-23
OPP01685,,Prospecting,2026-07-26
OPP01685,Prospecting,Qualification,2026-08-22
OPP01685,Qualification,Solution Design,2026-08-26
OPP01686,,Prospecting,2026-07-26
OPP01686,Prospecting,Qualification,2026-07-29
OPP01686,Qualification,Solution Design,2026-09-06
OPP01687,,Prospecting,2026-07-27
OPP01688,,Prospecting,2026-07-27
OPP01688,Prospecting,Qualification,2026-07-30
OPP01688,Qualification,Solution Design,2026-08-11
OPP01688,Solution Design,Proposal,2026-09-05
OPP01688,Proposal,Negotiation,2026-09-14
OPP01688,Negotiation,Closed Won,2026-09-20
OPP01689,,Prospecting,2026-07-27
OPP01689,Prospecting,Qualification,2026-09-28
OPP01690,,Prospecting,2026-07-27
OPP01690,Prospecting,Qualification,2026-08-02
OPP01690,Qualification,Solution Design,2026-08-05
OPP01690,Solution Design,Proposal,2026-08-06
OPP01690,Proposal,Negotiation,2026-08-10
OPP01690,Negotiation,Closed Lost,2026-08-18
OPP01691,,Prospecting,2026-07-28
OPP01691,Prospecting,Qualification,2026-08-04
OPP01691,Qualification,Solution Design,2026-08-30
OPP01691,Solution Design,Proposal,2026-09-13
OPP01691,Proposal,Negotiation,2026-09-17
OPP01691,Negotiation,Closed Won,2026-09-24
OPP01692,,Prospecting,2026-07-28
OPP01692,Prospecting,Qualification,2026-08-21
OPP01692,Qualification,Solution Design,2026-09-16
OPP01693,,Prospecting,2026-07-28
OPP01693,Prospecting,Qualification,2026-09-28
OPP01694,,Prospecting,2026-07-28
OPP01694,Prospecting,Qualification,2026-08-18
OPP01694,Qualification,Solution Design,2026-08-23
OPP01694,Solution Design,Proposal,2026-08-27
OPP01694,Proposal,Negotiation,2026-09-04
OPP01694,Negotiation,Closed Won,2026-09-24
OPP01695,,Prospecting,2026-07-28
OPP01695,Prospecting,Qualification,2026-08-06
OPP01696,,Prospecting,2026-07-30
OPP01696,Prospecting,Qualification,2026-08-21
OPP01696,Qualification,Solution Design,2026-08-22
OPP01696,Solution Design,Proposal,2026-09-05
OPP01696,Proposal,Negotiation,2026-09-06
OPP01696,Negotiation,Closed Lost,2026-09-15
OPP01697,,Prospecting,2026-07-30
OPP01697,Prospecting,Qualification,2026-08-18
OPP01697,Qualification,Solution Design,2026-09-25
OPP01698,,Prospecting,2026-07-30
OPP01698,Prospecting,Qualification,2026-09-03
OPP01698,Qualification,Solution Design,2026-09-06
OPP01699,,Prospecting,2026-07-31
OPP01699,Prospecting,Qualification,2026-08-05
OPP01699,Qualification,Solution Design,2026-08-14
OPP01699,Solution Design,Proposal,2026-08-26
OPP01699,Proposal,Negotiation,2026-09-02
OPP01700,,Prospecting,2026-08-01
OPP01700,Prospecting,Qualification,2026-08-08
OPP01700,Qualification,Solution Design,2026-08-24
OPP01700,Solution Design,Proposal,2026-09-08
OPP01700,Proposal,Negotiation,2026-09-09
OPP01701,,Prospecting,2026-08-01
OPP01701,Prospecting,Qualification,2026-09-14
OPP01702,,Prospecting,2026-08-02
OPP01702,Prospecting,Qualification,2026-08-10
OPP01702,Qualification,Solution Design,2026-08-13
OPP01702,Solution Design,Closed Lost,2026-09-03
OPP01703,,Prospecting,2026-08-02
OPP01703,Prospecting,Qualification,2026-08-05
OPP01704,,Prospecting,2026-08-02
OPP01704,Prospecting,Qualification,2026-08-03
OPP01704,Qualification,Solution Design,2026-08-18
OPP01704,Solution Design,Proposal,2026-08-22
OPP01704,Proposal,Negotiation,2026-09-03
OPP01704,Negotiation,Closed Won,2026-09-28
OPP01705,,Prospecting,2026-08-02
OPP01705,Prospecting,Qualification,2026-08-03
OPP01705,Qualification,Solution Design,2026-08-04
OPP01705,Solution Design,Proposal,2026-08-05
OPP01705,Proposal,Negotiation,2026-08-06
OPP01705,Negotiation,Closed Won,2026-08-22
OPP01706,,Prospecting,2026-08-03
OPP01706,Prospecting,Qualification,2026-09-21
OPP01707,,Prospecting,2026-08-05
OPP01707,Prospecting,Qualification,2026-08-12
OPP01707,Qualification,Solution Design,2026-08-17
OPP01707,Solution Design,Proposal,2026-08-22
OPP01707,Proposal,Negotiation,2026-08-30
OPP01708,,Prospecting,2026-08-05
OPP01708,Prospecting,Qualification,2026-08-22
OPP01709,,Prospecting,2026-08-06
OPP01709,Prospecting,Qualification,2026-09-02
OPP01710,,Prospecting,2026-08-06
OPP01710,Prospecting,Qualification,2026-08-13
OPP01710,Qualification,Solution Design,2026-08-19
OPP01710,Solution Design,Proposal,2026-08-21
OPP01710,Proposal,Negotiation,2026-08-23
OPP01711,,Prospecting,2026-08-06
OPP01711,Prospecting,Qualification,2026-08-18
OPP01711,Qualification,Solution Design,2026-09-24
OPP01712,,Prospecting,2026-08-07
OPP01712,Prospecting,Qualification,2026-08-11
OPP01712,Qualification,Solution Design,2026-09-23
OPP01713,,Prospecting,2026-08-07
OPP01713,Prospecting,Qualification,2026-08-08
OPP01713,Qualification,Solution Design,2026-08-13
OPP01713,Solution Design,Proposal,2026-08-17
OPP01713,Proposal,Negotiation,2026-08-18
OPP01713,Negotiation,Closed Won,2026-09-04
OPP01714,,Prospecting,2026-08-07
OPP01714,Prospecting,Qualification,2026-08-12
OPP01714,Qualification,Solution Design,2026-09-02
OPP01714,Solution Design,Proposal,2026-09-07
OPP01715,,Prospecting,2026-08-07
OPP01715,Prospecting,Qualification,2026-09-10
OPP01715,Qualification,Solution Design,2026-09-12
OPP01716,,Prospecting,2026-08-08
OPP01716,Prospecting,Qualification,2026-09-23
OPP01717,,Prospecting,2026-08-08
OPP01717,Prospecting,Qualification,2026-09-19
OPP01718,,Prospecting,2026-08-09
OPP01718,Prospecting,Qualification,2026-08-12
OPP01719,,Prospecting,2026-08-09
OPP01719,Prospecting,Qualification,2026-09-05
OPP01720,,Prospecting,2026-08-09
OPP01720,Prospecting,Qualification,2026-09-05
OPP01720,Qualification,Solution Design,2026-09-17
OPP01720,Solution Design,Proposal,2026-09-20
OPP01721,,Prospecting,2026-08-10
OPP01721,Prospecting,Qualification,2026-08-13
OPP01722,,Prospecting,2026-08-10
OPP01722,Prospecting,Qualification,2026-09-13
OPP01722,Qualification,Solution Design,2026-09-23
OPP01723,,Prospecting,2026-08-11
OPP01723,Prospecting,Qualification,2026-08-18
OPP01724,,Prospecting,2026-08-12
OPP01724,Prospecting,Qualification,2026-08-14
OPP01724,Qualification,Solution Design,2026-08-15
OPP01724,Solution Design,Closed Lost,2026-09-03
OPP01725,,Prospecting,2026-08-13
OPP01725,Prospecting,Qualification,2026-08-19
OPP01725,Qualification,Solution Design,2026-08-28
OPP01725,Solution Design,Proposal,2026-09-06
OPP01725,Proposal,Closed Lost,2026-09-16
OPP01726,,Prospecting,2026-08-13
OPP01726,Prospecting,Qualification,2026-09-15
OPP01726,Qualification,Solution Design,2026-09-24
OPP01727,,Prospecting,2026-08-14
OPP01727,Prospecting,Qualification,2026-09-08
OPP01728,,Prospecting,2026-08-14
OPP01728,Prospecting,Qualification,2026-09-27
OPP01729,,Prospecting,2026-08-14
OPP01729,Prospecting,Qualification,2026-08-20
OPP01730,,Prospecting,2026-08-14
OPP01730,Prospecting,Qualification,2026-09-07
OPP01731,,Prospecting,2026-08-14
OPP01731,Prospecting,Qualification,2026-08-18
OPP01732,,Prospecting,2026-08-14
OPP01732,Prospecting,Qualification,2026-09-01
OPP01733,,Prospecting,2026-08-15
OPP01733,Prospecting,Qualification,2026-09-26
OPP01734,,Prospecting,2026-08-16
OPP01734,Prospecting,Qualification,2026-09-18
OPP01735,,Prospecting,2026-08-16
OPP01735,Prospecting,Qualification,2026-09-16
OPP01735,Qualification,Solution Design,2026-09-17
OPP01735,Solution Design,Proposal,2026-09-20
OPP01735,Proposal,Negotiation,2026-09-23
OPP01735,Negotiation,Closed Won,2026-09-25
OPP01736,,Prospecting,2026-08-16
OPP01737,,Prospecting,2026-08-18
OPP01737,Prospecting,Qualification,2026-08-31
OPP01738,,Prospecting,2026-08-18
OPP01738,Prospecting,Qualification,2026-08-22
OPP01738,Qualification,Solution Design,2026-09-13
OPP01738,Solution Design,Proposal,2026-09-21
OPP01739,,Prospecting,2026-08-18
OPP01739,Prospecting,Qualification,2026-08-22
OPP01740,,Prospecting,2026-08-18
OPP01740,Prospecting,Qualification,2026-08-23
OPP01741,,Prospecting,2026-08-19
OPP01741,Prospecting,Qualification,2026-08-31
OPP01741,Qualification,Solution Design,2026-09-14
OPP01742,,Prospecting,2026-08-19
OPP01742,Prospecting,Qualification,2026-09-18
OPP01743,,Prospecting,2026-08-19
OPP01744,,Prospecting,2026-08-20
OPP01744,Prospecting,Qualification,2026-09-06
OPP01744,Qualification,Solution Design,2026-09-07
OPP01744,Solution Design,Proposal,2026-09-12
OPP01744,Proposal,Negotiation,2026-09-29
OPP01745,,Prospecting,2026-08-20
OPP01745,Prospecting,Qualification,2026-09-05
OPP01745,Qualification,Solution Design,2026-09-19
OPP01746,,Prospecting,2026-08-21
OPP01747,,Prospecting,2026-08-22
OPP01747,Prospecting,Qualification,2026-09-21
OPP01748,,Prospecting,2026-08-22
OPP01748,Prospecting,Qualification,2026-09-06
OPP01748,Qualification,Solution Design,2026-09-24
OPP01749,,Prospecting,2026-08-22
OPP01749,Prospecting,Qualification,2026-08-30
OPP01749,Qualification,Solution Design,2026-09-27
OPP01750,,Prospecting,2026-08-23
OPP01750,Prospecting,Qualification,2026-09-24
OPP01751,,Prospecting,2026-08-23
OPP01752,,Prospecting,2026-08-24
OPP01752,Prospecting,Qualification,2026-09-22
OPP01753,,Prospecting,2026-08-24
OPP01753,Prospecting,Qualification,2026-09-15
OPP01754,,Prospecting,2026-08-25
OPP01755,,Prospecting,2026-08-26
OPP01756,,Prospecting,2026-08-26
OPP01757,,Prospecting,2026-08-26
OPP01757,Prospecting,Qualification,2026-09-21
OPP01758,,Prospecting,2026-08-26
OPP01758,Prospecting,Qualification,2026-09-08
OPP01758,Qualification,Solution Design,2026-09-09
OPP01758,Solution Design,Closed Lost,2026-09-18
OPP01759,,Prospecting,2026-08-26
OPP01759,Prospecting,Qualification,2026-09-19
OPP01760,,Prospecting,2026-08-27
OPP01760,Prospecting,Qualification,2026-09-11
OPP01761,,Prospecting,2026-08-29
OPP01761,Prospecting,Qualification,2026-08-30
OPP01761,Qualification,Solution Design,2026-09-01
OPP01761,Solution Design,Proposal,2026-09-19
OPP01761,Proposal,Negotiation,2026-09-25
OPP01762,,Prospecting,2026-08-31
OPP01762,Prospecting,Qualification,2026-09-11
OPP01763,,Prospecting,2026-08-31
OPP01763,Prospecting,Qualification,2026-09-09
OPP01763,Qualification,Solution Design,2026-09-10
OPP01763,Solution Design,Proposal,2026-09-21
OPP01763,Proposal,Negotiation,2026-09-23
OPP01764,,Prospecting,2026-09-01
OPP01764,Prospecting,Qualification,2026-09-09
OPP01764,Qualification,Solution Design,2026-09-11
OPP01765,,Prospecting,2026-09-03
OPP01766,,Prospecting,2026-09-03
OPP01767,,Prospecting,2026-09-03
OPP01767,Prospecting,Qualification,2026-09-22
OPP01768,,Prospecting,2026-09-04
OPP01769,,Prospecting,2026-09-04
OPP01769,Prospecting,Qualification,2026-09-14
OPP01769,Qualification,Solution Design,2026-09-25
OPP01769,Solution Design,Proposal,2026-09-27
OPP01769,Proposal,Negotiation,2026-09-29
OPP01770,,Prospecting,2026-09-04
OPP01770,Prospecting,Qualification,2026-09-16
OPP01770,Qualification,Solution Design,2026-09-20
OPP01770,Solution Design,Proposal,2026-09-24
OPP01771,,Prospecting,2026-09-04
OPP01772,,Prospecting,2026-09-04
OPP01773,,Prospecting,2026-09-04
OPP01774,,Prospecting,2026-09-04
OPP01774,Prospecting,Qualification,2026-09-11
OPP01775,,Prospecting,2026-09-05
OPP01776,,Prospecting,2026-09-05
OPP01776,Prospecting,Qualification,2026-09-09
OPP01777,,Prospecting,2026-09-05
OPP01778,,Prospecting,2026-09-06
OPP01779,,Prospecting,2026-09-06
OPP01780,,Prospecting,2026-09-07
OPP01781,,Prospecting,2026-09-07
OPP01781,Prospecting,Qualification,2026-09-10
OPP01781,Qualification,Solution Design,2026-09-23
OPP01781,Solution Design,Proposal,2026-09-26
OPP01782,,Prospecting,2026-09-07
OPP01782,Prospecting,Qualification,2026-09-21
OPP01783,,Prospecting,2026-09-08
OPP01783,Prospecting,Qualification,2026-09-12
OPP01784,,Prospecting,2026-09-08
OPP01785,,Prospecting,2026-09-09
OPP01786,,Prospecting,2026-09-09
OPP01786,Prospecting,Qualification,2026-09-13
OPP01787,,Prospecting,2026-09-09
OPP01788,,Prospecting,2026-09-10
OPP01788,Prospecting,Qualification,2026-09-11
OPP01788,Qualification,Solution Design,2026-09-15
OPP01788,Solution Design,Proposal,2026-09-16
OPP01788,Proposal,Negotiation,2026-09-17
OPP01788,Negotiation,Closed Won,2026-09-20
OPP01789,,Prospecting,2026-09-11
OPP01790,,Prospecting,2026-09-11
OPP01791,,Prospecting,2026-09-11
OPP01792,,Prospecting,2026-09-12
OPP01793,,Prospecting,2026-09-13
OPP01794,,Prospecting,2026-09-13
OPP01795,,Prospecting,2026-09-13
OPP01796,,Prospecting,2026-09-13
OPP01796,Prospecting,Qualification,2026-09-29
OPP01797,,Prospecting,2026-09-14
OPP01798,,Prospecting,2026-09-14
OPP01799,,Prospecting,2026-09-14
OPP01800,,Prospecting,2026-09-14
