Id,Name,AccountId,OwnerId,Rep_Theater__c,QS_Order_Type__c,Product_Type__c,CreatedDate,CloseDate,StageName,Sales_Forecast_Category__c,Primary_Competitor__c,Win_Loss_Reason__c,NextStep,Value_play__c,Plant_MWp__c,Estimated_COD__c,Material_Delivery_Date__c
OPP01113,Solara Utilities - SaaS New 2025,ACC0039,R12,EMEA,New,SaaS,2025-10-31T12:03:15.000+0000,2026-03-21,Closed Lost,Omitted,,Relationship,Security review with IT,Performance Optimization,,,
OPP00711,Halcyon Power - SaaS Cross 2025,ACC0088,R01,Americas,Cross Sell,SaaS,2025-03-31T08:33:21.000+0000,2025-09-26,Closed Won,Closed,C00,,Schedule technical demo,Regulatory Compliance,,,
OPP01572,Meridian Utilities - SCADA New 2026,ACC0079,R11,EMEA,New,SCADA,2026-06-06T14:40:48.000+0000,2027-05-09,Qualification,Pipeline,,,,Portfolio Visibility,85.6,2028-01-10,
OPP00809,Meridian Utilities - SaaS New 2025,ACC0079,R11,RoW,New,SaaS,2025-05-27T13:35:43.000+0000,2025-08-17,Closed Lost,Omitted,C04,,,,,,
OPP00271,Lumen Power - SCADA New 2024,ACC0028,R04,Americas,New,SCADA,2024-07-03T09:47:39.000+0000,2025-06-30,Closed Won,Closed,C00,,Security review with IT,,181.8,2026-11-16,2026-01-14
OPP01286,Azure Power - SCADA New 2026,ACC0106,R14,EMEA,New,SCADA,2026-01-22T14:53:06.000+0000,2026-03-12,Closed Lost,Omitted,C06,Price,,Portfolio Visibility,73.7,2026-11-30,2026-09-02
OPP00889,Prairie Energy Partners - SCADA Up 2025,ACC0134,R08,RoW,Additional Products & Services (Upsell),SCADA,2025-07-13T10:20:04.000+0000,2025-09-24,Closed Won,Closed,C01,,,Regulatory Compliance,20.1,2026-02-05,2025-11-27
OPP01245,Crestline Energy Partners - SaaS Cross 2026,ACC0001,R04,Americas,Cross Sell,SaaS,2026-01-07T09:53:09.000+0000,2026-03-22,Closed Lost,Omitted,C05,Functionality Gap,Pricing discussion with procurement,,,,
OPP01815,Prairie Energy - SaaS Cross 2026,ACC0095,R05,Americas,Cross Sell,SaaS,2026-03-13T13:26:41.000+0000,2026-04-29,Closed Lost,Omitted,C00,Duplicate,Follow up after board meeting,Portfolio Visibility,,,
OPP01311,Atlas Energy Partners - SCADA Cross 2026,ACC0112,R13,EMEA,Cross Sell,SCADA,2026-02-03T11:20:03.000+0000,2026-06-30,Closed Won,Closed,C06,,Pilot scoping call,,,,2027-01-20
OPP00430,Crestline Power - SaaS Up 2024,ACC0065,R06,Americas,Additional Products & Services (Upsell),SaaS,2024-10-21T17:02:40.000+0000,2025-03-28,Closed Won,Closed,C07,,Follow up after board meeting,Portfolio Visibility,,,
OPP00219,Altamira Energy - SaaS New 2024,ACC0144,R09,EMEA,New,SaaS,2024-05-24T17:22:27.000+0000,2024-09-28,Closed Won,Closed,C00,,Pricing discussion with procurement,Performance Optimization,,,
OPP00454,Pinnacle Infrastructure - SCADA Cross 2024,ACC0048,R11,EMEA,Cross Sell,SCADA,2024-11-03T10:19:28.000+0000,2025-03-07,Closed Lost,Omitted,C06,,Site visit,Cost Reduction,,,
OPP01738,Borealis Clean Assets - SaaS New 2026,ACC0011,R13,EMEA,New,SaaS,2026-08-18T12:37:29.000+0000,2026-10-11,Proposal,Best Case,C05,,Schedule technical demo,Portfolio Visibility,,,
OPP00252,Meridian Utilities - SaaS Up 2024,ACC0079,R11,EMEA,Additional Products & Services (Upsell),SaaS,2024-06-21T15:48:42.000+0000,2024-08-17,Closed Lost,Omitted,C00,Timing / Project Delayed,Security review with IT,Performance Optimization,,,
OPP00943,Cobalt Infrastructure - SaaS Cross 2025,ACC0130,R07,RoW,Cross Sell,SaaS,2025-08-08T11:03:57.000+0000,2025-10-11,Closed Won,Closed,C05,,,Regulatory Compliance,,,
OPP01106,Prairie Energy - SaaS Cross 2025,ACC0095,R05,Americas,Cross Sell,SaaS,2025-10-27T09:34:03.000+0000,2026-03-24,Closed Won,Closed,C04,,Pricing discussion with procurement,Portfolio Visibility,,,
OPP00678,Crestline Power - SCADA Cross 2025,ACC0065,R06,Americas,Cross Sell,SCADA,2025-03-10T16:45:31.000+0000,2025-06-09,Closed Lost,Omitted,,Price,Security review with IT,,41.5,2025-11-25,
OPP01171,Aurora Energy Partners - SCADA Cross 2025,ACC0006,R01,Americas,Cross Sell,SCADA,2025-11-30T12:07:55.000+0000,2026-02-14,Closed Won,Closed,C01,,Schedule technical demo,,78.9,2027-01-28,
OPP00910,Ember Energy Partners - SaaS Up 2025,ACC0126,R08,EMEA,Additional Products & Services (Upsell),SaaS,2025-07-23T13:30:58.000+0000,2025-12-26,Closed Won,Closed,,,Follow up after board meeting,,,,
OPP00583,Solara Wind Holdings - SCADA Cross 2025,ACC0046,R12,RoW,Cross Sell,SCADA,2025-01-18T09:17:48.000+0000,2025-12-22,Closed Won,Closed,C06,,Schedule technical demo,Performance Optimization,,2027-01-15,
OPP01651,Lumen Utilities - SCADA New 2026,ACC0103,R05,Americas,New,SCADA,2026-07-16T11:22:02.000+0000,2026-11-06,Proposal,Best Case,C03,,Security review with IT,Portfolio Visibility,47.5,2028-03-08,2027-01-08
OPP00880,Atlas Infrastructure - SaaS New 2025,ACC0111,R05,Americas,New,SaaS,2025-07-09T11:39:49.000+0000,2025-08-27,Closed Lost,Omitted,C05,No Decision / Budget,Pilot scoping call,,,,
OPP01445,Solara Renewables - SCADA Cross 2026,ACC0075,R07,EMEA,Cross Sell,SCADA,2026-04-08T13:10:15.000+0000,2026-08-12,Closed Lost,Omitted,C05,Functionality Gap,Security review with IT,,,2026-12-27,2027-02-08
OPP01329,Zephyr Renewables - SaaS Cross 2026,ACC0098,R07,RoW,Cross Sell,SaaS,2026-02-14T11:03:16.000+0000,2026-06-10,Closed Won,Closed,C00,,Pilot scoping call,Cost Reduction,,,
OPP01747,Halcyon Power - SCADA New 2026,ACC0088,R01,Americas,New,SCADA,2026-08-22T14:41:06.000+0000,2027-01-29,Qualification,Pipeline,C01,,Site visit,Performance Optimization,120.0,2028-06-12,2027-04-24
OPP00773,Meridian Utilities - SaaS Up 2025,ACC0079,R11,EMEA,Additional Products & Services (Upsell),SaaS,2025-05-09T09:04:37.000+0000,2025-09-06,Closed Lost,Omitted,C06,,,,,,
OPP00592,Kestrel Clean Assets - SaaS New 2025,ACC0050,R05,Americas,New,SaaS,2025-01-21T17:16:52.000+0000,2025-05-18,Closed Lost,Omitted,C02,Functionality Gap,Send revised proposal,Portfolio Visibility,,,
OPP01211,Azure Power - SaaS Up 2025,ACC0106,R14,RoW,Additional Products & Services (Upsell),SaaS,2025-12-22T12:16:23.000+0000,2026-03-25,Closed Won,Closed,C06,,Follow up after board meeting,,,,
OPP01233,Crestline Power - SaaS Cross 2025,ACC0065,R06,Americas,Cross Sell,SaaS,2025-12-31T16:29:03.000+0000,2026-02-18,Closed Lost,Omitted,C05,Functionality Gap,,Regulatory Compliance,,,
OPP00110,Halcyon Power - SaaS New 2024,ACC0088,R01,Americas,New,SaaS,2024-03-19T13:39:28.000+0000,2024-04-16,Closed Lost,Omitted,C04,Price,Security review with IT,,,,
OPP00112,Solstice Power - SCADA Up 2024,ACC0040,R03,Americas,Additional Products & Services (Upsell),SCADA,2024-03-19T15:39:10.000+0000,2024-06-30,Closed Won,Closed,C01,,,,20.0,,
OPP01721,Borealis Infrastructure - SaaS New 2026,ACC0078,R06,Americas,New,SaaS,2026-08-10T12:58:23.000+0000,2027-03-16,Qualification,Pipeline,C04,,Security review with IT,Regulatory Compliance,,,
OPP01623,Kestrel Clean Assets - SaaS Cross 2026,ACC0050,R05,Americas,Cross Sell,SaaS,2026-06-29T17:02:28.000+0000,2026-09-27,Closed Won,Closed,C02,,Site visit,Regulatory Compliance,,,
OPP00938,Meridian Utilities - SaaS Cross 2025,ACC0079,R11,EMEA,Cross Sell,SaaS,2025-08-06T12:36:51.000+0000,2025-09-16,Closed Won,Closed,C05,,,,,,
OPP00351,Zephyr Renewables - SCADA Up 2024,ACC0098,R07,RoW,Additional Products & Services (Upsell),SCADA,2024-08-27T11:05:42.000+0000,2025-03-23,Closed Won,Closed,C01,,Follow up after board meeting,Portfolio Visibility,84.0,2025-07-01,2025-09-16
OPP01170,Prairie Energy - SCADA Up 2025,ACC0095,R05,Americas,Additional Products & Services (Upsell),SCADA,2025-11-30T17:20:14.000+0000,2026-06-30,Closed Won,Closed,C07,,Schedule technical demo,Performance Optimization,100.5,2027-08-26,
OPP01062,Pinnacle Energy Partners - SCADA Cross 2025,ACC0027,R13,EMEA,Cross Sell,SCADA,2025-10-08T15:04:41.000+0000,2026-03-21,Closed Won,Closed,C06,,Security review with IT,Performance Optimization,85.3,2027-03-19,2026-10-30
OPP01253,Pinnacle Green Capital - SCADA Up 2026,ACC0124,R06,Americas,Additional Products & Services (Upsell),SCADA,2026-01-09T09:22:13.000+0000,2026-05-26,Closed Won,Closed,C05,,Pilot scoping call,,25.7,,2026-09-10
OPP01051,Halcyon Clean Assets - SCADA New 2025,ACC0158,R08,EMEA,New,SCADA,2025-10-04T16:22:04.000+0000,2026-04-28,Closed Lost,Omitted,C06,Functionality Gap,Send revised proposal,Performance Optimization,,2027-04-03,2026-08-25
OPP01010,Aurora Power - SaaS Cross 2025,ACC0025,R07,EMEA,Cross Sell,SaaS,2025-09-13T11:28:17.000+0000,2025-11-15,Closed Lost,Omitted,C07,No Decision / Budget,Security review with IT,Performance Optimization,,,
OPP00942,Kestrel Utilities - SaaS Cross 2025,ACC0083,R01,Americas,Cross Sell,SaaS,2025-08-08T17:35:19.000+0000,2025-09-03,Closed Lost,Omitted,C02,Functionality Gap,Legal review of contract,,,,
OPP01088,Halcyon Power - SaaS Up 2025,ACC0088,R03,Americas,Additional Products & Services (Upsell),SaaS,2025-10-20T08:37:02.000+0000,2025-12-11,Closed Lost,Omitted,C02,Relationship,,,,,
OPP00362,Aurora Power - SCADA Up 2024,ACC0025,R07,RoW,Additional Products & Services (Upsell),SCADA,2024-09-02T16:06:59.000+0000,2024-11-09,Closed Won,Closed,C07,,,Portfolio Visibility,,2025-03-16,2025-01-05
OPP01008,Solstice Renewables - SaaS New 2025,ACC0053,R13,EMEA,New,SaaS,2025-09-13T15:27:53.000+0000,2025-11-10,Closed Lost,Omitted,C05,Functionality Gap,,Portfolio Visibility,,,
OPP00768,Zephyr Renewables - SCADA New 2025,ACC0098,R07,EMEA,New,SCADA,2025-05-06T08:08:33.000+0000,2027-03-13,Proposal,Best Case,C05,,Site visit,,49.1,2028-08-13,2027-09-20
OPP01481,Pinnacle Infrastructure - SaaS Cross 2026,ACC0048,R11,RoW,Cross Sell,SaaS,2026-04-24T15:27:42.000+0000,2026-06-11,Closed Lost,Omitted,C05,Functionality Gap,Pricing discussion with procurement,,,,
OPP00597,Altamira Renewables - SaaS Cross 2025,ACC0160,R09,RoW,Cross Sell,SaaS,2025-01-23T09:31:17.000+0000,2025-05-27,Closed Lost,Omitted,C05,Functionality Gap,Schedule technical demo,Portfolio Visibility,,,
OPP01475,Halcyon Power - SCADA New 2026,ACC0088,R01,Americas,New,SCADA,2026-04-21T13:27:47.000+0000,2027-03-29,Solution Design,Best Case,C07,,Follow up after board meeting,Cost Reduction,97.1,2028-03-24,2027-11-07
OPP01352,Kestrel Solar Partners - SaaS New 2026,ACC0071,R01,Americas,New,SaaS,2026-02-26T08:06:18.000+0000,2026-12-20,Proposal,Best Case,C02,,Pricing discussion with procurement,Regulatory Compliance,,,
OPP00332,Tidewater Green Capital - SCADA Cross 2024,ACC0113,R08,RoW,Cross Sell,SCADA,2024-08-13T16:40:18.000+0000,2024-12-21,Closed Won,Closed,C07,,Follow up after board meeting,Portfolio Visibility,,2026-04-05,
OPP01676,Zephyr Renewables - SaaS Up 2026,ACC0098,R11,EMEA,Additional Products & Services (Upsell),SaaS,2026-07-23T09:04:09.000+0000,2026-08-24,Closed Won,Closed,C06,,Legal review of contract,Regulatory Compliance,,,
OPP01069,Solara Solar Partners - SCADA New 2025,ACC0093,R06,Americas,New,SCADA,2025-10-11T15:03:13.000+0000,2026-01-15,Closed Lost,Omitted,,,,,64.6,,2026-03-28
OPP01284,Solstice Renewables - SCADA New 2026,ACC0053,R13,EMEA,New,SCADA,2026-01-22T08:06:24.000+0000,2026-04-29,Closed Lost,Omitted,C05,Functionality Gap,Legal review of contract,Regulatory Compliance,88.1,2027-05-26,
OPP00644,Lumen Utilities - SCADA Up 2025,ACC0103,R05,Americas,Additional Products & Services (Upsell),SCADA,2025-02-14T17:42:47.000+0000,2025-09-27,Closed Won,Closed,C01,,Pricing discussion with procurement,Portfolio Visibility,47.5,2026-04-21,2026-04-04
OPP00520,Halcyon Power - SCADA New 2024,ACC0088,R01,Americas,New,SCADA,2024-12-09T15:30:01.000+0000,2025-02-20,Closed Lost,Omitted,C06,,Send revised proposal,Portfolio Visibility,114.1,2026-01-25,2025-04-07
OPP01232,Cobalt Utilities - SaaS Cross 2025,ACC0042,R12,EMEA,Cross Sell,SaaS,2025-12-31T13:27:38.000+0000,2026-02-27,Closed Lost,Omitted,C04,Price,,,,,
OPP01524,Kestrel Solar Partners - SCADA Up 2026,ACC0071,R06,Americas,Additional Products & Services (Upsell),SCADA,2026-05-13T10:31:10.000+0000,2026-08-22,Closed Won,Closed,C05,,,Cost Reduction,190.6,2028-02-09,2027-03-11
OPP01260,Orion Energy Partners - SaaS Up 2026,ACC0059,R06,Americas,Additional Products & Services (Upsell),SaaS,2026-01-12T14:30:53.000+0000,2026-02-22,Closed Lost,Omitted,C07,No Decision / Budget,Send revised proposal,Regulatory Compliance,,,
OPP00694,Zephyr Renewables - SCADA New 2025,ACC0098,R07,EMEA,New,SCADA,2025-03-21T12:14:22.000+0000,2025-07-20,Closed Lost,Omitted,,,Site visit,Regulatory Compliance,49.1,,2025-12-05
OPP01562,Azure Energy - SCADA Cross 2026,ACC0069,R05,Americas,Cross Sell,SCADA,2026-06-02T10:05:50.000+0000,2026-12-23,Solution Design,Best Case,C01,,Follow up after board meeting,Portfolio Visibility,29.0,,2027-03-21
OPP00810,Crestline Solar Partners - SCADA Cross 2025,ACC0029,R08,RoW,Cross Sell,SCADA,2025-05-27T14:47:10.000+0000,2025-12-24,Closed Won,Closed,C06,,,Portfolio Visibility,68.7,2026-03-26,2026-04-24
OPP00240,Ember Renewables - SCADA Up 2024,ACC0055,R04,Americas,Additional Products & Services (Upsell),SCADA,2024-06-09T13:59:12.000+0000,2024-07-26,Closed Lost,Omitted,,Lost to Incumbent,,,50.1,2025-04-21,2025-03-17
OPP00745,Kestrel Power - SaaS New 2025,ACC0005,R03,Americas,New,SaaS,2025-04-25T12:03:16.000+0000,2025-08-12,Closed Won,Closed,,,,Cost Reduction,,,
OPP01344,Tidewater Green Capital - SCADA Up 2026,ACC0113,R08,EMEA,Additional Products & Services (Upsell),SCADA,2026-02-23T08:52:00.000+0000,2026-06-20,Closed Won,Closed,C00,,Site visit,Portfolio Visibility,12.3,2027-09-14,2026-12-14
OPP00066,Solara Renewables - SCADA New 2024,ACC0075,R07,RoW,New,SCADA,2024-02-19T13:51:27.000+0000,2024-06-09,Closed Lost,Omitted,C00,No Decision / Budget,Legal review of contract,Regulatory Compliance,64.8,2025-04-30,2024-07-12
OPP00535,Kestrel Infrastructure - SCADA Up 2024,ACC0002,R11,EMEA,Additional Products & Services (Upsell),SCADA,2024-12-17T08:01:49.000+0000,2025-01-18,Closed Won,Closed,,,,Regulatory Compliance,,,
OPP00323,Orion Energy Partners - SCADA New 2024,ACC0059,R06,Americas,New,SCADA,2024-08-05T15:10:49.000+0000,2024-10-25,Closed Lost,Omitted,C01,Price,,Cost Reduction,198.7,,
OPP01162,Helios Infrastructure - SaaS Up 2025,ACC0080,R09,EMEA,Additional Products & Services (Upsell),SaaS,2025-11-28T10:18:40.000+0000,2026-03-27,Closed Won,Closed,C06,,Pricing discussion with procurement,Regulatory Compliance,,,
OPP00030,Altamira Infrastructure - SaaS New 2024,ACC0105,R14,EMEA,New,SaaS,2024-01-23T15:05:31.000+0000,2024-05-12,Closed Lost,Omitted,C04,,Legal review of contract,Cost Reduction,,,
OPP01712,Everglow Infrastructure - SaaS Up 2026,ACC0051,R14,EMEA,Additional Products & Services (Upsell),SaaS,2026-08-07T17:10:57.000+0000,2026-12-20,Solution Design,Best Case,C04,,Send revised proposal,Portfolio Visibility,,,
OPP00484,Crestline Utilities - SaaS New 2024,ACC0131,R03,Americas,New,SaaS,2024-11-19T16:21:56.000+0000,2024-12-17,Closed Lost,Omitted,C00,Price,,,,,
OPP00466,Solstice Renewables - SaaS Cross 2024,ACC0053,R13,EMEA,Cross Sell,SaaS,2024-11-09T08:52:20.000+0000,2025-02-21,Closed Won,Closed,C04,,Follow up after board meeting,Portfolio Visibility,,,
OPP00276,Altamira Energy - SaaS New 2024,ACC0144,R09,RoW,New,SaaS,2024-07-09T09:00:00.000+0000,2024-08-28,Closed Lost,Omitted,,Relationship,,,,,
OPP00421,Zephyr Renewables - SCADA Cross 2024,ACC0098,R07,EMEA,Cross Sell,SCADA,2024-10-15T11:35:25.000+0000,2024-12-12,Closed Lost,Omitted,C01,Price,Schedule technical demo,Portfolio Visibility,49.1,,
OPP01359,Kestrel Renewables - SaaS Up 2026,ACC0146,R09,RoW,Additional Products & Services (Upsell),SaaS,2026-03-01T16:46:42.000+0000,2026-06-19,Closed Won,Closed,,,Site visit,Portfolio Visibility,,,
OPP01387,Zephyr Wind Holdings - SCADA New 2026,ACC0108,R02,Americas,New,SCADA,2026-03-09T09:48:06.000+0000,2026-09-03,Closed Won,Closed,C01,,Legal review of contract,Portfolio Visibility,53.2,2027-10-06,2027-04-15
OPP01626,Meridian Utilities - SaaS New 2026,ACC0079,R11,RoW,New,SaaS,2026-06-30T09:36:34.000+0000,2027-01-22,Solution Design,Best Case,C04,,Legal review of contract,,,,
OPP01330,Sierra Utilities - SCADA New 2026,ACC0077,R01,Americas,New,SCADA,2026-02-15T12:09:45.000+0000,2026-06-01,Closed Lost,Omitted,C00,No Decision / Budget,Pilot scoping call,,20.8,2027-11-08,2026-09-28
OPP00238,Ember Solar Partners - SCADA New 2024,ACC0086,R10,RoW,New,SCADA,2024-06-09T17:18:59.000+0000,2024-09-30,Closed Lost,Omitted,C03,Lost to Incumbent,Follow up after board meeting,,,2025-12-14,
OPP01772,Ember Energy - SCADA Cross 2026,ACC0116,R02,Americas,Cross Sell,SCADA,2026-09-04T08:34:33.000+0000,2027-03-29,Prospecting,Pipeline,,,Pilot scoping call,,51.9,2028-08-18,2027-07-25
OPP01690,Altamira Clean Assets - SaaS New 2026,ACC0017,R10,EMEA,New,SaaS,2026-07-27T17:51:18.000+0000,2026-08-18,Closed Lost,Omitted,C06,Price,Follow up after board meeting,Performance Optimization,,,
OPP00496,Pinnacle Green Capital - SCADA Cross 2024,ACC0124,R06,Americas,Cross Sell,SCADA,2024-11-26T11:09:23.000+0000,2025-09-26,Closed Won,Closed,,,,Regulatory Compliance,25.7,,2026-04-10
OPP00248,Orion Green Capital - SaaS New 2024,ACC0114,R03,Americas,New,SaaS,2024-06-16T08:50:27.000+0000,2024-08-28,Closed Lost,Omitted,,,,Regulatory Compliance,,,
OPP00611,Kestrel Energy - SaaS Up 2025,ACC0128,R09,EMEA,Additional Products & Services (Upsell),SaaS,2025-01-28T14:55:44.000+0000,2025-02-26,Closed Won,Closed,C05,,Follow up after board meeting,Portfolio Visibility,,,
OPP01212,Crestline Power - SaaS Up 2025,ACC0065,R06,Americas,Additional Products & Services (Upsell),SaaS,2025-12-22T08:12:35.000+0000,2026-02-02,Closed Won,Closed,,,Follow up after board meeting,Regulatory Compliance,,,
OPP00451,Azure Solar Partners - SaaS New 2024,ACC0097,R07,EMEA,New,SaaS,2024-11-02T15:35:13.000+0000,2025-05-17,Closed Lost,Omitted,C06,Price,Pricing discussion with procurement,,,,
OPP01395,Zephyr Renewables - SaaS New 2026,ACC0098,R07,EMEA,New,SaaS,2026-03-12T14:08:43.000+0000,2026-10-18,Negotiation,Commit,C06,,,Cost Reduction,,,
OPP01059,Solara Utilities - SaaS New 2025,ACC0039,R10,RoW,New,SaaS,2025-10-07T11:20:12.000+0000,2026-01-26,Closed Lost,Omitted,C05,Functionality Gap,Security review with IT,Regulatory Compliance,,,
OPP00308,Zephyr Wind Holdings - SaaS Cross 2024,ACC0108,R02,Americas,Cross Sell,SaaS,2024-07-27T10:43:25.000+0000,2024-12-20,Closed Won,Closed,,,Schedule technical demo,Performance Optimization,,,
OPP01677,Helios Solar Partners - SCADA New 2026,ACC0127,R12,EMEA,New,SCADA,2026-07-23T09:46:57.000+0000,2026-12-30,Solution Design,Best Case,C06,,Security review with IT,Regulatory Compliance,,2028-02-27,2027-03-17
OPP00304,Orion Energy Partners - SaaS Cross 2024,ACC0059,R06,Americas,Cross Sell,SaaS,2024-07-25T12:10:45.000+0000,2024-12-02,Closed Lost,Omitted,,Functionality Gap,Schedule technical demo,,,,
OPP01547,Borealis Clean Assets - SaaS New 2026,ACC0011,R09,EMEA,New,SaaS,2026-05-26T14:25:31.000+0000,2026-07-26,Closed Lost,Omitted,C02,Functionality Gap,Legal review of contract,,,,
OPP01518,Orion Green Capital - SaaS Cross 2026,ACC0114,R03,Americas,Cross Sell,SaaS,2026-05-09T09:48:47.000+0000,2026-07-04,Closed Lost,Omitted,C04,Price,Site visit,Performance Optimization,,,
OPP00744,Zephyr Renewables - SCADA New 2025,ACC0098,R14,RoW,New,SCADA,2025-04-25T10:37:24.000+0000,2025-10-08,Closed Lost,Omitted,C03,,,Cost Reduction,,2027-03-16,2026-01-02
OPP00737,Meridian Utilities - SaaS New 2025,ACC0079,R11,EMEA,New,SaaS,2025-04-21T17:09:07.000+0000,2025-07-13,Closed Lost,Omitted,,No Decision / Budget,,,,,
OPP00757,Halcyon Power - SCADA Up 2025,ACC0088,R01,Americas,Additional Products & Services (Upsell),SCADA,2025-04-30T15:27:31.000+0000,2025-11-08,Closed Won,Closed,C00,,,Performance Optimization,82.2,,
OPP01024,Zephyr Renewables - SaaS Cross 2025,ACC0098,R07,EMEA,Cross Sell,SaaS,2025-09-17T11:30:33.000+0000,2025-12-13,Closed Won,Closed,C07,,Schedule technical demo,Regulatory Compliance,,,
OPP01169,Solstice Green Capital - SaaS New 2025,ACC0090,R07,RoW,New,SaaS,2025-11-30T16:12:25.000+0000,2026-04-12,Closed Lost,Omitted,C06,Timing / Project Delayed,,Cost Reduction,,,
OPP01023,Solstice Wind Holdings - SCADA Cross 2025,ACC0142,R02,Americas,Cross Sell,SCADA,2025-09-16T09:56:08.000+0000,2025-12-06,Closed Lost,Omitted,C01,,Site visit,,,,
OPP00716,Everglow Energy Partners - SaaS New 2025,ACC0035,R13,EMEA,New,SaaS,2025-04-03T17:58:19.000+0000,2025-05-23,Closed Lost,Omitted,C05,Functionality Gap,,,,,
OPP01299,Solstice Utilities - SaaS Up 2026,ACC0058,R14,EMEA,Additional Products & Services (Upsell),SaaS,2026-01-29T13:32:03.000+0000,2026-03-29,Closed Won,Closed,C06,,Pilot scoping call,Regulatory Compliance,,,
OPP00519,Lumen Renewables - SaaS Cross 2024,ACC0054,R13,RoW,Cross Sell,SaaS,2024-12-09T10:42:59.000+0000,2025-03-30,Closed Won,Closed,C06,,Legal review of contract,Regulatory Compliance,,,
OPP01457,Ember Energy - SCADA Up 2026,ACC0116,R02,Americas,Additional Products & Services (Upsell),SCADA,2026-04-13T09:18:43.000+0000,2026-09-30,Closed Won,Closed,C07,,Send revised proposal,,59.0,,
OPP01231,Crestline Utilities - SCADA New 2025,ACC0131,R03,Americas,New,SCADA,2025-12-30T14:03:32.000+0000,2026-06-30,Closed Lost,Omitted,,Functionality Gap,Legal review of contract,Portfolio Visibility,56.0,2027-05-31,2026-10-13
OPP01678,Prairie Energy - SaaS Up 2026,ACC0095,R05,Americas,Additional Products & Services (Upsell),SaaS,2026-07-23T12:22:51.000+0000,2026-11-28,Solution Design,Best Case,C02,,,Cost Reduction,,,
OPP01596,Zephyr Wind Holdings - SCADA New 2026,ACC0108,R02,Americas,New,SCADA,2026-06-15T12:13:01.000+0000,2027-03-16,Qualification,Pipeline,,,Pricing discussion with procurement,Regulatory Compliance,28.3,2028-09-03,2027-09-19
OPP00353,Altamira Energy - SaaS New 2024,ACC0144,R14,EMEA,New,SaaS,2024-08-27T10:41:15.000+0000,2024-12-12,Closed Lost,Omitted,C02,Functionality Gap,,,,,
OPP00440,Pinnacle Clean Assets - SCADA Up 2024,ACC0036,R09,EMEA,Additional Products & Services (Upsell),SCADA,2024-10-28T10:46:48.000+0000,2024-11-17,Closed Lost,Omitted,,,Follow up after board meeting,Performance Optimization,78.9,2025-08-07,
OPP00367,Halcyon Power - SaaS Cross 2024,ACC0088,R01,Americas,Cross Sell,SaaS,2024-09-06T15:52:30.000+0000,2025-03-15,Closed Won,Closed,C04,,Pricing discussion with procurement,,,,
OPP01568,Kestrel Infrastructure - SaaS Up 2026,ACC0002,R11,EMEA,Additional Products & Services (Upsell),SaaS,2026-06-04T15:14:11.000+0000,2026-07-30,Closed Lost,Omitted,C06,Price,Legal review of contract,Portfolio Visibility,,,
OPP01576,Orion Green Capital - SaaS Cross 2026,ACC0114,R03,Americas,Cross Sell,SaaS,2026-06-08T10:24:48.000+0000,2026-12-20,Solution Design,Best Case,C04,,Site visit,Performance Optimization,,,
OPP01631,Solara Utilities - SaaS New 2026,ACC0039,R12,RoW,New,SaaS,2026-07-05T15:33:02.000+0000,2026-10-10,Negotiation,Commit,C05,,Schedule technical demo,,,,
OPP01119,Zephyr Infrastructure - SCADA New 2025,ACC0081,R07,RoW,New,SCADA,2025-11-02T13:20:47.000+0000,2026-04-17,Closed Lost,Omitted,C00,Timing / Project Delayed,Schedule technical demo,Portfolio Visibility,93.1,2027-09-18,2026-07-07
OPP01813,Solara Renewables - SCADA Up 2025,ACC0075,R14,EMEA,Additional Products & Services (Upsell),SCADA,2025-10-26T10:05:48.000+0000,2025-12-03,Closed Lost,Omitted,C05,Duplicate,Pilot scoping call,Cost Reduction,51.3,2026-09-15,
OPP00705,Altamira Energy - SCADA Up 2025,ACC0144,R09,RoW,Additional Products & Services (Upsell),SCADA,2025-03-28T10:20:19.000+0000,2025-06-27,Closed Won,Closed,C05,,Pilot scoping call,Cost Reduction,,,2025-09-12
OPP00399,Prairie Green Capital - SaaS New 2024,ACC0143,R12,EMEA,New,SaaS,2024-09-30T09:01:07.000+0000,2025-06-19,Closed Won,Closed,C04,,,Regulatory Compliance,,,
OPP00204,Kestrel Power - SaaS Cross 2024,ACC0005,R03,Americas,Cross Sell,SaaS,2024-05-15T13:08:42.000+0000,2024-07-22,Closed Lost,Omitted,C07,,,,,,
OPP00071,Azure Power - SaaS Cross 2024,ACC0106,R14,EMEA,Cross Sell,SaaS,2024-02-22T11:41:09.000+0000,2024-09-19,Closed Won,Closed,C06,,Schedule technical demo,Regulatory Compliance,,,
OPP00610,Orion Wind Holdings - SCADA Up 2025,ACC0140,R05,Americas,Additional Products & Services (Upsell),SCADA,2025-01-27T11:34:52.000+0000,2025-07-11,Closed Won,Closed,C07,,Send revised proposal,Performance Optimization,78.0,,2025-08-25
OPP01357,Orion Energy Partners - SaaS Up 2026,ACC0059,R06,Americas,Additional Products & Services (Upsell),SaaS,2026-02-28T16:25:59.000+0000,2026-03-21,Closed Lost,Omitted,,Functionality Gap,Site visit,Cost Reduction,,,
OPP01048,Crestline Energy Partners - SCADA New 2025,ACC0001,R04,Americas,New,SCADA,2025-10-03T10:01:29.000+0000,2026-03-31,Closed Won,Closed,,,,,29.6,2027-08-24,2026-09-03
OPP01544,Kestrel Solar Partners - SaaS New 2026,ACC0071,R01,Americas,New,SaaS,2026-05-24T12:04:07.000+0000,2026-08-11,Closed Lost,Omitted,C07,No Decision / Budget,Site visit,Portfolio Visibility,,,
OPP00232,Cobalt Utilities - SaaS Cross 2024,ACC0042,R13,RoW,Cross Sell,SaaS,2024-06-03T16:28:40.000+0000,2024-09-17,Closed Won,Closed,C05,,Send revised proposal,,,,
OPP01379,Meridian Utilities - SaaS New 2026,ACC0079,R11,EMEA,New,SaaS,2026-03-07T16:33:28.000+0000,2026-06-07,Closed Lost,Omitted,C05,Functionality Gap,Site visit,Cost Reduction,,,
OPP01197,Zephyr Solar Partners - SCADA New 2025,ACC0041,R01,Americas,New,SCADA,2025-12-14T16:30:48.000+0000,2026-06-04,Closed Lost,Omitted,C01,No Decision / Budget,Send revised proposal,Cost Reduction,74.7,2027-03-01,2026-08-10
OPP01871,TEST Account - Sandbox - SCADA Demo,ACC9999,R06,Americas,Additional Products & Services (Upsell),SCADA,2025-11-07T12:28:36.000+0000,2026-03-26,Closed Won,Closed,C03,,Pricing discussion with procurement,Portfolio Visibility,63.8,,2026-08-12
OPP00415,Orion Green Capital - SCADA Up 2024,ACC0114,R03,Americas,Additional Products & Services (Upsell),SCADA,2024-10-10T14:56:02.000+0000,2025-05-04,Closed Lost,Omitted,C07,No Decision / Budget,,,,,2025-08-09
OPP01354,Atlas Wind Holdings - SCADA Up 2026,ACC0008,R04,Americas,Additional Products & Services (Upsell),SCADA,2026-02-26T08:29:03.000+0000,2026-06-02,Closed Lost,Omitted,C01,Price,,Regulatory Compliance,90.4,2027-01-11,2027-01-27
OPP00136,Crestline Power - SCADA New 2024,ACC0065,R06,Americas,New,SCADA,2024-04-03T09:16:26.000+0000,2024-07-18,Closed Lost,Omitted,C03,Lost to Incumbent,Site visit,,41.5,,
OPP01508,Meridian Utilities - SaaS Cross 2026,ACC0079,R11,RoW,Cross Sell,SaaS,2026-05-06T17:25:38.000+0000,2026-06-23,Closed Lost,Omitted,C02,,,,,,
OPP00584,Aurora Energy - SaaS Cross 2025,ACC0157,R11,EMEA,Cross Sell,SaaS,2025-01-18T10:21:25.000+0000,2025-10-20,Closed Won,Closed,,,Legal review of contract,,,,
OPP01835,Crestline Power - SCADA New 2024,ACC0065,R06,Americas,New,SCADA,2024-05-28T10:38:34.000+0000,2024-10-04,Closed Lost,Omitted,C01,Duplicate,,Cost Reduction,41.5,,
OPP00619,Pinnacle Green Capital - SaaS New 2025,ACC0124,R05,Americas,New,SaaS,2025-01-31T15:00:17.000+0000,2025-06-01,Closed Lost,Omitted,C06,,Pilot scoping call,Performance Optimization,,,
OPP00576,Meridian Utilities - SCADA New 2025,ACC0079,R11,RoW,New,SCADA,2025-01-14T09:08:15.000+0000,2026-02-17,Closed Won,Closed,C03,,Send revised proposal,Regulatory Compliance,112.1,,
OPP01041,Orion Energy Partners - SCADA Cross 2025,ACC0059,R06,Americas,Cross Sell,SCADA,2025-09-28T16:59:41.000+0000,2025-12-30,Closed Lost,Omitted,C03,Lost to Incumbent,Legal review of contract,Performance Optimization,,2027-02-23,2026-06-01
OPP00213,Halcyon Power - SCADA Up 2024,ACC0088,R01,Americas,Additional Products & Services (Upsell),SCADA,2024-05-21T17:30:31.000+0000,2024-09-01,Closed Won,Closed,C05,,Follow up after board meeting,Cost Reduction,,2025-03-04,
OPP01348,Altamira Energy - SaaS New 2026,ACC0144,R09,EMEA,New,SaaS,2026-02-24T10:50:34.000+0000,2026-05-24,Closed Lost,Omitted,C04,Price,Site visit,Performance Optimization,,,
OPP00189,Everglow Renewables - SCADA New 2024,ACC0072,R06,Americas,New,SCADA,2024-05-07T14:17:17.000+0000,2024-07-20,Closed Lost,Omitted,C03,Lost to Incumbent,Schedule technical demo,Performance Optimization,96.7,,2024-09-17
OPP00366,Zephyr Renewables - SaaS Up 2024,ACC0098,R07,RoW,Additional Products & Services (Upsell),SaaS,2024-09-06T12:04:57.000+0000,2024-10-18,Closed Won,Closed,C06,,Site visit,Portfolio Visibility,,,
OPP01796,Kestrel Solar Partners - SaaS Up 2026,ACC0071,R01,Americas,Additional Products & Services (Upsell),SaaS,2026-09-13T12:38:40.000+0000,2026-09-20,Qualification,Pipeline,C06,,Legal review of contract,Performance Optimization,,,
OPP01760,Azure Solar Partners - SaaS Up 2026,ACC0097,R07,EMEA,Additional Products & Services (Upsell),SaaS,2026-08-27T12:32:15.000+0000,2026-12-29,Qualification,Pipeline,C04,,Follow up after board meeting,Portfolio Visibility,,,
OPP00024,Solstice Renewables - SCADA New 2024,ACC0053,R13,RoW,New,SCADA,2024-01-18T11:04:33.000+0000,2024-06-16,Closed Lost,Omitted,C05,Functionality Gap,Security review with IT,,,,2024-11-03
OPP00481,Solstice Green Capital - SaaS Cross 2024,ACC0090,R07,EMEA,Cross Sell,SaaS,2024-11-17T08:59:06.000+0000,2025-04-12,Closed Won,Closed,C04,,Security review with IT,Portfolio Visibility,,,
OPP00064,Aurora Energy - SaaS Up 2024,ACC0157,R09,EMEA,Additional Products & Services (Upsell),SaaS,2024-02-19T14:51:13.000+0000,2024-05-23,Closed Lost,Omitted,C05,,Follow up after board meeting,,,,
OPP00290,Everglow Renewables - SCADA Cross 2024,ACC0072,R06,Americas,Cross Sell,SCADA,2024-07-16T13:47:33.000+0000,2024-10-23,Closed Lost,Omitted,C01,Price,Schedule technical demo,Cost Reduction,25.2,2025-07-24,2025-05-04
OPP01805,Azure Solar Partners - SCADA Up 2025,ACC0097,R07,RoW,Additional Products & Services (Upsell),SCADA,2025-02-28T13:14:52.000+0000,2025-03-30,Closed Lost,Omitted,C03,Duplicate,,Performance Optimization,99.2,2026-02-19,2025-08-09
OPP00317,Solara Utilities - SaaS Up 2024,ACC0039,R12,RoW,Additional Products & Services (Upsell),SaaS,2024-08-01T11:43:48.000+0000,2024-08-29,Closed Won,Closed,C00,,Legal review of contract,Regulatory Compliance,,,
OPP00701,Kestrel Infrastructure - SaaS New 2025,ACC0002,R11,EMEA,New,SaaS,2025-03-26T16:33:54.000+0000,2025-12-30,Closed Won,Closed,C06,,,Regulatory Compliance,,,
OPP01297,Kestrel Clean Assets - SCADA New 2026,ACC0050,R05,Americas,New,SCADA,2026-01-28T13:59:22.000+0000,2026-04-22,Closed Lost,Omitted,C01,Price,Legal review of contract,,172.0,2027-09-14,2026-11-21
OPP00905,Cobalt Energy - SaaS Up 2025,ACC0013,R13,RoW,Additional Products & Services (Upsell),SaaS,2025-07-21T14:46:37.000+0000,2025-09-17,Closed Won,Closed,,,Schedule technical demo,Portfolio Visibility,,,
OPP01044,Lumen Energy Partners - SaaS Cross 2025,ACC0062,R01,Americas,Cross Sell,SaaS,2025-09-30T14:06:43.000+0000,2025-12-02,Closed Lost,Omitted,C05,Functionality Gap,,Performance Optimization,,,
OPP01705,Cobalt Utilities - SaaS Up 2026,ACC0042,R13,EMEA,Additional Products & Services (Upsell),SaaS,2026-08-02T15:34:26.000+0000,2026-08-22,Closed Won,Closed,C04,,Pilot scoping call,Cost Reduction,,,
OPP00483,Ember Renewables - SaaS New 2024,ACC0055,R04,Americas,New,SaaS,2024-11-18T15:56:34.000+0000,2025-06-18,Closed Won,Closed,,,Send revised proposal,Portfolio Visibility,,,
OPP00325,Orion Wind Holdings - SCADA New 2024,ACC0140,R05,Americas,New,SCADA,2024-08-07T16:52:15.000+0000,2024-12-26,Closed Lost,Omitted,C06,Price,Follow up after board meeting,Portfolio Visibility,187.3,2025-10-09,2025-03-14
OPP01821,Everglow Solar Partners - SCADA New 2025,ACC0119,R13,RoW,New,SCADA,2025-03-18T09:11:32.000+0000,2025-05-12,Closed Lost,Omitted,C05,Duplicate,Site visit,Cost Reduction,103.7,2026-09-02,
OPP01618,Azure Power - SaaS New 2026,ACC0106,R14,EMEA,New,SaaS,2026-06-25T11:48:13.000+0000,2026-12-23,Solution Design,Best Case,C04,,Pilot scoping call,Portfolio Visibility,,,
OPP00963,Lumen Utilities - SCADA New 2025,ACC0103,R05,Americas,New,SCADA,2025-08-21T17:18:37.000+0000,2025-10-26,Closed Lost,Omitted,C07,No Decision / Budget,Pricing discussion with procurement,Cost Reduction,47.5,2027-04-03,
OPP01447,Cobalt Infrastructure - SaaS Up 2026,ACC0130,R07,RoW,Additional Products & Services (Upsell),SaaS,2026-04-09T08:49:42.000+0000,2026-09-21,Closed Won,Closed,C07,,Pilot scoping call,Cost Reduction,,,
OPP01694,Kestrel Infrastructure - SaaS Cross 2026,ACC0002,R11,RoW,Cross Sell,SaaS,2026-07-28T11:26:20.000+0000,2026-09-24,Closed Won,Closed,,,,,,,
OPP00197,Prairie Energy - SCADA Up 2024,ACC0095,R06,Americas,Additional Products & Services (Upsell),SCADA,2024-05-11T12:34:48.000+0000,2024-09-26,Closed Won,Closed,C05,,,Performance Optimization,,2025-04-25,
OPP01042,Solara Utilities - SCADA Cross 2025,ACC0039,R12,RoW,Cross Sell,SCADA,2025-09-28T13:26:52.000+0000,2026-06-27,Closed Won,Closed,C05,,Follow up after board meeting,Performance Optimization,19.2,2027-02-17,2027-02-04
OPP01034,Meridian Energy - SCADA Up 2025,ACC0016,R13,RoW,Additional Products & Services (Upsell),SCADA,2025-09-23T09:37:42.000+0000,2025-12-09,Closed Lost,Omitted,C05,Functionality Gap,Site visit,Cost Reduction,172.3,,2026-04-28
OPP01386,Prairie Energy - SaaS New 2026,ACC0095,R05,Americas,New,SaaS,2026-03-09T17:14:20.000+0000,2026-05-31,Closed Lost,Omitted,C02,Functionality Gap,Schedule technical demo,Cost Reduction,,,
OPP00116,Meridian Power - SaaS Cross 2024,ACC0153,R01,Americas,Cross Sell,SaaS,2024-03-22T17:53:04.000+0000,2024-07-20,Closed Lost,Omitted,C07,No Decision / Budget,Pricing discussion with procurement,,,,
OPP01645,Aurora Energy - SaaS New 2026,ACC0157,R07,RoW,New,SaaS,2026-07-13T12:57:43.000+0000,2026-10-13,Negotiation,Commit,C02,,Security review with IT,Performance Optimization,,,
OPP01527,Meridian Utilities - SCADA Up 2026,ACC0079,R11,EMEA,Additional Products & Services (Upsell),SCADA,2026-05-16T10:19:29.000+0000,2026-07-08,Closed Lost,Omitted,,Lost to Incumbent,Site visit,Portfolio Visibility,124.5,2027-10-27,2026-11-10
OPP00355,Crestline Power - SCADA Up 2024,ACC0065,R06,Americas,Additional Products & Services (Upsell),SCADA,2024-08-28T14:54:34.000+0000,2024-12-25,Closed Won,Closed,C00,,,Performance Optimization,41.5,2026-03-18,
OPP01450,Altamira Infrastructure - SCADA Cross 2026,ACC0105,R14,EMEA,Cross Sell,SCADA,2026-04-10T13:44:05.000+0000,2026-12-31,Proposal,Best Case,C07,,Follow up after board meeting,,40.0,,2027-06-27
OPP00555,Zephyr Renewables - SaaS Up 2024,ACC0098,R07,RoW,Additional Products & Services (Upsell),SaaS,2024-12-29T13:59:38.000+0000,2025-03-30,Closed Won,Closed,C04,,,Performance Optimization,,,
OPP00927,Meridian Utilities - SaaS New 2025,ACC0079,R11,RoW,New,SaaS,2025-08-01T12:18:34.000+0000,2025-09-20,Closed Won,Closed,C06,,,,,,
OPP01604,Everglow Energy Partners - SCADA New 2026,ACC0035,R13,RoW,New,SCADA,2026-06-19T10:59:29.000+0000,2026-11-05,Proposal,Best Case,C00,,Security review with IT,Cost Reduction,33.9,2028-02-10,2027-03-18
OPP00846,Solara Utilities - SCADA Up 2025,ACC0039,R12,RoW,Additional Products & Services (Upsell),SCADA,2025-06-18T15:53:02.000+0000,2025-07-03,Closed Lost,Omitted,C05,Functionality Gap,Follow up after board meeting,,73.0,2026-07-28,2025-12-06
OPP00706,Halcyon Power - SCADA Up 2025,ACC0088,R01,Americas,Additional Products & Services (Upsell),SCADA,2025-03-29T13:26:20.000+0000,2025-06-10,Closed Won,Closed,C03,,,,,2026-02-20,
OPP01281,Altamira Infrastructure - SCADA New 2026,ACC0105,R14,RoW,New,SCADA,2026-01-21T13:35:39.000+0000,2026-09-28,Closed Won,Closed,C05,,Pricing discussion with procurement,Performance Optimization,,2027-10-14,
OPP00174,Kestrel Solar Partners - SCADA Cross 2024,ACC0071,R06,Americas,Cross Sell,SCADA,2024-04-29T16:04:38.000+0000,2024-09-26,Closed Won,Closed,,,Send revised proposal,Performance Optimization,190.6,2026-03-19,
OPP01872,TEST Account - Sandbox - SaaS Demo,ACC9999,R07,RoW,New,SaaS,2025-10-08T09:09:56.000+0000,2026-02-04,Closed Lost,Omitted,C02,Functionality Gap,Send revised proposal,Performance Optimization,,,
OPP01339,Atlas Power - SaaS New 2026,ACC0136,R05,Americas,New,SaaS,2026-02-21T17:45:35.000+0000,2026-04-16,Closed Won,Closed,,,Pilot scoping call,Portfolio Visibility,,,
OPP01115,Borealis Infrastructure - SCADA Up 2025,ACC0078,R06,Americas,Additional Products & Services (Upsell),SCADA,2025-10-31T11:35:20.000+0000,2025-12-25,Closed Won,Closed,C07,,Schedule technical demo,Performance Optimization,10.8,2026-11-29,2026-01-26
OPP00255,Zephyr Renewables - SaaS Cross 2024,ACC0098,R07,EMEA,Cross Sell,SaaS,2024-06-23T10:23:34.000+0000,2024-10-04,Closed Lost,Omitted,C04,Price,Follow up after board meeting,,,,
OPP01356,Ember Renewables - SaaS Up 2026,ACC0055,R04,Americas,Additional Products & Services (Upsell),SaaS,2026-02-27T17:09:54.000+0000,2026-09-20,Closed Won,Closed,,,Pilot scoping call,Performance Optimization,,,
OPP01672,Cobalt Infrastructure - SCADA New 2026,ACC0130,R10,RoW,New,SCADA,2026-07-22T08:53:22.000+0000,2027-03-24,Qualification,Pipeline,C00,,Site visit,Cost Reduction,26.8,,2027-06-27
OPP01263,Crestline Power - SaaS New 2026,ACC0065,R06,Americas,New,SaaS,2026-01-12T14:59:37.000+0000,2026-09-21,Closed Won,Closed,,,Legal review of contract,Cost Reduction,,,
OPP00033,Halcyon Power - SaaS Up 2024,ACC0088,R01,Americas,Additional Products & Services (Upsell),SaaS,2024-01-28T17:13:12.000+0000,2024-06-17,Closed Won,Closed,C00,,Pricing discussion with procurement,Cost Reduction,,,
OPP00860,Orion Energy Partners - SCADA Up 2025,ACC0059,R06,Americas,Additional Products & Services (Upsell),SCADA,2025-06-25T10:46:13.000+0000,2025-12-22,Closed Won,Closed,C05,,,Portfolio Visibility,146.2,2026-08-24,
OPP01696,Meridian Utilities - SCADA New 2026,ACC0079,R11,RoW,New,SCADA,2026-07-30T16:27:14.000+0000,2026-09-15,Closed Lost,Omitted,,,,,,,2026-12-29
OPP00343,Crestline Power - SaaS Cross 2024,ACC0065,R06,Americas,Cross Sell,SaaS,2024-08-23T10:15:27.000+0000,2024-12-20,Closed Won,Closed,,,Security review with IT,,,,
OPP00125,Everglow Energy Partners - SCADA Cross 2024,ACC0035,R13,RoW,Cross Sell,SCADA,2024-03-27T13:32:58.000+0000,2024-05-29,Closed Lost,Omitted,C03,Functionality Gap,,Portfolio Visibility,16.0,2025-07-03,2025-01-08
OPP00856,Lumen Utilities - SCADA New 2025,ACC0103,R05,Americas,New,SCADA,2025-06-22T08:39:26.000+0000,2025-11-04,Closed Lost,Omitted,C01,,Pilot scoping call,Cost Reduction,32.0,2026-06-26,2026-02-20
OPP00164,Everglow Energy Partners - SCADA New 2024,ACC0035,R10,EMEA,New,SCADA,2024-04-24T15:06:41.000+0000,2024-08-08,Closed Lost,Omitted,,Timing / Project Delayed,,,,2025-02-04,2024-12-28
OPP00352,Kestrel Infrastructure - SCADA New 2024,ACC0002,R11,RoW,New,SCADA,2024-08-27T10:18:57.000+0000,2025-03-30,Closed Lost,Omitted,,Functionality Gap,,,22.5,,
OPP01396,Altamira Infrastructure - SaaS Cross 2026,ACC0105,R08,EMEA,Cross Sell,SaaS,2026-03-12T15:52:47.000+0000,2026-05-29,Closed Won,Closed,C00,,Site visit,Cost Reduction,,,
OPP01053,Cobalt Renewables - SCADA New 2025,ACC0084,R06,Americas,New,SCADA,2025-10-06T16:38:59.000+0000,2026-03-28,Closed Won,Closed,C07,,,Performance Optimization,70.6,2026-09-08,
OPP01789,Meridian Utilities - SCADA Cross 2026,ACC0079,R11,EMEA,Cross Sell,SCADA,2026-09-11T11:48:36.000+0000,2027-02-10,Prospecting,Pipeline,,,Follow up after board meeting,Cost Reduction,15.3,2027-07-13,
OPP00050,Halcyon Power - SCADA New 2024,ACC0088,R01,Americas,New,SCADA,2024-02-11T15:04:05.000+0000,2024-06-17,Closed Won,Closed,,,,,62.2,,
OPP00755,Aurora Energy Partners - SCADA New 2025,ACC0006,R01,Americas,New,SCADA,2025-04-29T10:08:40.000+0000,2025-09-30,Closed Won,Closed,C01,,,Cost Reduction,21.3,,2026-03-13
OPP01842,Crestline Power - SCADA Renewal 2024,ACC0065,R06,Americas,Renewal,SCADA,2024-07-30T13:48:38.000+0000,2024-10-07,Closed Lost,Omitted,C03,,Legal review of contract,,41.5,,2025-02-08
OPP00533,Orion Green Capital - SaaS Up 2024,ACC0114,R03,Americas,Additional Products & Services (Upsell),SaaS,2024-12-15T17:14:24.000+0000,2025-01-24,Closed Lost,Omitted,C06,,,,,,
OPP00908,Helios Renewables - SaaS New 2025,ACC0007,R05,Americas,New,SaaS,2025-07-22T12:35:24.000+0000,2025-12-01,Closed Lost,Omitted,C00,No Decision / Budget,,Cost Reduction,,,
OPP00439,Pinnacle Clean Assets - SaaS Up 2024,ACC0036,R09,RoW,Additional Products & Services (Upsell),SaaS,2024-10-28T13:04:44.000+0000,2024-11-27,Closed Won,Closed,,,Send revised proposal,Cost Reduction,,,
OPP01543,Halcyon Clean Assets - SCADA Cross 2026,ACC0158,R08,RoW,Cross Sell,SCADA,2026-05-24T11:51:02.000+0000,2026-09-28,Closed Won,Closed,C00,,Security review with IT,Regulatory Compliance,24.1,,2026-11-25
OPP01426,Pinnacle Energy Partners - SaaS Up 2026,ACC0027,R13,RoW,Additional Products & Services (Upsell),SaaS,2026-04-01T08:53:03.000+0000,2026-05-13,Closed Won,Closed,C00,,Security review with IT,Performance Optimization,,,
OPP00479,Azure Energy Partners - SaaS Up 2024,ACC0104,R11,EMEA,Additional Products & Services (Upsell),SaaS,2024-11-16T08:13:00.000+0000,2024-12-28,Closed Won,Closed,C05,,Pricing discussion with procurement,Performance Optimization,,,
OPP00487,Altamira Energy - SCADA Up 2024,ACC0144,R09,EMEA,Additional Products & Services (Upsell),SCADA,2024-11-22T16:31:45.000+0000,2024-12-23,Closed Lost,Omitted,C07,,Schedule technical demo,,136.7,2025-03-24,2025-08-15
OPP00234,Borealis Infrastructure - SCADA Cross 2024,ACC0078,R01,Americas,Cross Sell,SCADA,2024-06-05T11:18:10.000+0000,2024-09-26,Closed Won,Closed,C00,,Schedule technical demo,,42.9,2025-06-15,
OPP00307,Azure Solar Partners - SCADA New 2024,ACC0097,R07,EMEA,New,SCADA,2024-07-26T13:08:00.000+0000,2024-11-30,Closed Lost,Omitted,C05,Functionality Gap,,Cost Reduction,114.4,2026-01-31,2025-01-01
OPP01817,Crestline Power - SCADA New 2025,ACC0065,R06,Americas,New,SCADA,2025-05-28T12:15:30.000+0000,2025-11-30,Closed Lost,Omitted,C01,Duplicate,,,41.5,,2026-01-30
OPP01178,Solara Power - SaaS Up 2025,ACC0139,R11,RoW,Additional Products & Services (Upsell),SaaS,2025-12-04T10:50:12.000+0000,2026-04-18,Closed Won,Closed,C02,,Schedule technical demo,,,,
OPP01092,Altamira Solar Partners - SCADA New 2025,ACC0135,R12,EMEA,New,SCADA,2025-10-21T17:10:14.000+0000,2026-03-31,Closed Lost,Omitted,,Price,Legal review of contract,Regulatory Compliance,105.4,2027-07-11,2026-05-31
OPP01846,Solara Utilities - SCADA Renewal 2025,ACC0039,R12,RoW,Renewal,SCADA,2025-09-28T13:26:52.000+0000,2026-06-27,Closed Won,Closed,C05,,Follow up after board meeting,Performance Optimization,19.2,2027-02-17,2027-02-04
OPP01161,Prairie Energy - SaaS New 2025,ACC0095,R05,Americas,New,SaaS,2025-11-26T14:28:28.000+0000,2026-01-17,Closed Lost,Omitted,C06,,Pilot scoping call,Cost Reduction,,,
OPP00079,Vireo Wind Holdings - SCADA Up 2024,ACC0087,R07,RoW,Additional Products & Services (Upsell),SCADA,2024-02-25T08:44:32.000+0000,2024-05-18,Closed Lost,Omitted,C05,Functionality Gap,Schedule technical demo,Regulatory Compliance,97.0,2025-04-29,2024-10-11
OPP00060,Zephyr Solar Partners - SaaS Cross 2024,ACC0041,R01,Americas,Cross Sell,SaaS,2024-02-16T17:04:42.000+0000,2024-05-27,Closed Lost,Omitted,C07,,,,,,
OPP00793,Zephyr Renewables - SaaS New 2025,ACC0098,R07,EMEA,New,SaaS,2025-05-18T11:23:32.000+0000,2026-03-31,Closed Won,Closed,,,Security review with IT,,,,
OPP01601,Meridian Utilities - SaaS Up 2026,ACC0079,R11,RoW,Additional Products & Services (Upsell),SaaS,2026-06-18T15:16:37.000+0000,2026-11-09,Proposal,Best Case,C00,,Site visit,Portfolio Visibility,,,
OPP00074,Azure Solar Partners - SaaS New 2024,ACC0097,R07,RoW,New,SaaS,2024-02-23T15:13:48.000+0000,2024-06-17,Closed Lost,Omitted,C04,Price,Pricing discussion with procurement,Performance Optimization,,,
OPP00345,Halcyon Renewables - SaaS New 2024,ACC0014,R01,Americas,New,SaaS,2024-08-23T14:30:22.000+0000,2024-12-22,Closed Won,Closed,C04,,Pilot scoping call,Cost Reduction,,,
OPP01455,Crestline Power - SCADA New 2026,ACC0065,R06,Americas,New,SCADA,2026-04-12T08:01:03.000+0000,2026-06-30,Closed Won,Closed,C06,,,Cost Reduction,41.5,2027-01-24,2027-02-22
OPP00211,Helios Renewables - SCADA New 2024,ACC0007,R05,Americas,New,SCADA,2024-05-19T16:00:53.000+0000,2024-12-27,Closed Lost,Omitted,C01,Price,Security review with IT,Cost Reduction,32.8,2025-11-02,
OPP00070,Cobalt Infrastructure - SCADA Up 2024,ACC0130,R07,EMEA,Additional Products & Services (Upsell),SCADA,2024-02-22T15:45:20.000+0000,2024-08-27,Closed Lost,Omitted,C03,,Site visit,Performance Optimization,39.5,,2024-11-16
OPP00163,Kestrel Solar Partners - SaaS Cross 2024,ACC0071,R01,Americas,Cross Sell,SaaS,2024-04-23T16:26:58.000+0000,2024-06-15,Closed Won,Closed,,,,Cost Reduction,,,
OPP00553,Tidewater Power - SCADA Cross 2024,ACC0149,R03,Americas,Cross Sell,SCADA,2024-12-27T15:20:54.000+0000,2025-02-20,Closed Lost,Omitted,,,Security review with IT,Cost Reduction,,,
OPP01306,Prairie Energy - SaaS New 2026,ACC0095,R05,Americas,New,SaaS,2026-02-01T13:26:01.000+0000,2026-07-23,Closed Lost,Omitted,C02,Functionality Gap,Site visit,Portfolio Visibility,,,
OPP00974,Halcyon Power - SCADA New 2025,ACC0088,R04,Americas,New,SCADA,2025-08-27T12:34:24.000+0000,2025-12-12,Closed Lost,Omitted,,Functionality Gap,Pilot scoping call,,122.4,,2026-02-01
OPP01614,Kestrel Solar Partners - SCADA New 2026,ACC0071,R01,Americas,New,SCADA,2026-06-23T12:47:16.000+0000,2026-10-21,Negotiation,Commit,C01,,Pilot scoping call,Performance Optimization,183.8,2027-09-27,2027-04-02
OPP00306,Tidewater Utilities - SCADA New 2024,ACC0100,R10,RoW,New,SCADA,2024-07-26T11:24:12.000+0000,2024-11-03,Closed Lost,Omitted,,Price,,Regulatory Compliance,,,
OPP00426,Altamira Infrastructure - SaaS Cross 2024,ACC0105,R14,EMEA,Cross Sell,SaaS,2024-10-17T10:46:37.000+0000,2025-03-26,Closed Won,Closed,,,Schedule technical demo,Performance Optimization,,,
OPP01762,Prairie Energy - SCADA New 2026,ACC0095,R05,Americas,New,SCADA,2026-08-31T08:53:52.000+0000,2026-12-19,Qualification,Pipeline,,,Send revised proposal,Regulatory Compliance,,,
OPP01584,Ember Energy Partners - SaaS Cross 2026,ACC0126,R08,EMEA,Cross Sell,SaaS,2026-06-11T09:25:37.000+0000,2026-08-22,Closed Won,Closed,C07,,,Performance Optimization,,,
OPP01561,Zephyr Renewables - SCADA Up 2026,ACC0098,R07,EMEA,Additional Products & Services (Upsell),SCADA,2026-06-02T10:07:01.000+0000,2026-08-15,Closed Lost,Omitted,C05,No Decision / Budget,Schedule technical demo,Performance Optimization,39.5,2027-05-25,2027-03-09
OPP01090,Ember Power - SCADA New 2025,ACC0004,R09,EMEA,New,SCADA,2025-10-20T10:39:51.000+0000,2026-04-08,Closed Lost,Omitted,,,,Regulatory Compliance,24.1,2027-08-04,2026-10-27
OPP00046,Zephyr Renewables - SaaS Up 2024,ACC0098,R07,EMEA,Additional Products & Services (Upsell),SaaS,2024-02-06T12:36:49.000+0000,2024-03-24,Closed Won,Closed,C06,,,Portfolio Visibility,,,
OPP00850,Solstice Green Capital - SaaS Up 2025,ACC0090,R07,EMEA,Additional Products & Services (Upsell),SaaS,2025-06-20T11:44:31.000+0000,2025-09-30,Closed Won,Closed,C05,,Pricing discussion with procurement,Cost Reduction,,,
OPP00562,Ember Energy Partners - SCADA Up 2025,ACC0126,R08,RoW,Additional Products & Services (Upsell),SCADA,2025-01-06T08:04:21.000+0000,2025-06-08,Closed Won,Closed,C00,,,,13.5,2026-10-03,2025-07-25
OPP00760,Lumen Solar Partners - SCADA New 2025,ACC0026,R03,Americas,New,SCADA,2025-04-30T12:19:41.000+0000,2025-09-30,Closed Won,Closed,,,,,,,
OPP00638,Orion Solar Partners - SaaS New 2025,ACC0125,R08,RoW,New,SaaS,2025-02-10T14:29:34.000+0000,2025-03-20,Closed Lost,Omitted,,Functionality Gap,Legal review of contract,Cost Reduction,,,
OPP01809,Altamira Energy - SaaS Cross 2025,ACC0144,R09,EMEA,Cross Sell,SaaS,2025-09-04T16:54:55.000+0000,2025-11-21,Closed Lost,Omitted,,Duplicate,Send revised proposal,,,,
OPP00221,Azure Power - SaaS Cross 2024,ACC0106,R14,EMEA,Cross Sell,SaaS,2024-05-25T11:20:44.000+0000,2024-10-22,Closed Won,Closed,,,,,,,
OPP00077,Tidewater Green Capital - SCADA Cross 2024,ACC0113,R08,RoW,Cross Sell,SCADA,2024-02-24T09:08:13.000+0000,2024-12-10,Closed Lost,Omitted,C06,,Pilot scoping call,Regulatory Compliance,204.5,,
OPP01799,Sierra Utilities - SCADA Up 2026,ACC0077,R01,Americas,Additional Products & Services (Upsell),SCADA,2026-09-14T15:03:55.000+0000,2027-03-26,Prospecting,Best Case,C01,,Pricing discussion with procurement,,49.4,2027-09-25,
OPP01574,Prairie Renewables - SaaS Up 2026,ACC0049,R11,RoW,Additional Products & Services (Upsell),SaaS,2026-06-07T13:53:31.000+0000,2026-09-17,Closed Won,Closed,C02,,Legal review of contract,Performance Optimization,,,
OPP00100,Kestrel Energy Partners - SaaS New 2024,ACC0052,R09,RoW,New,SaaS,2024-03-12T17:10:07.000+0000,2024-05-05,Closed Won,Closed,C06,,Follow up after board meeting,,,,
OPP01860,Crestline Power - SCADA Renewal 2024,ACC0065,R06,Americas,Renewal,SCADA,2024-08-28T14:54:34.000+0000,2024-12-25,Closed Won,Closed,C00,,,Performance Optimization,41.5,2026-03-18,
OPP00839,Pinnacle Green Capital - SCADA Cross 2025,ACC0124,R06,Americas,Cross Sell,SCADA,2025-06-13T08:06:00.000+0000,2026-01-04,Closed Won,Closed,C03,,Schedule technical demo,Cost Reduction,,2026-07-29,
OPP01341,Orion Energy Partners - SCADA Up 2026,ACC0059,R06,Americas,Additional Products & Services (Upsell),SCADA,2026-02-22T16:46:35.000+0000,2026-04-20,Closed Won,Closed,C01,,,Regulatory Compliance,54.1,2027-09-13,2026-11-08
OPP00368,Altamira Energy - SaaS Cross 2024,ACC0144,R09,RoW,Cross Sell,SaaS,2024-09-06T17:05:59.000+0000,2024-12-23,Closed Won,Closed,C05,,Send revised proposal,Regulatory Compliance,,,
OPP01266,Sierra Solar Partners - SaaS Up 2026,ACC0132,R10,RoW,Additional Products & Services (Upsell),SaaS,2026-01-15T09:20:06.000+0000,2026-02-25,Closed Lost,Omitted,C04,Lost to Incumbent,,Performance Optimization,,,
OPP00693,Zephyr Renewables - SaaS Cross 2025,ACC0098,R07,EMEA,Cross Sell,SaaS,2025-03-21T08:20:04.000+0000,2025-04-14,Closed Lost,Omitted,C06,Price,Security review with IT,Portfolio Visibility,,,
OPP01256,Borealis Clean Assets - SCADA Up 2026,ACC0011,R09,EMEA,Additional Products & Services (Upsell),SCADA,2026-01-11T11:23:48.000+0000,2026-03-19,Closed Won,Closed,,,,,21.5,,2026-05-22
OPP01693,Ember Renewables - SCADA New 2026,ACC0055,R02,Americas,New,SCADA,2026-07-28T17:24:50.000+0000,2027-03-02,Qualification,Pipeline,C01,,Security review with IT,Cost Reduction,,2027-10-01,2027-05-10
OPP00463,Zephyr Infrastructure - SCADA Cross 2024,ACC0081,R07,EMEA,Cross Sell,SCADA,2024-11-08T13:41:22.000+0000,2025-05-08,Closed Won,Closed,C03,,Follow up after board meeting,Cost Reduction,100.7,2025-09-12,2025-09-18
OPP01240,Zephyr Infrastructure - SaaS Up 2026,ACC0081,R07,EMEA,Additional Products & Services (Upsell),SaaS,2026-01-04T16:36:34.000+0000,2026-03-17,Closed Won,Closed,C00,,Follow up after board meeting,Regulatory Compliance,,,
OPP00031,Solstice Green Capital - SaaS New 2024,ACC0090,R07,EMEA,New,SaaS,2024-01-23T14:53:07.000+0000,2024-05-04,Closed Won,Closed,C00,,Send revised proposal,Performance Optimization,,,
OPP01499,Cobalt Infrastructure - SCADA Cross 2026,ACC0130,R07,RoW,Cross Sell,SCADA,2026-04-30T09:28:38.000+0000,2026-12-26,Proposal,Best Case,C00,,Security review with IT,Regulatory Compliance,39.5,2027-10-19,2027-06-25
OPP01795,Orion Wind Holdings - SaaS Cross 2026,ACC0140,R05,Americas,Cross Sell,SaaS,2026-09-13T15:46:20.000+0000,2026-12-18,Prospecting,Pipeline,C05,,Follow up after board meeting,Regulatory Compliance,,,
OPP01222,Ember Energy Partners - SCADA New 2025,ACC0126,R08,RoW,New,SCADA,2025-12-26T11:40:32.000+0000,2026-07-17,Closed Won,Closed,C06,,Pricing discussion with procurement,Portfolio Visibility,38.7,2027-11-16,2026-11-25
OPP00375,Ember Energy - SCADA Up 2024,ACC0116,R02,Americas,Additional Products & Services (Upsell),SCADA,2024-09-12T15:42:44.000+0000,2024-11-19,Closed Won,Closed,C07,,Security review with IT,,130.6,,2025-02-22
OPP00558,Zephyr Solar Partners - SCADA New 2025,ACC0041,R01,Americas,New,SCADA,2025-01-02T09:58:42.000+0000,2025-06-07,Closed Lost,Omitted,,Timing / Project Delayed,Legal review of contract,Regulatory Compliance,75.1,2026-09-02,2025-09-15
OPP01264,Solara Infrastructure - SCADA Up 2026,ACC0091,R04,Americas,Additional Products & Services (Upsell),SCADA,2026-01-14T17:17:38.000+0000,2026-05-29,Closed Won,Closed,C00,,Pricing discussion with procurement,,,2027-05-02,2026-09-30
OPP00434,Prairie Energy - SCADA New 2024,ACC0095,R06,Americas,New,SCADA,2024-10-24T09:50:19.000+0000,2025-02-21,Closed Lost,Omitted,C01,Price,,,29.3,,2025-10-07
OPP00416,Aurora Wind Holdings - SaaS Cross 2024,ACC0012,R12,EMEA,Cross Sell,SaaS,2024-10-10T14:57:59.000+0000,2025-01-08,Closed Lost,Omitted,C06,,Follow up after board meeting,Cost Reduction,,,
OPP01461,Altamira Energy - SaaS Up 2026,ACC0144,R09,EMEA,Additional Products & Services (Upsell),SaaS,2026-04-14T10:05:31.000+0000,2026-05-19,Closed Won,Closed,C05,,Send revised proposal,Performance Optimization,,,
OPP01478,Halcyon Power - SCADA Cross 2026,ACC0088,R01,Americas,Cross Sell,SCADA,2026-04-23T08:23:14.000+0000,2027-03-30,Solution Design,Best Case,C06,,Follow up after board meeting,,60.2,2028-01-12,2027-08-20
OPP00298,Orion Energy Partners - SaaS Cross 2024,ACC0059,R06,Americas,Cross Sell,SaaS,2024-07-21T14:34:35.000+0000,2024-09-14,Closed Won,Closed,,,Pricing discussion with procurement,,,,
OPP01484,Everglow Solar Partners - SCADA New 2026,ACC0119,R13,EMEA,New,SCADA,2026-04-24T17:29:08.000+0000,2026-12-21,Proposal,Best Case,C01,,Schedule technical demo,Portfolio Visibility,169.6,2027-11-11,2027-08-11
OPP00045,Prairie Green Capital - SCADA Cross 2024,ACC0143,R11,RoW,Cross Sell,SCADA,2024-02-06T11:24:37.000+0000,2024-06-16,Closed Lost,Omitted,,,Schedule technical demo,Portfolio Visibility,,2024-09-24,
OPP00169,Crestline Power - SCADA Up 2024,ACC0065,R06,Americas,Additional Products & Services (Upsell),SCADA,2024-04-27T10:22:42.000+0000,2024-09-26,Closed Won,Closed,C01,,,,41.5,2025-09-05,2024-11-11
OPP01542,Azure Solar Partners - SCADA Up 2026,ACC0097,R07,EMEA,Additional Products & Services (Upsell),SCADA,2026-05-23T12:35:21.000+0000,2026-12-19,Proposal,Best Case,C05,,Send revised proposal,Cost Reduction,15.2,2028-05-11,2027-06-26
OPP01248,Solstice Green Capital - SCADA Cross 2026,ACC0090,R07,RoW,Cross Sell,SCADA,2026-01-07T12:05:00.000+0000,2026-03-05,Closed Lost,Omitted,C06,Price,Site visit,Performance Optimization,161.0,2027-05-11,
OPP01834,Kestrel Infrastructure - SCADA Up 2024,ACC0002,R11,RoW,Additional Products & Services (Upsell),SCADA,2024-11-25T17:19:59.000+0000,2025-02-20,Closed Lost,Omitted,,Duplicate,,,,2025-06-16,
OPP00539,Solstice Energy Partners - SaaS New 2024,ACC0154,R13,EMEA,New,SaaS,2024-12-19T12:31:26.000+0000,2025-02-21,Closed Lost,Omitted,C05,Functionality Gap,,Performance Optimization,,,
OPP00591,Lumen Solar Partners - SaaS Cross 2025,ACC0026,R03,Americas,Cross Sell,SaaS,2025-01-20T13:50:28.000+0000,2025-07-06,Closed Won,Closed,,,,,,,
OPP01425,Aurora Clean Assets - SaaS New 2026,ACC0015,R10,RoW,New,SaaS,2026-03-31T08:38:55.000+0000,2026-07-15,Closed Won,Closed,C02,,Site visit,Portfolio Visibility,,,
OPP00916,Pinnacle Green Capital - SCADA Up 2025,ACC0124,R06,Americas,Additional Products & Services (Upsell),SCADA,2025-07-26T12:15:01.000+0000,2025-12-31,Closed Won,Closed,C03,,Legal review of contract,Regulatory Compliance,45.1,,2026-05-27
OPP01856,Prairie Energy - SaaS Renewal 2024,ACC0095,R05,Americas,Renewal,SaaS,2024-07-22T13:14:02.000+0000,2024-10-16,Closed Lost,Omitted,C00,No Decision / Budget,,Portfolio Visibility,,,
OPP00923,Zephyr Renewables - SCADA Cross 2025,ACC0098,R07,RoW,Cross Sell,SCADA,2025-07-29T11:35:02.000+0000,2026-03-29,Closed Won,Closed,C06,,Pricing discussion with procurement,Portfolio Visibility,49.1,2027-04-11,2026-11-15
OPP01335,Kestrel Clean Assets - SaaS New 2026,ACC0050,R05,Americas,New,SaaS,2026-02-17T14:11:19.000+0000,2026-04-25,Closed Lost,Omitted,C07,No Decision / Budget,Site visit,Regulatory Compliance,,,
OPP01418,Prairie Energy - SaaS Up 2026,ACC0095,R05,Americas,Additional Products & Services (Upsell),SaaS,2026-03-28T09:25:00.000+0000,2026-04-27,Closed Won,Closed,,,Legal review of contract,Performance Optimization,,,
OPP00186,Altamira Energy - SCADA Cross 2024,ACC0144,R09,EMEA,Cross Sell,SCADA,2024-05-04T17:36:49.000+0000,2024-07-23,Closed Lost,Omitted,C03,,Legal review of contract,,,2025-03-03,
OPP00568,Solara Energy - SaaS Up 2025,ACC0099,R11,EMEA,Additional Products & Services (Upsell),SaaS,2025-01-08T09:34:23.000+0000,2025-03-13,Closed Won,Closed,C07,,,,,,
OPP01134,Altamira Infrastructure - SaaS Cross 2025,ACC0105,R14,EMEA,Cross Sell,SaaS,2025-11-10T08:49:25.000+0000,2025-12-21,Closed Won,Closed,,,Security review with IT,,,,
OPP01346,Halcyon Power - SaaS Cross 2026,ACC0088,R01,Americas,Cross Sell,SaaS,2026-02-24T16:55:01.000+0000,2026-03-19,Closed Lost,Omitted,,Timing / Project Delayed,,Cost Reduction,,,
OPP00632,Solara Clean Assets - SCADA Up 2025,ACC0010,R03,Americas,Additional Products & Services (Upsell),SCADA,2025-02-07T10:45:18.000+0000,2025-04-23,Closed Won,Closed,,,Pricing discussion with procurement,Regulatory Compliance,35.7,,2025-10-20
OPP01755,Altamira Renewables - SCADA New 2026,ACC0160,R14,RoW,New,SCADA,2026-08-26T11:52:01.000+0000,2027-07-05,Prospecting,Pipeline,C06,,Security review with IT,Performance Optimization,82.7,2028-10-01,
OPP01823,Zephyr Renewables - SaaS New 2026,ACC0098,R07,EMEA,New,SaaS,2026-04-09T10:13:20.000+0000,2026-06-15,Closed Lost,Omitted,C04,Duplicate,Site visit,Regulatory Compliance,,,
OPP00918,Kestrel Infrastructure - SCADA Up 2025,ACC0002,R11,RoW,Additional Products & Services (Upsell),SCADA,2025-07-27T17:17:09.000+0000,2025-11-27,Closed Lost,Omitted,C05,Price,,Performance Optimization,390.5,2026-11-07,
OPP01282,Orion Green Capital - SaaS Up 2026,ACC0114,R03,Americas,Additional Products & Services (Upsell),SaaS,2026-01-21T15:33:38.000+0000,2026-06-28,Closed Won,Closed,C06,,Schedule technical demo,,,,
OPP00865,Halcyon Power - SaaS Cross 2025,ACC0088,R01,Americas,Cross Sell,SaaS,2025-06-30T08:48:06.000+0000,2025-11-08,Closed Lost,Omitted,C07,No Decision / Budget,Pricing discussion with procurement,Cost Reduction,,,
OPP01363,Aurora Energy Partners - SCADA Cross 2026,ACC0006,R01,Americas,Cross Sell,SCADA,2026-03-02T12:42:14.000+0000,2026-04-21,Closed Lost,Omitted,C01,Price,Schedule technical demo,Cost Reduction,116.6,2027-09-16,
OPP01713,Orion Green Capital - SaaS Up 2026,ACC0114,R03,Americas,Additional Products & Services (Upsell),SaaS,2026-08-07T10:22:01.000+0000,2026-09-04,Closed Won,Closed,C05,,Site visit,,,,
OPP01519,Solstice Renewables - SCADA Cross 2026,ACC0053,R13,EMEA,Cross Sell,SCADA,2026-05-10T11:36:03.000+0000,2026-09-01,Negotiation,Commit,C03,,Follow up after board meeting,Cost Reduction,25.0,2027-02-12,
OPP00124,Solara Renewables - SaaS New 2024,ACC0075,R07,RoW,New,SaaS,2024-03-26T15:04:06.000+0000,2024-06-21,Closed Lost,Omitted,,Functionality Gap,Pilot scoping call,Regulatory Compliance,,,
OPP00299,Prairie Energy - SaaS Up 2024,ACC0095,R05,Americas,Additional Products & Services (Upsell),SaaS,2024-07-22T13:14:02.000+0000,2024-10-16,Closed Lost,Omitted,C00,No Decision / Budget,,Portfolio Visibility,,,
OPP01487,Halcyon Power - SCADA Up 2026,ACC0088,R01,Americas,Additional Products & Services (Upsell),SCADA,2026-04-25T13:06:58.000+0000,2026-08-21,Closed Won,Closed,,,Pilot scoping call,Performance Optimization,30.6,2027-08-10,
OPP01202,Prairie Energy - SCADA Cross 2025,ACC0095,R05,Americas,Cross Sell,SCADA,2025-12-16T11:24:38.000+0000,2026-05-23,Closed Won,Closed,C07,,Schedule technical demo,Cost Reduction,32.8,2027-03-27,2027-01-09
OPP00904,Zephyr Renewables - SCADA Cross 2025,ACC0098,R09,EMEA,Cross Sell,SCADA,2025-07-20T08:30:39.000+0000,2026-04-10,Closed Won,Closed,C06,,,Performance Optimization,123.6,,
OPP00907,Ember Solar Partners - SCADA Cross 2025,ACC0086,R10,EMEA,Cross Sell,SCADA,2025-07-22T08:23:32.000+0000,2025-09-09,Closed Lost,Omitted,C06,No Decision / Budget,,,18.3,,2025-12-06
OPP00395,Prairie Power - SaaS New 2024,ACC0120,R03,Americas,New,SaaS,2024-09-27T14:00:44.000+0000,2024-12-19,Closed Lost,Omitted,C02,Functionality Gap,Security review with IT,,,,
OPP01826,Borealis Utilities - SCADA Up 2024,ACC0129,R08,EMEA,Additional Products & Services (Upsell),SCADA,2024-05-29T09:49:37.000+0000,2024-07-31,Closed Lost,Omitted,C00,Duplicate,Pilot scoping call,Regulatory Compliance,7.0,2025-03-09,
OPP00195,Solara Utilities - SaaS New 2024,ACC0039,R12,RoW,New,SaaS,2024-05-10T08:48:05.000+0000,2024-09-02,Closed Lost,Omitted,C05,Functionality Gap,,Performance Optimization,,,
OPP00433,Solara Green Capital - SaaS Up 2024,ACC0101,R07,RoW,Additional Products & Services (Upsell),SaaS,2024-10-23T17:00:45.000+0000,2025-01-29,Closed Won,Closed,C04,,,,,,
OPP00383,Solara Energy - SaaS New 2024,ACC0099,R11,EMEA,New,SaaS,2024-09-18T09:21:18.000+0000,2024-12-02,Closed Lost,Omitted,C04,,,,,,
OPP01617,Azure Energy Partners - SCADA New 2026,ACC0104,R11,RoW,New,SCADA,2026-06-24T08:26:50.000+0000,2026-12-17,Solution Design,Best Case,,,Send revised proposal,Portfolio Visibility,9.1,,2027-03-09
OPP01459,Kestrel Infrastructure - SCADA Up 2026,ACC0002,R11,RoW,Additional Products & Services (Upsell),SCADA,2026-04-13T17:44:50.000+0000,2026-05-24,Closed Lost,Omitted,C06,No Decision / Budget,,Portfolio Visibility,56.0,2027-04-15,2026-09-26
OPP00267,Kestrel Energy - SaaS Cross 2024,ACC0128,R10,EMEA,Cross Sell,SaaS,2024-07-02T17:18:01.000+0000,2024-10-26,Closed Lost,Omitted,,,,Cost Reduction,,,
OPP00414,Azure Solar Partners - SCADA Up 2024,ACC0097,R12,RoW,Additional Products & Services (Upsell),SCADA,2024-10-08T09:36:31.000+0000,2024-11-13,Closed Won,Closed,C00,,Send revised proposal,,114.4,2025-06-28,2025-03-24
OPP00068,Helios Renewables - SaaS Up 2024,ACC0007,R05,Americas,Additional Products & Services (Upsell),SaaS,2024-02-22T15:10:57.000+0000,2024-05-01,Closed Won,Closed,C06,,Pricing discussion with procurement,,,,
OPP01831,Crestline Solar Partners - SaaS New 2024,ACC0029,R08,EMEA,New,SaaS,2024-11-30T11:42:56.000+0000,2025-04-02,Closed Lost,Omitted,C05,Duplicate,Legal review of contract,Cost Reduction,,,
OPP01466,Helios Clean Assets - SaaS New 2026,ACC0063,R09,RoW,New,SaaS,2026-04-18T16:52:20.000+0000,2026-05-06,Closed Lost,Omitted,C00,No Decision / Budget,,Regulatory Compliance,,,
OPP01367,Halcyon Power - SCADA New 2026,ACC0088,R01,Americas,New,SCADA,2026-03-03T11:44:33.000+0000,2026-09-12,Closed Won,Closed,C01,,Pricing discussion with procurement,Regulatory Compliance,,2027-12-15,2026-12-04
OPP01230,Meridian Solar Partners - SaaS New 2025,ACC0066,R11,EMEA,New,SaaS,2025-12-30T12:43:15.000+0000,2026-04-04,Closed Won,Closed,C06,,Site visit,,,,
OPP01326,Cobalt Utilities - SCADA New 2026,ACC0042,R11,EMEA,New,SCADA,2026-02-12T13:00:22.000+0000,2026-06-16,Closed Lost,Omitted,C03,Lost to Incumbent,Schedule technical demo,Regulatory Compliance,60.9,2027-01-10,2026-12-25
OPP01492,Lumen Utilities - SCADA Cross 2026,ACC0103,R05,Americas,Cross Sell,SCADA,2026-04-26T13:33:03.000+0000,2026-09-17,Closed Won,Closed,C07,,Legal review of contract,Performance Optimization,47.5,2027-07-25,2027-04-22
OPP00465,Prairie Energy - SaaS New 2024,ACC0095,R05,Americas,New,SaaS,2024-11-09T13:47:28.000+0000,2025-02-09,Closed Lost,Omitted,C02,Lost to Incumbent,,Cost Reduction,,,
OPP01331,Ember Renewables - SaaS New 2026,ACC0055,R02,Americas,New,SaaS,2026-02-15T14:21:58.000+0000,2026-09-29,Closed Won,Closed,C05,,Schedule technical demo,Regulatory Compliance,,,
OPP01560,Atlas Power - SaaS New 2026,ACC0136,R05,Americas,New,SaaS,2026-06-01T16:26:14.000+0000,2026-10-05,Negotiation,Commit,C06,,,Cost Reduction,,,
OPP01674,Zephyr Renewables - SaaS Up 2026,ACC0098,R07,RoW,Additional Products & Services (Upsell),SaaS,2026-07-23T11:46:14.000+0000,2026-10-22,Proposal,Best Case,C05,,Schedule technical demo,Cost Reduction,,,
OPP00589,Solara Green Capital - SaaS New 2025,ACC0101,R13,RoW,New,SaaS,2025-01-20T14:12:39.000+0000,2025-05-10,Closed Lost,Omitted,,,Pricing discussion with procurement,,,,
OPP01868,TEST Account - Sandbox - SCADA Demo,ACC9999,R04,Americas,New,SCADA,2026-04-04T15:30:32.000+0000,2026-12-30,Proposal,Pipeline,C00,,Send revised proposal,Portfolio Visibility,21.5,2027-09-23,2027-04-25
OPP01443,Halcyon Power - SaaS Cross 2026,ACC0088,R02,Americas,Cross Sell,SaaS,2026-04-07T16:46:23.000+0000,2026-07-24,Closed Lost,Omitted,C07,No Decision / Budget,Send revised proposal,Performance Optimization,,,
OPP01490,Orion Energy Partners - SaaS New 2026,ACC0059,R04,Americas,New,SaaS,2026-04-26T12:36:31.000+0000,2026-12-19,Proposal,Best Case,,,Site visit,Regulatory Compliance,,,
OPP01566,Zephyr Renewables - SaaS New 2026,ACC0098,R07,EMEA,New,SaaS,2026-06-04T11:52:15.000+0000,2026-12-19,Solution Design,Best Case,C04,,Pilot scoping call,,,,
OPP01349,Cobalt Power - SCADA New 2026,ACC0068,R01,Americas,New,SCADA,2026-02-25T13:56:40.000+0000,2026-07-16,Closed Won,Closed,C01,,Schedule technical demo,Performance Optimization,,2027-07-23,
OPP00428,Orion Solar Partners - SaaS Cross 2024,ACC0125,R08,EMEA,Cross Sell,SaaS,2024-10-19T10:32:34.000+0000,2025-03-11,Closed Won,Closed,C04,,Follow up after board meeting,Performance Optimization,,,
OPP01736,Solara Utilities - SCADA New 2026,ACC0039,R12,EMEA,New,SCADA,2026-08-16T13:27:06.000+0000,2027-06-19,Prospecting,Pipeline,C05,,Schedule technical demo,Cost Reduction,131.6,2027-11-09,2027-08-28
OPP00615,Zephyr Solar Partners - SCADA Up 2025,ACC0041,R01,Americas,Additional Products & Services (Upsell),SCADA,2025-01-30T11:29:36.000+0000,2025-04-20,Closed Won,Closed,C07,,,Cost Reduction,25.1,,
OPP00612,Pinnacle Green Capital - SCADA Up 2025,ACC0124,R06,Americas,Additional Products & Services (Upsell),SCADA,2025-01-28T10:55:12.000+0000,2025-04-11,Closed Won,Closed,C03,,Pilot scoping call,,,2026-05-06,
OPP00814,Ember Energy Partners - SaaS New 2025,ACC0126,R08,EMEA,New,SaaS,2025-05-30T17:29:38.000+0000,2025-08-22,Closed Lost,Omitted,C05,Lost to Incumbent,Pilot scoping call,Cost Reduction,,,
OPP00262,Kestrel Power - SaaS New 2024,ACC0005,R03,Americas,New,SaaS,2024-06-28T11:16:42.000+0000,2025-01-24,Closed Won,Closed,C06,,Schedule technical demo,Portfolio Visibility,,,
OPP01843,Kestrel Utilities - SaaS Renewal 2025,ACC0083,R01,Americas,Renewal,SaaS,2025-08-08T17:35:19.000+0000,2025-09-03,Closed Lost,Omitted,C02,Functionality Gap,Legal review of contract,,,,
OPP00241,Solara Renewables - SCADA Cross 2024,ACC0075,R07,RoW,Cross Sell,SCADA,2024-06-10T13:30:20.000+0000,2024-08-25,Closed Lost,Omitted,C03,Lost to Incumbent,Security review with IT,,85.1,2025-04-10,2025-03-16
OPP00728,Zephyr Renewables - SCADA New 2025,ACC0098,R07,EMEA,New,SCADA,2025-04-12T15:33:07.000+0000,2025-05-21,Closed Won,Closed,,,Pilot scoping call,Cost Reduction,,2026-08-30,2026-01-06
OPP00618,Pinnacle Energy Partners - SaaS Up 2025,ACC0027,R13,RoW,Additional Products & Services (Upsell),SaaS,2025-01-30T17:08:36.000+0000,2025-04-28,Closed Lost,Omitted,C02,Functionality Gap,,Portfolio Visibility,,,
OPP00680,Altamira Energy - SaaS Up 2025,ACC0144,R09,EMEA,Additional Products & Services (Upsell),SaaS,2025-03-11T12:38:32.000+0000,2025-06-29,Closed Won,Closed,C06,,Pilot scoping call,Performance Optimization,,,
OPP01019,Everglow Clean Assets - SaaS Cross 2025,ACC0070,R03,Americas,Cross Sell,SaaS,2025-09-15T17:51:01.000+0000,2025-12-06,Closed Lost,Omitted,C06,No Decision / Budget,,,,,
OPP00472,Prairie Green Capital - SaaS New 2024,ACC0143,R11,EMEA,New,SaaS,2024-11-11T09:45:32.000+0000,2025-04-21,Closed Lost,Omitted,,No Decision / Budget,Pricing discussion with procurement,,,,
OPP00906,Crestline Power - SaaS New 2025,ACC0065,R06,Americas,New,SaaS,2025-07-22T11:57:24.000+0000,2025-10-21,Closed Lost,Omitted,C02,Functionality Gap,Legal review of contract,Cost Reduction,,,
OPP01337,Zephyr Renewables - SaaS Cross 2026,ACC0098,R09,RoW,Cross Sell,SaaS,2026-02-19T08:13:47.000+0000,2026-06-30,Closed Won,Closed,C07,,Follow up after board meeting,,,,
OPP01177,Zephyr Renewables - SCADA New 2025,ACC0098,R07,RoW,New,SCADA,2025-12-03T09:57:00.000+0000,2026-06-04,Closed Lost,Omitted,C01,Price,Legal review of contract,,39.5,2027-10-09,2026-09-22
OPP00515,Helios Infrastructure - SaaS Up 2024,ACC0080,R07,RoW,Additional Products & Services (Upsell),SaaS,2024-12-04T08:00:03.000+0000,2025-01-01,Closed Lost,Omitted,C02,Functionality Gap,Follow up after board meeting,Portfolio Visibility,,,
OPP00072,Altamira Infrastructure - SaaS Up 2024,ACC0105,R08,RoW,Additional Products & Services (Upsell),SaaS,2024-02-23T17:59:43.000+0000,2024-05-22,Closed Won,Closed,C00,,Security review with IT,Regulatory Compliance,,,
OPP00600,Halcyon Power - SaaS Up 2025,ACC0088,R01,Americas,Additional Products & Services (Upsell),SaaS,2025-01-25T10:02:26.000+0000,2025-03-23,Closed Won,Closed,C07,,Site visit,Cost Reduction,,,
OPP00260,Atlas Wind Holdings - SCADA Up 2024,ACC0008,R04,Americas,Additional Products & Services (Upsell),SCADA,2024-06-27T17:26:30.000+0000,2024-08-19,Closed Won,Closed,C06,,Pilot scoping call,,63.3,2025-06-14,2025-02-25
OPP00052,Prairie Energy - SCADA New 2024,ACC0095,R05,Americas,New,SCADA,2024-02-12T11:05:17.000+0000,2024-09-18,Closed Won,Closed,C01,,Follow up after board meeting,Portfolio Visibility,32.8,,2024-11-24
OPP01456,Orion Energy Partners - SCADA New 2026,ACC0059,R06,Americas,New,SCADA,2026-04-12T13:34:38.000+0000,2026-11-28,Proposal,Best Case,C01,,,,66.6,2027-03-06,
OPP00409,Solara Solar Partners - SCADA Cross 2024,ACC0093,R06,Americas,Cross Sell,SCADA,2024-10-06T17:19:21.000+0000,2024-11-25,Closed Lost,Omitted,C01,Price,Site visit,Portfolio Visibility,48.3,2025-07-16,2025-06-03
OPP00577,Solara Clean Assets - SaaS Up 2025,ACC0010,R03,Americas,Additional Products & Services (Upsell),SaaS,2025-01-15T13:58:09.000+0000,2025-04-06,Closed Won,Closed,C05,,Follow up after board meeting,,,,
OPP00333,Solstice Renewables - SCADA New 2024,ACC0053,R13,EMEA,New,SCADA,2024-08-16T10:41:43.000+0000,2025-01-14,Closed Won,Closed,C07,,Pilot scoping call,Cost Reduction,88.1,,
OPP01314,Kestrel Infrastructure - SCADA New 2026,ACC0002,R11,EMEA,New,SCADA,2026-02-03T12:34:14.000+0000,2026-08-07,Closed Lost,Omitted,,Functionality Gap,Legal review of contract,Cost Reduction,127.2,,2026-09-30
OPP00527,Pinnacle Power - SaaS Up 2024,ACC0020,R10,EMEA,Additional Products & Services (Upsell),SaaS,2024-12-13T16:54:35.000+0000,2025-02-01,Closed Won,Closed,C04,,,Regulatory Compliance,,,
OPP00655,Halcyon Power - SCADA Up 2025,ACC0088,R01,Americas,Additional Products & Services (Upsell),SCADA,2025-02-21T15:17:04.000+0000,2025-05-03,Closed Lost,Omitted,,Relationship,Pricing discussion with procurement,,,,
OPP00384,Meridian Utilities - SCADA Up 2024,ACC0079,R11,EMEA,Additional Products & Services (Upsell),SCADA,2024-09-18T12:13:46.000+0000,2025-01-17,Closed Won,Closed,C06,,,Portfolio Visibility,,,2025-03-06
OPP00858,Ember Energy - SCADA New 2025,ACC0116,R02,Americas,New,SCADA,2025-06-24T14:22:59.000+0000,2025-11-06,Closed Lost,Omitted,,Lost to Incumbent,,,,,
OPP01340,Meridian Utilities - SCADA New 2026,ACC0079,R11,RoW,New,SCADA,2026-02-22T10:07:56.000+0000,2026-08-12,Closed Lost,Omitted,,,,Portfolio Visibility,,,
OPP01556,Atlas Energy Partners - SCADA Cross 2026,ACC0112,R13,EMEA,Cross Sell,SCADA,2026-05-30T11:18:57.000+0000,2026-12-23,Solution Design,Best Case,C03,,Pilot scoping call,Regulatory Compliance,,2027-09-11,2027-05-26
OPP00495,Prairie Energy - SCADA Up 2024,ACC0095,R05,Americas,Additional Products & Services (Upsell),SCADA,2024-11-26T11:53:20.000+0000,2025-05-17,Closed Won,Closed,C06,,Legal review of contract,Regulatory Compliance,100.5,2026-02-16,2025-08-20
OPP01390,Halcyon Solar Partners - SaaS New 2026,ACC0024,R13,RoW,New,SaaS,2026-03-10T09:02:55.000+0000,2026-06-24,Closed Won,Closed,C06,,Security review with IT,,,,
OPP01030,Halcyon Power - SCADA New 2025,ACC0088,R01,Americas,New,SCADA,2025-09-21T09:04:54.000+0000,2026-01-15,Closed Lost,Omitted,C00,No Decision / Budget,Pilot scoping call,Performance Optimization,,2027-04-27,
OPP00868,Ember Energy Partners - SaaS New 2025,ACC0126,R08,RoW,New,SaaS,2025-07-01T16:12:03.000+0000,2025-11-01,Closed Won,Closed,C06,,Pilot scoping call,Portfolio Visibility,,,
OPP01857,Helios Renewables - SaaS Renewal 2024,ACC0007,R05,Americas,Renewal,SaaS,2024-02-22T15:10:57.000+0000,2024-05-01,Closed Won,Closed,C06,,Pricing discussion with procurement,,,,
OPP01035,Pinnacle Green Capital - SCADA Cross 2025,ACC0124,R06,Americas,Cross Sell,SCADA,2025-09-24T10:43:13.000+0000,2026-01-28,Closed Won,Closed,C03,,Pilot scoping call,Regulatory Compliance,45.1,2027-06-06,2026-04-05
OPP01038,Sierra Utilities - SCADA Cross 2025,ACC0077,R01,Americas,Cross Sell,SCADA,2025-09-25T16:13:26.000+0000,2026-05-21,Closed Lost,Omitted,C01,Price,Security review with IT,,76.1,2027-10-21,2026-09-12
OPP00193,Prairie Power - SaaS Up 2024,ACC0120,R03,Americas,Additional Products & Services (Upsell),SaaS,2024-05-08T12:54:56.000+0000,2024-07-26,Closed Won,Closed,,,,,,,
OPP00544,Solara Utilities - SaaS New 2024,ACC0039,R07,RoW,New,SaaS,2024-12-23T11:44:01.000+0000,2025-01-21,Closed Lost,Omitted,C02,Functionality Gap,Follow up after board meeting,Performance Optimization,,,
OPP00412,Borealis Clean Assets - SCADA Cross 2024,ACC0011,R11,EMEA,Cross Sell,SCADA,2024-10-07T14:43:05.000+0000,2025-01-28,Closed Won,Closed,,,,Cost Reduction,,,
OPP01467,Kestrel Infrastructure - SCADA New 2026,ACC0002,R11,RoW,New,SCADA,2026-04-18T10:54:42.000+0000,2026-09-23,Closed Won,Closed,C06,,Site visit,,,2027-10-17,2026-12-05
OPP01006,Halcyon Renewables - SCADA New 2025,ACC0014,R01,Americas,New,SCADA,2025-09-11T11:05:19.000+0000,2026-04-11,Closed Lost,Omitted,C01,,,Portfolio Visibility,105.0,,
OPP00571,Kestrel Energy Partners - SaaS Cross 2025,ACC0052,R09,EMEA,Cross Sell,SaaS,2025-01-12T09:06:03.000+0000,2025-06-29,Closed Won,Closed,,,Pilot scoping call,,,,
OPP00142,Meridian Energy Partners - SCADA Cross 2024,ACC0121,R09,RoW,Cross Sell,SCADA,2024-04-08T14:09:57.000+0000,2024-09-19,Closed Lost,Omitted,,Lost to Incumbent,Follow up after board meeting,Regulatory Compliance,75.6,,
OPP00987,Zephyr Renewables - SaaS New 2025,ACC0098,R09,RoW,New,SaaS,2025-09-04T13:18:37.000+0000,2025-10-08,Closed Lost,Omitted,,Price,Site visit,Regulatory Compliance,,,
OPP00670,Meridian Utilities - SaaS New 2025,ACC0079,R11,RoW,New,SaaS,2025-03-06T16:41:54.000+0000,2025-06-20,Closed Lost,Omitted,C04,,,Performance Optimization,,,
OPP01758,Aurora Power - SaaS Up 2026,ACC0025,R07,RoW,Additional Products & Services (Upsell),SaaS,2026-08-26T14:12:49.000+0000,2026-09-18,Closed Lost,Omitted,C05,Functionality Gap,,Regulatory Compliance,,,
OPP00340,Solstice Green Capital - SCADA Up 2024,ACC0090,R07,RoW,Additional Products & Services (Upsell),SCADA,2024-08-21T08:13:20.000+0000,2024-10-20,Closed Won,Closed,,,,Regulatory Compliance,200.7,2025-12-07,2024-12-14
OPP01828,Kestrel Infrastructure - SaaS New 2025,ACC0002,R11,EMEA,New,SaaS,2025-05-12T17:27:48.000+0000,2025-06-19,Closed Lost,Omitted,C02,Duplicate,Schedule technical demo,,,,
OPP01548,Kestrel Energy Partners - SaaS Up 2026,ACC0052,R09,EMEA,Additional Products & Services (Upsell),SaaS,2026-05-27T15:24:38.000+0000,2026-06-29,Closed Won,Closed,C04,,Schedule technical demo,Portfolio Visibility,,,
OPP00614,Vireo Wind Holdings - SaaS New 2025,ACC0087,R07,EMEA,New,SaaS,2025-01-29T09:04:19.000+0000,2025-05-11,Closed Lost,Omitted,C04,Price,Send revised proposal,Regulatory Compliance,,,
OPP01465,Cobalt Infrastructure - SaaS Up 2026,ACC0130,R13,EMEA,Additional Products & Services (Upsell),SaaS,2026-04-18T09:29:27.000+0000,2026-06-08,Closed Won,Closed,,,Schedule technical demo,Portfolio Visibility,,,
OPP00272,Kestrel Renewables - SaaS Cross 2024,ACC0146,R09,EMEA,Cross Sell,SaaS,2024-07-04T11:36:23.000+0000,2024-08-20,Closed Lost,Omitted,C02,,Schedule technical demo,Cost Reduction,,,
OPP00185,Pinnacle Energy Partners - SCADA New 2024,ACC0027,R13,EMEA,New,SCADA,2024-05-04T15:42:10.000+0000,2024-10-01,Closed Lost,Omitted,C01,Lost to Incumbent,Pricing discussion with procurement,Portfolio Visibility,70.2,2025-08-13,2024-12-07
OPP00833,Tidewater Green Capital - SCADA Up 2025,ACC0113,R08,EMEA,Additional Products & Services (Upsell),SCADA,2025-06-11T16:00:46.000+0000,2025-12-18,Closed Won,Closed,C03,,Pricing discussion with procurement,Cost Reduction,69.9,2027-04-27,2026-06-18
OPP00245,Orion Green Capital - SCADA Cross 2024,ACC0114,R03,Americas,Cross Sell,SCADA,2024-06-15T13:33:44.000+0000,2024-10-29,Closed Won,Closed,C07,,,,,,
OPP00586,Kestrel Power - SCADA New 2025,ACC0005,R03,Americas,New,SCADA,2025-01-19T16:15:31.000+0000,2025-04-18,Closed Won,Closed,C01,,Send revised proposal,Regulatory Compliance,46.1,,2025-06-16
OPP00530,Everglow Energy Partners - SaaS Up 2024,ACC0035,R13,EMEA,Additional Products & Services (Upsell),SaaS,2024-12-14T10:09:14.000+0000,2025-01-08,Closed Won,Closed,,,Security review with IT,Performance Optimization,,,
OPP00731,Lumen Utilities - SCADA Up 2025,ACC0103,R05,Americas,Additional Products & Services (Upsell),SCADA,2025-04-14T15:28:11.000+0000,2025-09-23,Closed Won,Closed,C01,,Security review with IT,,,2026-10-19,2025-12-19
OPP01449,Zephyr Renewables - SaaS New 2026,ACC0098,R07,EMEA,New,SaaS,2026-04-09T10:13:20.000+0000,2026-06-15,Closed Lost,Omitted,C04,Functionality Gap,Site visit,Regulatory Compliance,,,
OPP00813,Crestline Power - SCADA New 2025,ACC0065,R06,Americas,New,SCADA,2025-05-28T12:15:30.000+0000,2025-11-30,Closed Lost,Omitted,C01,Price,,,41.5,,2026-01-30
OPP00835,Kestrel Infrastructure - SaaS New 2025,ACC0002,R11,EMEA,New,SaaS,2025-06-11T14:29:00.000+0000,2025-09-28,Closed Lost,Omitted,C07,,Legal review of contract,,,,
OPP01235,Crestline Solar Partners - SCADA New 2026,ACC0029,R14,RoW,New,SCADA,2026-01-01T10:42:50.000+0000,2026-06-06,Closed Lost,Omitted,C06,Functionality Gap,,Performance Optimization,78.7,2027-03-26,2026-07-06
OPP00980,Pinnacle Renewables - SaaS New 2025,ACC0159,R07,EMEA,New,SaaS,2025-08-31T17:00:26.000+0000,2026-01-14,Closed Lost,Omitted,C05,No Decision / Budget,Site visit,Performance Optimization,,,
OPP00652,Kestrel Power - SCADA Cross 2025,ACC0005,R03,Americas,Cross Sell,SCADA,2025-02-20T10:38:43.000+0000,2025-06-05,Closed Lost,Omitted,,Lost to Incumbent,Legal review of contract,Cost Reduction,,,
OPP01652,Halcyon Infrastructure - SaaS Up 2026,ACC0115,R01,Americas,Additional Products & Services (Upsell),SaaS,2026-07-16T13:01:54.000+0000,2026-09-26,Closed Won,Closed,C05,,Send revised proposal,,,,
OPP01756,Zephyr Infrastructure - SCADA Cross 2026,ACC0081,R07,RoW,Cross Sell,SCADA,2026-08-26T08:14:00.000+0000,2027-05-01,Prospecting,Pipeline,C05,,Site visit,Cost Reduction,100.7,2028-05-14,2027-08-24
OPP00251,Tidewater Wind Holdings - SaaS New 2024,ACC0045,R09,RoW,New,SaaS,2024-06-20T10:25:12.000+0000,2024-07-14,Closed Won,Closed,C04,,,Performance Optimization,,,
OPP01028,Orion Energy Partners - SaaS New 2025,ACC0059,R06,Americas,New,SaaS,2025-09-21T14:25:04.000+0000,2025-11-16,Closed Lost,Omitted,C07,Timing / Project Delayed,Legal review of contract,Cost Reduction,,,
OPP01353,Ember Renewables - SCADA New 2026,ACC0055,R04,Americas,New,SCADA,2026-02-26T08:13:57.000+0000,2026-05-29,Closed Lost,Omitted,C05,,Pricing discussion with procurement,Regulatory Compliance,15.6,,2026-10-31
OPP00585,Atlas Energy Partners - SaaS Up 2025,ACC0112,R13,EMEA,Additional Products & Services (Upsell),SaaS,2025-01-19T13:21:36.000+0000,2025-02-22,Closed Lost,Omitted,C06,,Legal review of contract,Regulatory Compliance,,,
OPP00947,Sierra Solar Partners - SaaS New 2025,ACC0132,R10,RoW,New,SaaS,2025-08-10T08:45:24.000+0000,2025-11-27,Closed Lost,Omitted,,Functionality Gap,Security review with IT,,,,
OPP00382,Orion Green Capital - SaaS New 2024,ACC0114,R03,Americas,New,SaaS,2024-09-18T16:04:10.000+0000,2024-11-23,Closed Lost,Omitted,C07,Lost to Incumbent,Legal review of contract,,,,
OPP00417,Kestrel Infrastructure - SaaS Cross 2024,ACC0002,R14,EMEA,Cross Sell,SaaS,2024-10-10T08:41:45.000+0000,2025-01-05,Closed Won,Closed,C02,,Legal review of contract,Portfolio Visibility,,,
OPP00964,Cobalt Infrastructure - SaaS Cross 2025,ACC0130,R07,EMEA,Cross Sell,SaaS,2025-08-21T14:18:22.000+0000,2025-09-24,Closed Lost,Omitted,C07,No Decision / Budget,Pilot scoping call,Cost Reduction,,,
OPP00671,Cobalt Utilities - SaaS New 2025,ACC0042,R13,RoW,New,SaaS,2025-03-06T09:29:35.000+0000,2025-06-01,Closed Lost,Omitted,,Timing / Project Delayed,,Performance Optimization,,,
OPP00722,Solstice Renewables - SCADA Cross 2025,ACC0053,R13,RoW,Cross Sell,SCADA,2025-04-06T09:39:33.000+0000,2025-10-28,Closed Lost,Omitted,C05,,Schedule technical demo,,111.9,2026-06-05,2026-05-21
OPP01274,Crestline Wind Holdings - SaaS Cross 2026,ACC0037,R12,RoW,Cross Sell,SaaS,2026-01-18T16:09:22.000+0000,2026-03-31,Closed Won,Closed,C05,,Security review with IT,Regulatory Compliance,,,
OPP00620,Orion Green Capital - SCADA Cross 2025,ACC0114,R03,Americas,Cross Sell,SCADA,2025-02-02T17:38:58.000+0000,2025-07-03,Closed Lost,Omitted,C01,Price,Follow up after board meeting,Portfolio Visibility,,2026-10-19,
OPP00556,Solstice Wind Holdings - SaaS New 2024,ACC0142,R02,Americas,New,SaaS,2024-12-31T16:09:00.000+0000,2025-06-19,Closed Won,Closed,,,,,,,
OPP01741,Halcyon Power - SCADA Cross 2026,ACC0088,R01,Americas,Cross Sell,SCADA,2026-08-19T10:28:23.000+0000,2026-08-22,Solution Design,Best Case,,,,Performance Optimization,38.0,2027-10-24,2027-01-22
OPP01205,Kestrel Energy Partners - SaaS Up 2025,ACC0052,R09,EMEA,Additional Products & Services (Upsell),SaaS,2025-12-19T11:45:51.000+0000,2026-03-19,Closed Won,Closed,C06,,Schedule technical demo,Regulatory Compliance,,,
OPP01879,TEST Account - Sandbox - SaaS Demo,ACC9999,R07,RoW,New,SaaS,2025-01-26T15:02:07.000+0000,2025-06-29,Closed Won,Closed,C07,,,,,,
OPP01138,Altamira Infrastructure - SaaS New 2025,ACC0105,R14,EMEA,New,SaaS,2025-11-12T17:45:00.000+0000,2026-02-01,Closed Won,Closed,C00,,Legal review of contract,Cost Reduction,,,
OPP00183,Pinnacle Clean Assets - SaaS Cross 2024,ACC0036,R09,RoW,Cross Sell,SaaS,2024-05-03T12:36:52.000+0000,2024-09-12,Closed Won,Closed,C06,,Schedule technical demo,,,,
OPP00171,Orion Energy Partners - SaaS New 2024,ACC0059,R06,Americas,New,SaaS,2024-04-28T16:42:59.000+0000,2024-07-14,Closed Lost,Omitted,C02,Functionality Gap,Legal review of contract,,,,
OPP00293,Solara Energy - SCADA Up 2024,ACC0099,R11,EMEA,Additional Products & Services (Upsell),SCADA,2024-07-17T10:26:54.000+0000,2024-08-14,Closed Lost,Omitted,C06,Price,Security review with IT,,58.6,,
OPP01103,Altamira Energy - SaaS New 2025,ACC0144,R09,RoW,New,SaaS,2025-10-27T08:39:20.000+0000,2025-12-04,Closed Lost,Omitted,C06,Price,Pilot scoping call,Regulatory Compliance,,,
OPP01810,Crestline Power - SaaS Cross 2026,ACC0065,R06,Americas,Cross Sell,SaaS,2026-05-22T08:57:00.000+0000,2026-07-29,Closed Lost,Omitted,C04,Duplicate,Schedule technical demo,Performance Optimization,,,
OPP00301,Prairie Energy Partners - SaaS Up 2024,ACC0134,R10,EMEA,Additional Products & Services (Upsell),SaaS,2024-07-23T09:38:57.000+0000,2024-09-25,Closed Won,Closed,,,Legal review of contract,,,,
OPP01764,Meridian Renewables - SaaS New 2026,ACC0034,R11,EMEA,New,SaaS,2026-09-01T15:05:04.000+0000,2026-10-30,Solution Design,Pipeline,C00,,Site visit,,,,
OPP00486,Borealis Infrastructure - SCADA New 2024,ACC0078,R06,Americas,New,SCADA,2024-11-20T16:26:39.000+0000,2025-01-08,Closed Lost,Omitted,C05,Lost to Incumbent,Send revised proposal,Cost Reduction,82.2,,2025-08-31
OPP01559,Crestline Power - SCADA New 2026,ACC0065,R06,Americas,New,SCADA,2026-05-31T08:21:55.000+0000,2026-10-21,Negotiation,Commit,C01,,Security review with IT,,41.5,2027-02-28,2027-03-01
OPP00758,Crestline Utilities - SCADA Up 2025,ACC0131,R03,Americas,Additional Products & Services (Upsell),SCADA,2025-04-30T16:40:03.000+0000,2025-06-04,Closed Lost,Omitted,C07,,Schedule technical demo,,41.9,,
OPP01814,Orion Solar Partners - SaaS New 2025,ACC0125,R08,RoW,New,SaaS,2025-02-10T14:29:34.000+0000,2025-03-20,Closed Lost,Omitted,,Duplicate,Legal review of contract,Cost Reduction,,,
OPP00967,Aurora Wind Holdings - SaaS Cross 2025,ACC0012,R12,EMEA,Cross Sell,SaaS,2025-08-23T08:42:27.000+0000,2025-09-30,Closed Won,Closed,C06,,Site visit,Regulatory Compliance,,,
OPP01079,Zephyr Solar Partners - SCADA Up 2025,ACC0041,R01,Americas,Additional Products & Services (Upsell),SCADA,2025-10-15T15:08:32.000+0000,2026-03-21,Closed Won,Closed,C00,,Follow up after board meeting,Regulatory Compliance,74.7,2027-03-19,2026-09-16
OPP01385,Zephyr Solar Partners - SCADA New 2026,ACC0041,R01,Americas,New,SCADA,2026-03-09T17:10:27.000+0000,2026-09-16,Negotiation,Commit,C01,,Legal review of contract,,75.1,,2026-12-15
OPP00423,Azure Power - SaaS Up 2024,ACC0106,R14,EMEA,Additional Products & Services (Upsell),SaaS,2024-10-15T16:16:12.000+0000,2024-12-01,Closed Lost,Omitted,,,Follow up after board meeting,Portfolio Visibility,,,
OPP00372,Pinnacle Energy Partners - SaaS New 2024,ACC0027,R13,RoW,New,SaaS,2024-09-10T10:29:16.000+0000,2025-01-14,Closed Won,Closed,C02,,Follow up after board meeting,Performance Optimization,,,
OPP00901,Zephyr Infrastructure - SCADA Up 2025,ACC0081,R07,RoW,Additional Products & Services (Upsell),SCADA,2025-07-19T09:52:30.000+0000,2025-08-23,Closed Lost,Omitted,C06,Price,Pilot scoping call,Performance Optimization,10.0,2025-12-21,2025-11-09
OPP01555,Cobalt Infrastructure - SaaS New 2026,ACC0130,R11,RoW,New,SaaS,2026-05-29T15:51:39.000+0000,2026-12-26,Solution Design,Best Case,,,Pricing discussion with procurement,,,,
OPP00721,Lumen Utilities - SCADA New 2025,ACC0103,R05,Americas,New,SCADA,2025-04-05T17:31:47.000+0000,2025-12-05,Closed Won,Closed,,,Pilot scoping call,Performance Optimization,47.5,2026-12-15,2026-02-17
OPP01735,Kestrel Utilities - SCADA Up 2026,ACC0083,R01,Americas,Additional Products & Services (Upsell),SCADA,2026-08-16T17:02:08.000+0000,2026-09-25,Closed Won,Closed,C01,,Security review with IT,Cost Reduction,74.4,2027-07-23,2027-02-24
OPP00723,Orion Energy Partners - SCADA New 2025,ACC0059,R06,Americas,New,SCADA,2025-04-07T16:22:02.000+0000,2025-09-19,Closed Lost,Omitted,C01,No Decision / Budget,,Portfolio Visibility,31.2,2027-02-21,
OPP00176,Meridian Clean Assets - SCADA New 2024,ACC0056,R01,Americas,New,SCADA,2024-05-01T09:59:05.000+0000,2024-06-16,Closed Lost,Omitted,C03,Lost to Incumbent,,Portfolio Visibility,36.5,2025-11-14,2024-12-31
OPP00531,Meridian Utilities - SaaS Up 2024,ACC0079,R11,EMEA,Additional Products & Services (Upsell),SaaS,2024-12-15T14:39:13.000+0000,2025-03-30,Closed Won,Closed,,,,,,,
OPP00695,Cobalt Infrastructure - SaaS Up 2025,ACC0130,R07,RoW,Additional Products & Services (Upsell),SaaS,2025-03-21T09:32:38.000+0000,2025-06-08,Closed Won,Closed,C00,,Send revised proposal,Portfolio Visibility,,,
OPP00940,Ember Clean Assets - SaaS Cross 2025,ACC0061,R12,RoW,Cross Sell,SaaS,2025-08-07T09:28:37.000+0000,2025-11-11,Closed Lost,Omitted,C05,Functionality Gap,,Regulatory Compliance,,,
OPP00799,Pinnacle Energy Partners - SaaS Up 2025,ACC0027,R13,RoW,Additional Products & Services (Upsell),SaaS,2025-05-21T08:40:17.000+0000,2025-09-28,Closed Won,Closed,C07,,Send revised proposal,,,,
OPP00335,Kestrel Infrastructure - SCADA New 2024,ACC0002,R11,EMEA,New,SCADA,2024-08-18T12:32:30.000+0000,2025-03-12,Closed Lost,Omitted,C01,,,,14.2,2026-06-17,
OPP00819,Zephyr Renewables - SCADA Up 2025,ACC0098,R07,EMEA,Additional Products & Services (Upsell),SCADA,2025-05-31T09:33:33.000+0000,2025-07-26,Closed Lost,Omitted,,Lost to Incumbent,,,88.6,2026-01-20,2025-10-05
OPP00621,Altamira Infrastructure - SaaS New 2025,ACC0105,R07,RoW,New,SaaS,2025-02-02T08:24:02.000+0000,2025-05-02,Closed Lost,Omitted,C04,Price,Pricing discussion with procurement,Regulatory Compliance,,,
OPP01234,Atlas Power - SaaS Cross 2025,ACC0136,R03,Americas,Cross Sell,SaaS,2025-12-31T09:53:41.000+0000,2026-02-24,Closed Lost,Omitted,C07,No Decision / Budget,,Cost Reduction,,,
OPP00965,Solara Energy - SaaS Cross 2025,ACC0099,R14,RoW,Cross Sell,SaaS,2025-08-21T09:10:34.000+0000,2025-09-25,Closed Won,Closed,C04,,Legal review of contract,Performance Optimization,,,
OPP01229,Atlas Energy Partners - SaaS New 2025,ACC0112,R13,EMEA,New,SaaS,2025-12-29T12:12:49.000+0000,2026-03-22,Closed Lost,Omitted,C00,Timing / Project Delayed,Security review with IT,Performance Optimization,,,
OPP00708,Solara Utilities - SaaS Up 2025,ACC0039,R12,EMEA,Additional Products & Services (Upsell),SaaS,2025-03-29T09:28:02.000+0000,2025-06-08,Closed Lost,Omitted,,Price,,Regulatory Compliance,,,
OPP00536,Zephyr Renewables - SCADA Cross 2024,ACC0098,R07,EMEA,Cross Sell,SCADA,2024-12-18T12:42:35.000+0000,2025-06-11,Closed Lost,Omitted,C03,No Decision / Budget,Security review with IT,Cost Reduction,44.5,2026-06-08,2025-12-08
OPP00199,Atlas Power - SCADA Cross 2024,ACC0136,R01,Americas,Cross Sell,SCADA,2024-05-12T15:43:58.000+0000,2024-08-22,Closed Lost,Omitted,,Price,Pilot scoping call,Cost Reduction,276.1,,2024-11-11
OPP00016,Crestline Power - SCADA Cross 2024,ACC0065,R03,Americas,Cross Sell,SCADA,2024-01-11T14:56:38.000+0000,2024-06-19,Closed Lost,Omitted,C00,Price,,,42.3,,
OPP00266,Cobalt Infrastructure - SCADA Up 2024,ACC0130,R07,RoW,Additional Products & Services (Upsell),SCADA,2024-07-02T15:51:29.000+0000,2024-11-16,Closed Lost,Omitted,C06,Price,Follow up after board meeting,,39.5,2026-03-05,2025-04-06
OPP00603,Kestrel Clean Assets - SaaS New 2025,ACC0050,R05,Americas,New,SaaS,2025-01-26T11:09:25.000+0000,2025-04-29,Closed Lost,Omitted,C07,No Decision / Budget,Legal review of contract,,,,
OPP00807,Crestline Power - SCADA Cross 2025,ACC0065,R06,Americas,Cross Sell,SCADA,2025-05-26T12:15:22.000+0000,2025-11-20,Closed Lost,Omitted,C03,,Legal review of contract,,,2026-07-16,
OPP00882,Kestrel Infrastructure - SCADA Up 2025,ACC0002,R11,RoW,Additional Products & Services (Upsell),SCADA,2025-07-10T14:12:30.000+0000,2025-12-26,Closed Won,Closed,,,,,127.2,2026-11-01,
OPP01476,Kestrel Power - SCADA Cross 2026,ACC0005,R03,Americas,Cross Sell,SCADA,2026-04-21T17:23:47.000+0000,2026-07-29,Closed Lost,Omitted,,,Pilot scoping call,Portfolio Visibility,56.8,2027-07-31,2027-03-11
OPP00811,Altamira Clean Assets - SaaS Up 2025,ACC0017,R10,RoW,Additional Products & Services (Upsell),SaaS,2025-05-27T12:02:46.000+0000,2025-07-22,Closed Won,Closed,C04,,Schedule technical demo,,,,
OPP01424,Solara Power - SaaS Cross 2026,ACC0139,R12,EMEA,Cross Sell,SaaS,2026-03-31T14:20:47.000+0000,2026-05-04,Closed Won,Closed,C05,,Site visit,Cost Reduction,,,
OPP01027,Ember Renewables - SCADA Up 2025,ACC0055,R04,Americas,Additional Products & Services (Upsell),SCADA,2025-09-18T17:29:31.000+0000,2025-12-28,Closed Won,Closed,C01,,,Performance Optimization,73.6,,2026-06-20
OPP01451,Orion Wind Holdings - SaaS Cross 2026,ACC0140,R05,Americas,Cross Sell,SaaS,2026-04-10T10:00:00.000+0000,2026-05-31,Closed Lost,Omitted,C06,Price,Site visit,,,,
OPP01369,Pinnacle Green Capital - SaaS Cross 2026,ACC0124,R06,Americas,Cross Sell,SaaS,2026-03-03T14:09:06.000+0000,2026-05-09,Closed Won,Closed,C05,,Legal review of contract,Portfolio Visibility,,,
OPP01802,Everglow Energy Partners - SCADA New 2025,ACC0035,R13,EMEA,New,SCADA,2025-10-13T16:59:24.000+0000,2026-02-20,Closed Lost,Omitted,C01,Duplicate,,Regulatory Compliance,33.9,,2026-09-24
OPP00200,Azure Power - SCADA New 2024,ACC0106,R13,RoW,New,SCADA,2024-05-12T15:20:57.000+0000,2024-11-09,Closed Won,Closed,C06,,,Performance Optimization,224.5,,
OPP00786,Zephyr Infrastructure - SaaS New 2025,ACC0081,R07,EMEA,New,SaaS,2025-05-14T10:13:18.000+0000,2025-12-29,Closed Won,Closed,C05,,Send revised proposal,Regulatory Compliance,,,
OPP01640,Halcyon Power - SCADA Up 2026,ACC0088,R01,Americas,Additional Products & Services (Upsell),SCADA,2026-07-10T14:02:44.000+0000,2026-12-28,Solution Design,Commit,C01,,Send revised proposal,,34.9,,
OPP00651,Zephyr Infrastructure - SCADA New 2025,ACC0081,R07,EMEA,New,SCADA,2025-02-20T10:15:18.000+0000,2026-03-31,Closed Lost,Omitted,C07,No Decision / Budget,Send revised proposal,Cost Reduction,12.6,2026-10-12,2026-05-01
OPP01064,Kestrel Power - SaaS New 2025,ACC0005,R03,Americas,New,SaaS,2025-10-10T17:42:11.000+0000,2025-12-12,Closed Lost,Omitted,,Price,,Cost Reduction,,,
OPP00679,Vireo Wind Holdings - SaaS New 2025,ACC0087,R07,EMEA,New,SaaS,2025-03-10T11:57:48.000+0000,2025-06-24,Closed Lost,Omitted,C07,Timing / Project Delayed,Follow up after board meeting,Cost Reduction,,,
OPP00608,Kestrel Infrastructure - SaaS New 2025,ACC0002,R11,EMEA,New,SaaS,2025-01-27T09:26:15.000+0000,2025-08-19,Closed Won,Closed,,,Schedule technical demo,,,,
OPP01221,Halcyon Power - SCADA New 2025,ACC0088,R06,Americas,New,SCADA,2025-12-26T13:01:27.000+0000,2026-04-24,Closed Lost,Omitted,C03,Lost to Incumbent,Schedule technical demo,Portfolio Visibility,34.9,2027-08-14,2026-10-11
OPP00756,Cobalt Utilities - SaaS Cross 2025,ACC0042,R13,EMEA,Cross Sell,SaaS,2025-04-30T13:44:17.000+0000,2025-07-25,Closed Lost,Omitted,C04,Price,Follow up after board meeting,,,,
OPP01183,Zephyr Renewables - SCADA Up 2025,ACC0098,R08,RoW,Additional Products & Services (Upsell),SCADA,2025-12-06T13:05:34.000+0000,2026-03-05,Closed Lost,Omitted,C00,Price,,Performance Optimization,49.1,2026-08-10,2026-06-21
OPP01658,Zephyr Renewables - SCADA Up 2026,ACC0098,R07,RoW,Additional Products & Services (Upsell),SCADA,2026-07-18T16:18:09.000+0000,2026-12-28,Solution Design,Best Case,C03,,Pilot scoping call,Portfolio Visibility,93.6,2027-10-17,2027-03-24
OPP00480,Kestrel Infrastructure - SCADA Up 2024,ACC0002,R09,EMEA,Additional Products & Services (Upsell),SCADA,2024-11-17T10:24:16.000+0000,2025-03-22,Closed Won,Closed,C07,,Schedule technical demo,,,2025-12-30,
OPP01005,Meridian Energy Partners - SCADA New 2025,ACC0121,R09,RoW,New,SCADA,2025-09-11T10:37:53.000+0000,2025-11-03,Closed Lost,Omitted,,Functionality Gap,,,75.6,,
OPP00311,Zephyr Infrastructure - SCADA Up 2024,ACC0081,R07,RoW,Additional Products & Services (Upsell),SCADA,2024-07-28T17:43:02.000+0000,2024-11-25,Closed Lost,Omitted,C05,Timing / Project Delayed,Send revised proposal,Portfolio Visibility,51.1,2025-04-20,2025-07-12
OPP00057,Kestrel Infrastructure - SCADA New 2024,ACC0002,R11,EMEA,New,SCADA,2024-02-14T12:41:20.000+0000,2024-06-05,Closed Lost,Omitted,C03,Functionality Gap,,,87.8,2025-05-31,2024-07-10
OPP00594,Helios Solar Partners - SCADA Up 2025,ACC0127,R12,RoW,Additional Products & Services (Upsell),SCADA,2025-01-22T15:21:52.000+0000,2025-06-26,Closed Won,Closed,C00,,Schedule technical demo,Performance Optimization,12.8,,2026-01-20
OPP00498,Crestline Energy Partners - SCADA Cross 2024,ACC0001,R04,Americas,Cross Sell,SCADA,2024-11-28T17:09:27.000+0000,2025-06-21,Closed Won,Closed,C00,,Send revised proposal,,,,2025-09-18
OPP01215,Altamira Energy - SaaS New 2025,ACC0144,R08,EMEA,New,SaaS,2025-12-24T14:02:54.000+0000,2026-06-17,Closed Won,Closed,C05,,Pilot scoping call,Cost Reduction,,,
OPP00842,Solstice Utilities - SaaS Cross 2025,ACC0058,R14,EMEA,Cross Sell,SaaS,2025-06-15T11:50:23.000+0000,2025-09-18,Closed Won,Closed,C00,,Site visit,Cost Reduction,,,
OPP01511,Prairie Energy - SaaS Cross 2026,ACC0095,R02,Americas,Cross Sell,SaaS,2026-05-08T16:02:52.000+0000,2026-09-29,Closed Won,Closed,C07,,,Performance Optimization,,,
OPP00044,Pinnacle Energy - SaaS New 2024,ACC0057,R09,EMEA,New,SaaS,2024-02-05T17:25:12.000+0000,2024-08-27,Closed Lost,Omitted,,,,,,,
OPP00101,Prairie Energy - SaaS Cross 2024,ACC0095,R02,Americas,Cross Sell,SaaS,2024-03-13T12:16:38.000+0000,2024-04-16,Closed Lost,Omitted,C06,Timing / Project Delayed,,,,,
OPP00275,Halcyon Power - SCADA Cross 2024,ACC0088,R03,Americas,Cross Sell,SCADA,2024-07-07T14:18:43.000+0000,2025-01-14,Closed Won,Closed,,,,,122.4,,
OPP01315,Prairie Energy - SCADA Cross 2026,ACC0095,R05,Americas,Cross Sell,SCADA,2026-02-04T15:32:16.000+0000,2026-06-23,Closed Won,Closed,C01,,Site visit,,32.8,2026-12-18,2026-10-09
OPP00354,Prairie Energy - SCADA New 2024,ACC0095,R05,Americas,New,SCADA,2024-08-28T08:03:13.000+0000,2024-12-05,Closed Lost,Omitted,C01,Price,Pricing discussion with procurement,Cost Reduction,13.1,2026-05-15,2025-06-26
OPP00102,Altamira Renewables - SCADA New 2024,ACC0160,R14,RoW,New,SCADA,2024-03-14T17:48:50.000+0000,2024-05-11,Closed Lost,Omitted,,Lost to Incumbent,Send revised proposal,,,,
OPP01408,Solstice Energy Partners - SaaS Up 2026,ACC0154,R13,RoW,Additional Products & Services (Upsell),SaaS,2026-03-20T16:25:46.000+0000,2026-09-30,Closed Won,Closed,C02,,Pilot scoping call,Performance Optimization,,,
OPP01325,Kestrel Utilities - SCADA New 2026,ACC0083,R01,Americas,New,SCADA,2026-02-10T13:48:50.000+0000,2026-06-18,Closed Lost,Omitted,C03,,Legal review of contract,Performance Optimization,,2027-10-18,2027-02-08
OPP01262,Ember Energy Partners - SaaS Up 2026,ACC0126,R08,EMEA,Additional Products & Services (Upsell),SaaS,2026-01-12T15:28:20.000+0000,2026-04-21,Closed Won,Closed,C06,,,Portfolio Visibility,,,
OPP00108,Borealis Clean Assets - SaaS Cross 2024,ACC0011,R09,RoW,Cross Sell,SaaS,2024-03-18T16:55:07.000+0000,2024-06-24,Closed Won,Closed,C07,,Legal review of contract,,,,
OPP00707,Crestline Power - SCADA Cross 2025,ACC0065,R06,Americas,Cross Sell,SCADA,2025-03-29T09:11:17.000+0000,2025-07-05,Closed Lost,Omitted,C01,No Decision / Budget,,Regulatory Compliance,41.5,2026-11-21,2025-09-14
OPP01861,Halcyon Power - SCADA Renewal 2026,ACC0088,R04,Americas,Renewal,SCADA,2026-07-27T17:11:41.000+0000,2027-06-26,Prospecting,Pipeline,C00,,Schedule technical demo,Regulatory Compliance,,,2028-01-20
OPP00874,Lumen Utilities - SCADA New 2025,ACC0103,R05,Americas,New,SCADA,2025-07-04T16:00:41.000+0000,2025-09-23,Closed Lost,Omitted,C01,Functionality Gap,Send revised proposal,Regulatory Compliance,47.5,2026-08-20,2025-10-26
OPP01345,Crestline Power - SCADA Up 2026,ACC0065,R06,Americas,Additional Products & Services (Upsell),SCADA,2026-02-23T08:31:16.000+0000,2026-04-24,Closed Won,Closed,C03,,Pricing discussion with procurement,,41.5,2027-02-13,2026-08-17
OPP01097,Atlas Wind Holdings - SCADA New 2025,ACC0008,R01,Americas,New,SCADA,2025-10-23T16:22:28.000+0000,2025-11-28,Closed Lost,Omitted,C03,Price,Legal review of contract,Cost Reduction,7.3,,2026-07-03
OPP00549,Orion Wind Holdings - SaaS New 2024,ACC0140,R05,Americas,New,SaaS,2024-12-26T12:27:24.000+0000,2025-03-30,Closed Won,Closed,,,Security review with IT,Cost Reduction,,,
OPP00788,Solstice Renewables - SaaS New 2025,ACC0053,R13,RoW,New,SaaS,2025-05-16T16:36:49.000+0000,2025-09-26,Closed Won,Closed,,,Pilot scoping call,,,,
OPP00427,Kestrel Infrastructure - SaaS New 2024,ACC0002,R11,EMEA,New,SaaS,2024-10-19T17:42:03.000+0000,2024-11-23,Closed Lost,Omitted,,,,,,,
OPP01711,Kestrel Power - SaaS New 2026,ACC0005,R03,Americas,New,SaaS,2026-08-06T13:33:00.000+0000,2026-12-04,Solution Design,Best Case,C00,,Site visit,Regulatory Compliance,,,
OPP01224,Solstice Energy Partners - SaaS Up 2025,ACC0154,R13,EMEA,Additional Products & Services (Upsell),SaaS,2025-12-27T15:25:40.000+0000,2026-02-17,Closed Won,Closed,C00,,Pilot scoping call,Performance Optimization,,,
OPP00129,Orion Green Capital - SCADA Cross 2024,ACC0114,R03,Americas,Cross Sell,SCADA,2024-03-30T16:58:18.000+0000,2024-08-05,Closed Lost,Omitted,C00,,,,,,
OPP00545,Crestline Power - SaaS Cross 2024,ACC0065,R06,Americas,Cross Sell,SaaS,2024-12-23T08:03:50.000+0000,2025-03-07,Closed Lost,Omitted,C04,Functionality Gap,Schedule technical demo,Performance Optimization,,,
OPP00528,Solstice Energy Partners - SaaS Up 2024,ACC0154,R13,EMEA,Additional Products & Services (Upsell),SaaS,2024-12-13T14:52:36.000+0000,2025-02-11,Closed Won,Closed,C05,,,Performance Optimization,,,
OPP01695,Nordwind Wind Holdings - SaaS New 2026,ACC0047,R14,RoW,New,SaaS,2026-07-28T09:50:56.000+0000,2027-01-17,Qualification,Pipeline,C05,,Pricing discussion with procurement,Regulatory Compliance,,,
OPP00073,Tidewater Utilities - SaaS New 2024,ACC0100,R10,RoW,New,SaaS,2024-02-23T10:56:16.000+0000,2024-04-23,Closed Lost,Omitted,C04,,Send revised proposal,,,,
OPP01332,Crestline Power - SaaS Up 2026,ACC0065,R06,Americas,Additional Products & Services (Upsell),SaaS,2026-02-16T08:25:58.000+0000,2026-03-31,Closed Won,Closed,C05,,Follow up after board meeting,Portfolio Visibility,,,
OPP01557,Lumen Utilities - SaaS New 2026,ACC0103,R05,Americas,New,SaaS,2026-05-30T14:12:26.000+0000,2027-03-25,Solution Design,Best Case,C05,,Pilot scoping call,Regulatory Compliance,,,
OPP01818,Meridian Utilities - SaaS Up 2025,ACC0079,R11,EMEA,Additional Products & Services (Upsell),SaaS,2025-06-04T15:18:22.000+0000,2025-06-22,Closed Lost,Omitted,,Duplicate,,Performance Optimization,,,
OPP01434,Borealis Green Capital - SCADA Up 2026,ACC0073,R03,Americas,Additional Products & Services (Upsell),SCADA,2026-04-04T08:49:14.000+0000,2026-09-28,Closed Won,Closed,C06,,Follow up after board meeting,,115.7,2027-01-17,2027-04-12
OPP00482,Azure Solar Partners - SaaS Up 2024,ACC0097,R10,EMEA,Additional Products & Services (Upsell),SaaS,2024-11-18T11:51:59.000+0000,2024-12-29,Closed Won,Closed,,,Pilot scoping call,,,,
OPP01469,Halcyon Utilities - SaaS Cross 2026,ACC0147,R09,RoW,Cross Sell,SaaS,2026-04-18T17:57:04.000+0000,2026-05-27,Closed Lost,Omitted,C02,Functionality Gap,Site visit,,,,
OPP00994,Tidewater Power - SCADA Cross 2025,ACC0149,R06,Americas,Cross Sell,SCADA,2025-09-06T08:14:11.000+0000,2025-10-17,Closed Lost,Omitted,C00,,Send revised proposal,Regulatory Compliance,,2027-01-05,2026-01-24
OPP00507,Prairie Energy - SCADA New 2024,ACC0095,R05,Americas,New,SCADA,2024-12-02T09:53:45.000+0000,2025-04-29,Closed Lost,Omitted,C05,Functionality Gap,Legal review of contract,,67.7,2026-06-23,2025-06-17
OPP00915,Cobalt Infrastructure - SCADA Cross 2025,ACC0130,R08,EMEA,Cross Sell,SCADA,2025-07-25T13:54:58.000+0000,2025-08-22,Closed Lost,Omitted,C05,,Pricing discussion with procurement,Regulatory Compliance,39.5,,2026-03-27
OPP01567,Borealis Green Capital - SaaS New 2026,ACC0073,R02,Americas,New,SaaS,2026-06-04T12:40:04.000+0000,2026-11-05,Proposal,Best Case,C07,,,Portfolio Visibility,,,
OPP00808,Crestline Power - SaaS New 2025,ACC0065,R06,Americas,New,SaaS,2025-05-26T09:27:02.000+0000,2026-01-16,Closed Lost,Omitted,C00,,Legal review of contract,,,,
OPP01526,Kestrel Clean Assets - SaaS New 2026,ACC0050,R05,Americas,New,SaaS,2026-05-15T08:30:49.000+0000,2026-12-30,Proposal,Best Case,C02,,Pricing discussion with procurement,Cost Reduction,,,
OPP01870,TEST Account - Sandbox - SaaS Demo,ACC9999,R11,EMEA,New,SaaS,2025-11-21T17:54:49.000+0000,2026-01-26,Closed Won,Closed,,,,,,,
OPP00977,Halcyon Power - SaaS New 2025,ACC0088,R01,Americas,New,SaaS,2025-08-29T13:40:35.000+0000,2025-12-11,Closed Lost,Omitted,C02,Functionality Gap,Schedule technical demo,,,,
OPP00766,Prairie Green Capital - SaaS Up 2025,ACC0143,R11,RoW,Additional Products & Services (Upsell),SaaS,2025-05-05T16:42:13.000+0000,2025-07-13,Closed Won,Closed,C02,,Schedule technical demo,,,,
OPP01549,Cobalt Infrastructure - SCADA New 2026,ACC0130,R07,EMEA,New,SCADA,2026-05-27T16:54:26.000+0000,2026-12-24,Solution Design,Best Case,C05,,,Cost Reduction,39.5,2028-04-02,2027-04-14
OPP01243,Kestrel Infrastructure - SCADA Cross 2026,ACC0002,R11,EMEA,Cross Sell,SCADA,2026-01-05T15:13:00.000+0000,2026-09-28,Closed Won,Closed,C05,,Site visit,,342.1,,
OPP00406,Zephyr Energy Partners - SCADA Up 2024,ACC0110,R04,Americas,Additional Products & Services (Upsell),SCADA,2024-10-03T09:20:08.000+0000,2024-12-07,Closed Won,Closed,C01,,,,,2026-04-10,
OPP00985,Lumen Utilities - SCADA New 2025,ACC0103,R05,Americas,New,SCADA,2025-09-01T08:18:02.000+0000,2026-06-02,Closed Lost,Omitted,C01,,Send revised proposal,Regulatory Compliance,47.5,2027-08-26,2027-01-01
OPP01075,Kestrel Infrastructure - SaaS Cross 2025,ACC0002,R11,EMEA,Cross Sell,SaaS,2025-10-14T09:49:48.000+0000,2025-11-29,Closed Lost,Omitted,,,Site visit,,,,
OPP00310,Prairie Wind Holdings - SCADA New 2024,ACC0018,R02,Americas,New,SCADA,2024-07-28T09:26:26.000+0000,2025-01-31,Closed Lost,Omitted,C03,Price,,Cost Reduction,,,
OPP00227,Ember Renewables - SCADA Up 2024,ACC0055,R04,Americas,Additional Products & Services (Upsell),SCADA,2024-05-30T14:30:13.000+0000,2024-09-22,Closed Won,Closed,C06,,,,,,
OPP01603,Pinnacle Clean Assets - SCADA New 2026,ACC0036,R09,RoW,New,SCADA,2026-06-18T10:17:12.000+0000,2027-03-30,Qualification,Pipeline,C07,,,Performance Optimization,29.1,,2027-09-30
OPP01666,Borealis Infrastructure - SCADA Cross 2026,ACC0078,R06,Americas,Cross Sell,SCADA,2026-07-20T15:13:14.000+0000,2027-06-26,Qualification,Pipeline,C01,,Pilot scoping call,Regulatory Compliance,85.7,,2027-11-08
OPP01441,Borealis Clean Assets - SCADA Cross 2026,ACC0011,R09,RoW,Cross Sell,SCADA,2026-04-07T17:39:16.000+0000,2026-07-06,Closed Lost,Omitted,C03,Lost to Incumbent,Pilot scoping call,Regulatory Compliance,,2027-12-08,
OPP00932,Nordwind Clean Assets - SaaS Up 2025,ACC0043,R13,RoW,Additional Products & Services (Upsell),SaaS,2025-08-04T14:11:12.000+0000,2025-09-10,Closed Won,Closed,C02,,Security review with IT,,,,
OPP00922,Kestrel Infrastructure - SCADA New 2025,ACC0002,R11,EMEA,New,SCADA,2025-07-28T16:48:01.000+0000,2026-03-29,Closed Won,Closed,C00,,Schedule technical demo,Regulatory Compliance,87.8,,
OPP00149,Kestrel Energy Partners - SCADA Up 2024,ACC0052,R09,RoW,Additional Products & Services (Upsell),SCADA,2024-04-14T08:27:42.000+0000,2024-09-24,Closed Won,Closed,C00,,,,,2025-11-02,2024-11-19
OPP00781,Lumen Utilities - SCADA New 2025,ACC0103,R05,Americas,New,SCADA,2025-05-12T15:32:16.000+0000,2025-11-01,Closed Lost,Omitted,C03,No Decision / Budget,Schedule technical demo,,13.5,,2026-04-27
OPP00818,Lumen Energy - SaaS Up 2025,ACC0148,R12,RoW,Additional Products & Services (Upsell),SaaS,2025-05-31T08:44:24.000+0000,2025-07-27,Closed Lost,Omitted,,Functionality Gap,Send revised proposal,Cost Reduction,,,
OPP00742,Prairie Clean Assets - SCADA New 2025,ACC0021,R02,Americas,New,SCADA,2025-04-24T13:44:37.000+0000,2025-09-07,Closed Lost,Omitted,,,Send revised proposal,,,,
OPP01624,Sierra Infrastructure - SaaS Cross 2026,ACC0085,R02,Americas,Cross Sell,SaaS,2026-06-30T08:06:25.000+0000,2026-09-01,Closed Won,Closed,C07,,Send revised proposal,,,,
OPP00746,Aurora Power - SCADA New 2025,ACC0025,R07,EMEA,New,SCADA,2025-04-25T16:26:53.000+0000,2025-08-05,Closed Lost,Omitted,C05,Functionality Gap,,Performance Optimization,,2026-07-30,2026-02-17
OPP01797,Pinnacle Infrastructure - SaaS Up 2026,ACC0048,R11,EMEA,Additional Products & Services (Upsell),SaaS,2026-09-14T10:57:11.000+0000,2026-08-25,Prospecting,Pipeline,C05,,Schedule technical demo,Performance Optimization,,,
OPP01752,Kestrel Infrastructure - SaaS Cross 2026,ACC0002,R11,RoW,Cross Sell,SaaS,2026-08-24T10:48:51.000+0000,2026-12-22,Qualification,Pipeline,C02,,,Portfolio Visibility,,,
OPP01704,Altamira Energy - SaaS Cross 2026,ACC0144,R09,RoW,Cross Sell,SaaS,2026-08-02T14:52:23.000+0000,2026-09-28,Closed Won,Closed,C06,,Security review with IT,Portfolio Visibility,,,
OPP01259,Meridian Utilities - SCADA Cross 2026,ACC0079,R11,RoW,Cross Sell,SCADA,2026-01-12T10:26:47.000+0000,2026-10-29,Negotiation,Commit,,,Pilot scoping call,Cost Reduction,18.6,,2026-11-28
OPP01362,Solara Utilities - SCADA Up 2026,ACC0039,R12,EMEA,Additional Products & Services (Upsell),SCADA,2026-03-02T15:05:24.000+0000,2026-05-21,Closed Won,Closed,C00,,Legal review of contract,Portfolio Visibility,54.1,2027-06-24,2026-08-13
OPP00287,Meridian Utilities - SaaS Up 2024,ACC0079,R11,EMEA,Additional Products & Services (Upsell),SaaS,2024-07-15T13:46:26.000+0000,2024-08-13,Closed Won,Closed,C00,,Follow up after board meeting,,,,
OPP01513,Solara Clean Assets - SCADA Up 2026,ACC0010,R03,Americas,Additional Products & Services (Upsell),SCADA,2026-05-08T08:56:33.000+0000,2026-09-05,Closed Lost,Omitted,,,Pilot scoping call,,150.7,2027-01-04,2026-11-26
OPP01238,Solara Solar Partners - SCADA New 2026,ACC0093,R06,Americas,New,SCADA,2026-01-01T10:00:12.000+0000,2026-09-22,Closed Won,Closed,C00,,Schedule technical demo,Cost Reduction,,2027-12-19,2026-12-10
OPP01305,Kestrel Energy Partners - SaaS Up 2026,ACC0052,R09,EMEA,Additional Products & Services (Upsell),SaaS,2026-01-31T17:00:32.000+0000,2026-09-22,Closed Won,Closed,C04,,Send revised proposal,,,,
OPP01545,Halcyon Renewables - SaaS New 2026,ACC0014,R01,Americas,New,SaaS,2026-05-25T11:39:40.000+0000,2026-08-13,Closed Won,Closed,,,Schedule technical demo,Cost Reduction,,,
OPP01498,Lumen Utilities - SaaS Cross 2026,ACC0103,R05,Americas,Cross Sell,SaaS,2026-04-30T16:53:32.000+0000,2026-09-17,Closed Won,Closed,C05,,Send revised proposal,Performance Optimization,,,
OPP01227,Ember Solar Partners - SaaS New 2025,ACC0086,R10,EMEA,New,SaaS,2025-12-28T09:21:36.000+0000,2026-05-01,Closed Won,Closed,,,Pricing discussion with procurement,Regulatory Compliance,,,
OPP01158,Altamira Energy - SaaS New 2025,ACC0144,R09,EMEA,New,SaaS,2025-11-25T08:45:12.000+0000,2026-02-13,Closed Lost,Omitted,C05,Functionality Gap,Pilot scoping call,Cost Reduction,,,
OPP01771,Altamira Infrastructure - SaaS New 2026,ACC0105,R14,RoW,New,SaaS,2026-09-04T14:17:44.000+0000,2027-01-15,Prospecting,Pipeline,C02,,Legal review of contract,Cost Reduction,,,
OPP01287,Everglow Renewables - SCADA Up 2026,ACC0072,R06,Americas,Additional Products & Services (Upsell),SCADA,2026-01-23T10:27:21.000+0000,2026-04-04,Closed Won,Closed,,,Legal review of contract,Portfolio Visibility,25.2,2026-10-31,2026-08-28
OPP01550,Lumen Clean Assets - SaaS Cross 2026,ACC0155,R07,RoW,Cross Sell,SaaS,2026-05-27T16:05:20.000+0000,2026-12-26,Solution Design,Best Case,C02,,Site visit,,,,
OPP00951,Borealis Clean Assets - SCADA Up 2025,ACC0011,R09,RoW,Additional Products & Services (Upsell),SCADA,2025-08-12T12:44:21.000+0000,2025-11-09,Closed Lost,Omitted,,Timing / Project Delayed,,Performance Optimization,12.4,,2026-02-10
OPP00747,Zephyr Wind Holdings - SaaS Cross 2025,ACC0108,R02,Americas,Cross Sell,SaaS,2025-04-26T15:58:09.000+0000,2025-09-30,Closed Won,Closed,,,,Regulatory Compliance,,,
OPP01638,Ember Energy Partners - SaaS New 2026,ACC0126,R08,EMEA,New,SaaS,2026-07-09T12:47:04.000+0000,2026-08-11,Closed Lost,Omitted,C07,Relationship,Pilot scoping call,Performance Optimization,,,
OPP00734,Vireo Power - SCADA New 2025,ACC0033,R12,RoW,New,SCADA,2025-04-20T09:55:31.000+0000,2025-07-19,Closed Won,Closed,C05,,Legal review of contract,,,,
OPP01336,Cobalt Infrastructure - SaaS Up 2026,ACC0130,R07,EMEA,Additional Products & Services (Upsell),SaaS,2026-02-18T15:26:22.000+0000,2026-04-06,Closed Lost,Omitted,C04,Timing / Project Delayed,Pricing discussion with procurement,Performance Optimization,,,
OPP01454,Zephyr Infrastructure - SaaS Cross 2026,ACC0081,R12,RoW,Cross Sell,SaaS,2026-04-11T09:17:03.000+0000,2026-06-08,Closed Lost,Omitted,C07,,Schedule technical demo,,,,
OPP00494,Solara Energy - SaaS New 2024,ACC0099,R11,EMEA,New,SaaS,2024-11-26T08:42:06.000+0000,2025-03-20,Closed Won,Closed,,,,Regulatory Compliance,,,
OPP01241,Solara Utilities - SaaS New 2026,ACC0039,R12,RoW,New,SaaS,2026-01-04T12:10:31.000+0000,2026-03-17,Closed Lost,Omitted,C04,Lost to Incumbent,Security review with IT,Performance Optimization,,,
OPP00278,Solara Utilities - SaaS Cross 2024,ACC0039,R12,EMEA,Cross Sell,SaaS,2024-07-10T14:37:30.000+0000,2024-09-08,Closed Won,Closed,C00,,Send revised proposal,Cost Reduction,,,
OPP01737,Crestline Energy - SCADA New 2026,ACC0096,R11,EMEA,New,SCADA,2026-08-18T09:11:06.000+0000,2026-08-03,Qualification,Pipeline,,,,Regulatory Compliance,308.5,2026-11-12,
OPP00359,Everglow Energy Partners - SaaS New 2024,ACC0035,R13,RoW,New,SaaS,2024-09-01T16:52:30.000+0000,2024-12-09,Closed Lost,Omitted,C02,Functionality Gap,Pilot scoping call,,,,
OPP01272,Kestrel Infrastructure - SCADA Up 2026,ACC0002,R11,EMEA,Additional Products & Services (Upsell),SCADA,2026-01-18T16:33:31.000+0000,2026-02-13,Closed Lost,Omitted,C03,Lost to Incumbent,Pilot scoping call,Cost Reduction,39.4,2026-09-08,
OPP00237,Atlas Infrastructure - SaaS Cross 2024,ACC0111,R05,Americas,Cross Sell,SaaS,2024-06-09T11:24:49.000+0000,2024-11-12,Closed Lost,Omitted,,Functionality Gap,Site visit,,,,
OPP00552,Pinnacle Green Capital - SaaS Up 2024,ACC0124,R06,Americas,Additional Products & Services (Upsell),SaaS,2024-12-27T17:57:50.000+0000,2025-03-21,Closed Won,Closed,C05,,Legal review of contract,,,,
OPP01757,Crestline Power - SaaS New 2026,ACC0065,R06,Americas,New,SaaS,2026-08-26T17:55:43.000+0000,2027-01-16,Qualification,Pipeline,C02,,Security review with IT,Cost Reduction,,,
OPP00800,Kestrel Energy - SaaS Cross 2025,ACC0128,R12,EMEA,Cross Sell,SaaS,2025-05-21T17:06:31.000+0000,2025-08-03,Closed Won,Closed,,,Site visit,Regulatory Compliance,,,
OPP00209,Solstice Energy Partners - SCADA New 2024,ACC0154,R09,RoW,New,SCADA,2024-05-18T13:04:26.000+0000,2025-03-31,Closed Won,Closed,C05,,,Portfolio Visibility,,2026-04-14,2025-05-17
OPP01302,Everglow Infrastructure - SCADA Up 2026,ACC0051,R14,RoW,Additional Products & Services (Upsell),SCADA,2026-01-29T13:36:06.000+0000,2026-06-20,Closed Won,Closed,C03,,Pricing discussion with procurement,Regulatory Compliance,,,
OPP01471,Atlas Wind Holdings - SaaS Cross 2026,ACC0008,R04,Americas,Cross Sell,SaaS,2026-04-20T11:39:01.000+0000,2026-06-16,Closed Lost,Omitted,,Functionality Gap,Schedule technical demo,,,,
OPP00059,Azure Power - SaaS Up 2024,ACC0106,R14,RoW,Additional Products & Services (Upsell),SaaS,2024-02-15T09:40:40.000+0000,2024-06-29,Closed Won,Closed,C02,,,,,,
OPP01495,Halcyon Power - SCADA New 2026,ACC0088,R01,Americas,New,SCADA,2026-04-28T12:35:36.000+0000,2026-07-13,Closed Lost,Omitted,C05,Functionality Gap,Follow up after board meeting,Regulatory Compliance,86.8,2026-12-16,2027-01-19
OPP01488,Zephyr Infrastructure - SCADA Cross 2026,ACC0081,R07,EMEA,Cross Sell,SCADA,2026-04-26T15:48:36.000+0000,2026-05-26,Closed Lost,Omitted,C03,Lost to Incumbent,Pilot scoping call,Portfolio Visibility,22.6,2027-07-19,2026-11-07
OPP00364,Lumen Utilities - SCADA New 2024,ACC0103,R02,Americas,New,SCADA,2024-09-05T08:15:07.000+0000,2024-12-27,Closed Won,Closed,,,,,93.3,,
OPP00979,Zephyr Renewables - SaaS New 2025,ACC0098,R07,RoW,New,SaaS,2025-08-31T10:00:46.000+0000,2026-02-13,Closed Won,Closed,C00,,Send revised proposal,Performance Optimization,,,
OPP00599,Kestrel Power - SCADA New 2025,ACC0005,R03,Americas,New,SCADA,2025-01-25T16:54:59.000+0000,2025-04-20,Closed Won,Closed,C03,,,,176.3,2026-01-15,
OPP01054,Halcyon Power - SCADA New 2025,ACC0088,R01,Americas,New,SCADA,2025-10-06T16:38:15.000+0000,2026-02-24,Closed Lost,Omitted,C07,Timing / Project Delayed,Legal review of contract,Portfolio Visibility,60.2,2026-08-05,
OPP01512,Altamira Energy - SaaS New 2026,ACC0144,R09,EMEA,New,SaaS,2026-05-08T10:19:37.000+0000,2026-07-04,Closed Won,Closed,C02,,Pricing discussion with procurement,,,,
OPP01165,Crestline Power - SCADA Cross 2025,ACC0065,R06,Americas,Cross Sell,SCADA,2025-11-29T15:53:21.000+0000,2026-09-18,Closed Won,Closed,C03,,Site visit,Portfolio Visibility,,2027-12-30,2026-11-16
OPP01610,Orion Green Capital - SaaS Cross 2026,ACC0114,R03,Americas,Cross Sell,SaaS,2026-06-22T15:23:58.000+0000,2026-09-17,Closed Won,Closed,C07,,,Portfolio Visibility,,,
OPP00870,Meridian Energy Partners - SCADA New 2025,ACC0121,R09,RoW,New,SCADA,2025-07-02T17:24:18.000+0000,2025-12-16,Closed Lost,Omitted,,Lost to Incumbent,,Portfolio Visibility,75.6,2026-12-18,
OPP01275,Helios Renewables - SCADA New 2026,ACC0007,R05,Americas,New,SCADA,2026-01-19T14:46:49.000+0000,2026-03-26,Closed Won,Closed,C00,,Schedule technical demo,Cost Reduction,19.9,2027-08-02,2026-10-12
OPP00119,Solara Wind Holdings - SCADA New 2024,ACC0046,R07,EMEA,New,SCADA,2024-03-23T14:30:28.000+0000,2024-07-03,Closed Lost,Omitted,C07,No Decision / Budget,Follow up after board meeting,Regulatory Compliance,87.7,,2024-10-05
OPP01176,Orion Green Capital - SCADA Up 2025,ACC0114,R04,Americas,Additional Products & Services (Upsell),SCADA,2025-12-03T11:51:37.000+0000,2026-01-27,Closed Won,Closed,C05,,Follow up after board meeting,,20.5,,
OPP01654,Crestline Power - SaaS New 2026,ACC0065,R04,Americas,New,SaaS,2026-07-16T09:13:17.000+0000,2027-01-01,Solution Design,Pipeline,C02,,Site visit,Performance Optimization,,,
OPP00523,Prairie Energy - SaaS Up 2024,ACC0095,R05,Americas,Additional Products & Services (Upsell),SaaS,2024-12-10T14:46:47.000+0000,2025-03-31,Closed Won,Closed,C04,,Pilot scoping call,Portfolio Visibility,,,
OPP00514,Zephyr Infrastructure - SaaS Cross 2024,ACC0081,R07,EMEA,Cross Sell,SaaS,2024-12-04T12:33:15.000+0000,2025-03-03,Closed Lost,Omitted,,Price,,Cost Reduction,,,
OPP00082,Halcyon Power - SaaS Up 2024,ACC0088,R01,Americas,Additional Products & Services (Upsell),SaaS,2024-02-28T17:21:19.000+0000,2024-05-06,Closed Lost,Omitted,C07,,,,,,
OPP01822,Kestrel Infrastructure - SaaS New 2025,ACC0002,R11,RoW,New,SaaS,2025-11-04T12:26:36.000+0000,2026-01-16,Closed Lost,Omitted,C00,Duplicate,Follow up after board meeting,,,,
OPP00902,Kestrel Infrastructure - SaaS Cross 2025,ACC0002,R08,EMEA,Cross Sell,SaaS,2025-07-20T08:48:35.000+0000,2025-12-22,Closed Won,Closed,C06,,Schedule technical demo,Regulatory Compliance,,,
OPP00381,Cobalt Utilities - SaaS New 2024,ACC0042,R13,EMEA,New,SaaS,2024-09-16T13:48:28.000+0000,2025-03-10,Closed Lost,Omitted,C04,Price,Schedule technical demo,Cost Reduction,,,
OPP01593,Sierra Clean Assets - SCADA Cross 2026,ACC0064,R01,Americas,Cross Sell,SCADA,2026-06-15T08:56:57.000+0000,2027-03-21,Qualification,Pipeline,C06,,Schedule technical demo,,15.6,2028-08-23,2027-08-22
OPP00085,Orion Energy Partners - SCADA Up 2024,ACC0059,R06,Americas,Additional Products & Services (Upsell),SCADA,2024-03-01T14:47:47.000+0000,2024-06-20,Closed Won,Closed,,,,Portfolio Visibility,,2025-02-01,
OPP01583,Orion Wind Holdings - SCADA New 2026,ACC0140,R05,Americas,New,SCADA,2026-06-11T15:34:45.000+0000,2027-06-23,Qualification,Pipeline,C07,,Security review with IT,Performance Optimization,44.7,2027-12-24,2027-11-10
OPP00330,Pinnacle Clean Assets - SaaS Cross 2024,ACC0036,R09,EMEA,Cross Sell,SaaS,2024-08-11T10:33:44.000+0000,2024-12-21,Closed Won,Closed,C07,,,,,,
OPP00988,Azure Solar Partners - SCADA New 2025,ACC0097,R07,EMEA,New,SCADA,2025-09-04T11:02:08.000+0000,2026-04-20,Closed Lost,Omitted,C05,Functionality Gap,Schedule technical demo,Performance Optimization,65.4,2027-01-09,
OPP00675,Crestline Energy - SCADA Up 2025,ACC0096,R11,RoW,Additional Products & Services (Upsell),SCADA,2025-03-09T08:43:05.000+0000,2025-05-10,Closed Won,Closed,C07,,,,,2026-05-25,
OPP01164,Cobalt Energy - SCADA Up 2025,ACC0013,R13,RoW,Additional Products & Services (Upsell),SCADA,2025-11-29T14:49:36.000+0000,2026-03-31,Closed Won,Closed,C00,,Site visit,Portfolio Visibility,90.8,2027-04-28,2026-09-04
OPP01474,Orion Green Capital - SCADA New 2026,ACC0114,R03,Americas,New,SCADA,2026-04-21T14:11:28.000+0000,2027-03-29,Solution Design,Best Case,C00,,Send revised proposal,,57.8,2028-04-08,
OPP00821,Zephyr Renewables - SaaS New 2025,ACC0098,R07,RoW,New,SaaS,2025-06-01T11:38:39.000+0000,2025-11-18,Closed Lost,Omitted,C06,Price,Security review with IT,Portfolio Visibility,,,
OPP00452,Zephyr Solar Partners - SCADA New 2024,ACC0041,R01,Americas,New,SCADA,2024-11-02T14:30:41.000+0000,2025-01-19,Closed Lost,Omitted,C00,,Site visit,,,2026-07-06,2025-06-09
OPP00491,Solstice Renewables - SaaS New 2024,ACC0053,R13,EMEA,New,SaaS,2024-11-25T17:41:49.000+0000,2025-04-23,Closed Lost,Omitted,C04,Price,Site visit,,,,
OPP01393,Solstice Utilities - SCADA New 2026,ACC0058,R14,RoW,New,SCADA,2026-03-11T09:04:33.000+0000,2026-05-31,Closed Lost,Omitted,C05,Functionality Gap,Legal review of contract,Performance Optimization,56.0,2027-01-14,
OPP00288,Zephyr Solar Partners - SaaS New 2024,ACC0041,R01,Americas,New,SaaS,2024-07-15T15:17:37.000+0000,2024-10-16,Closed Lost,Omitted,C04,Price,Pricing discussion with procurement,,,,
OPP01462,Crestline Power - SCADA New 2026,ACC0065,R06,Americas,New,SCADA,2026-04-14T10:10:19.000+0000,2026-06-28,Closed Won,Closed,C03,,,Cost Reduction,,2027-10-13,2026-10-08
OPP01866,TEST Account - Sandbox - SaaS Demo,ACC9999,R08,RoW,New,SaaS,2025-07-01T16:12:03.000+0000,2025-11-01,Closed Won,Closed,C06,,Pilot scoping call,Portfolio Visibility,,,
OPP01285,Kestrel Infrastructure - SaaS New 2026,ACC0002,R10,RoW,New,SaaS,2026-01-22T10:50:33.000+0000,2026-02-20,Closed Lost,Omitted,,Price,Legal review of contract,Regulatory Compliance,,,
OPP00681,Atlas Renewables - SCADA New 2025,ACC0022,R03,Americas,New,SCADA,2025-03-12T12:07:14.000+0000,2025-06-05,Closed Lost,Omitted,C06,Timing / Project Delayed,Pilot scoping call,,28.4,,2025-09-23
OPP01502,Pinnacle Energy Partners - SaaS New 2026,ACC0027,R13,RoW,New,SaaS,2026-05-01T08:16:10.000+0000,2026-08-06,Closed Won,Closed,C02,,Follow up after board meeting,,,,
OPP01405,Crestline Power - SCADA Cross 2026,ACC0065,R06,Americas,Cross Sell,SCADA,2026-03-17T15:13:14.000+0000,2026-08-31,Closed Lost,Omitted,C07,No Decision / Budget,Schedule technical demo,Regulatory Compliance,41.5,2027-03-16,2027-02-01
OPP01606,Prairie Green Capital - SaaS New 2026,ACC0143,R14,RoW,New,SaaS,2026-06-19T14:17:58.000+0000,2026-12-18,Solution Design,Best Case,C04,,Send revised proposal,Regulatory Compliance,,,
OPP00713,Helios Clean Assets - SCADA Cross 2025,ACC0063,R09,EMEA,Cross Sell,SCADA,2025-04-01T09:33:44.000+0000,2025-09-03,Closed Lost,Omitted,,Lost to Incumbent,Pricing discussion with procurement,,112.5,,
OPP01592,Meridian Utilities - SaaS Up 2026,ACC0079,R11,RoW,Additional Products & Services (Upsell),SaaS,2026-06-14T14:37:45.000+0000,2026-09-03,Closed Lost,Omitted,C05,Functionality Gap,Pilot scoping call,Portfolio Visibility,,,
OPP00820,Kestrel Infrastructure - SaaS Cross 2025,ACC0002,R11,EMEA,Cross Sell,SaaS,2025-06-01T11:56:48.000+0000,2025-10-18,Closed Lost,Omitted,,Functionality Gap,Security review with IT,,,,
OPP01304,Everglow Infrastructure - SCADA New 2026,ACC0051,R07,EMEA,New,SCADA,2026-01-31T10:01:57.000+0000,2026-06-11,Closed Lost,Omitted,C00,Price,Send revised proposal,Regulatory Compliance,98.1,2027-07-12,2026-10-14
OPP01558,Cobalt Utilities - SCADA Cross 2026,ACC0042,R13,EMEA,Cross Sell,SCADA,2026-05-30T13:59:17.000+0000,2026-07-31,Closed Lost,Omitted,C05,,Security review with IT,Performance Optimization,33.5,2027-11-30,2027-02-13
OPP00328,Kestrel Infrastructure - SaaS New 2024,ACC0002,R11,RoW,New,SaaS,2024-08-09T11:50:54.000+0000,2024-09-19,Closed Lost,Omitted,C04,Functionality Gap,Pricing discussion with procurement,,,,
OPP00931,Zephyr Renewables - SCADA New 2025,ACC0098,R07,RoW,New,SCADA,2025-08-03T17:27:22.000+0000,2025-10-27,Closed Won,Closed,C06,,Legal review of contract,Regulatory Compliance,88.6,,2026-01-26
OPP01246,Prairie Energy - SaaS New 2026,ACC0095,R02,Americas,New,SaaS,2026-01-07T13:38:03.000+0000,2026-02-05,Closed Won,Closed,C02,,Pricing discussion with procurement,,,,
OPP01011,Crestline Power - SCADA New 2025,ACC0065,R06,Americas,New,SCADA,2025-09-13T12:38:25.000+0000,2026-01-15,Closed Lost,Omitted,C01,,,Performance Optimization,41.5,2027-05-15,2026-07-02
OPP01541,Meridian Utilities - SaaS New 2026,ACC0079,R11,RoW,New,SaaS,2026-05-23T09:54:30.000+0000,2026-09-12,Closed Lost,Omitted,C05,,,Portfolio Visibility,,,
OPP00783,Ember Power - SCADA Up 2025,ACC0004,R09,RoW,Additional Products & Services (Upsell),SCADA,2025-05-13T14:55:27.000+0000,2025-07-25,Closed Won,Closed,C05,,Security review with IT,Cost Reduction,30.4,2026-07-23,2026-03-05
OPP00178,Vireo Wind Holdings - SaaS New 2024,ACC0087,R07,EMEA,New,SaaS,2024-05-02T15:01:37.000+0000,2024-12-31,Closed Won,Closed,C02,,Site visit,Performance Optimization,,,
OPP01394,Lumen Utilities - SCADA Cross 2026,ACC0103,R05,Americas,Cross Sell,SCADA,2026-03-12T08:44:57.000+0000,2026-11-25,Proposal,Best Case,C00,,Send revised proposal,Performance Optimization,47.5,2027-03-04,
OPP00629,Sierra Power - SaaS Cross 2025,ACC0092,R14,EMEA,Cross Sell,SaaS,2025-02-07T15:07:12.000+0000,2025-06-21,Closed Won,Closed,C07,,Pricing discussion with procurement,Regulatory Compliance,,,
OPP00087,Altamira Infrastructure - SaaS New 2024,ACC0105,R14,RoW,New,SaaS,2024-03-02T09:48:47.000+0000,2024-06-28,Closed Won,Closed,,,,Cost Reduction,,,
OPP01323,Zephyr Infrastructure - SaaS New 2026,ACC0081,R07,RoW,New,SaaS,2026-02-09T08:01:28.000+0000,2026-06-24,Closed Won,Closed,C05,,Legal review of contract,Regulatory Compliance,,,
OPP01785,Prairie Energy - SCADA New 2026,ACC0095,R05,Americas,New,SCADA,2026-09-09T09:41:59.000+0000,2027-03-31,Prospecting,Best Case,C01,,,Regulatory Compliance,67.7,2027-12-01,2027-09-17
OPP00458,Lumen Utilities - SCADA New 2024,ACC0103,R05,Americas,New,SCADA,2024-11-04T13:45:33.000+0000,2025-08-21,Closed Lost,Omitted,C03,Price,,Performance Optimization,47.5,2027-01-04,
OPP00055,Pinnacle Green Capital - SCADA New 2024,ACC0124,R06,Americas,New,SCADA,2024-02-14T09:01:10.000+0000,2024-11-05,Closed Lost,Omitted,C05,,Legal review of contract,,25.7,2025-02-22,2025-05-27
OPP01793,Halcyon Power - SaaS Cross 2026,ACC0088,R01,Americas,Cross Sell,SaaS,2026-09-13T13:53:15.000+0000,2026-12-23,Prospecting,Pipeline,,,Send revised proposal,Regulatory Compliance,,,
OPP00222,Prairie Energy - SCADA New 2024,ACC0095,R05,Americas,New,SCADA,2024-05-26T10:13:41.000+0000,2025-01-20,Closed Won,Closed,C05,,,,,,2025-08-10
OPP00114,Prairie Energy - SCADA New 2024,ACC0095,R01,Americas,New,SCADA,2024-03-22T08:57:59.000+0000,2024-07-10,Closed Lost,Omitted,C05,Lost to Incumbent,Site visit,Regulatory Compliance,31.3,,
OPP01531,Solara Utilities - SaaS New 2026,ACC0039,R12,RoW,New,SaaS,2026-05-18T08:52:40.000+0000,2026-09-19,Closed Won,Closed,,,Pricing discussion with procurement,Cost Reduction,,,
OPP01217,Cobalt Utilities - SaaS New 2025,ACC0042,R13,EMEA,New,SaaS,2025-12-24T11:12:04.000+0000,2026-09-21,Closed Won,Closed,C06,,Pilot scoping call,Portfolio Visibility,,,
OPP01182,Altamira Energy - SaaS New 2025,ACC0144,R09,EMEA,New,SaaS,2025-12-06T15:23:45.000+0000,2026-03-14,Closed Lost,Omitted,C05,Timing / Project Delayed,Send revised proposal,Performance Optimization,,,
OPP00175,Cobalt Energy - SaaS New 2024,ACC0013,R13,EMEA,New,SaaS,2024-04-30T14:08:56.000+0000,2024-07-18,Closed Lost,Omitted,,,,,,,
OPP00991,Halcyon Power - SCADA New 2025,ACC0088,R01,Americas,New,SCADA,2025-09-05T14:39:03.000+0000,2026-06-20,Closed Won,Closed,,,,,154.9,2027-09-05,2026-11-11
OPP00590,Meridian Utilities - SCADA Cross 2025,ACC0079,R14,RoW,Cross Sell,SCADA,2025-01-20T14:08:36.000+0000,2025-09-24,Closed Won,Closed,,,,Performance Optimization,19.0,,
OPP01470,Altamira Energy - SCADA Cross 2026,ACC0144,R09,EMEA,Cross Sell,SCADA,2026-04-20T11:06:38.000+0000,2026-06-07,Closed Won,Closed,C05,,Follow up after board meeting,Performance Optimization,136.7,2027-10-08,2026-09-13
OPP00019,Halcyon Power - SCADA Up 2024,ACC0088,R01,Americas,Additional Products & Services (Upsell),SCADA,2024-01-16T16:02:38.000+0000,2024-02-19,Closed Lost,Omitted,,,Security review with IT,Performance Optimization,,2025-03-19,2024-07-05
OPP00424,Prairie Renewables - SaaS New 2024,ACC0049,R08,EMEA,New,SaaS,2024-10-17T08:52:21.000+0000,2025-06-27,Closed Won,Closed,C04,,Send revised proposal,,,,
OPP01376,Azure Solar Partners - SaaS New 2026,ACC0097,R07,EMEA,New,SaaS,2026-03-06T17:09:16.000+0000,2026-08-08,Closed Lost,Omitted,C02,,Pricing discussion with procurement,Portfolio Visibility,,,
OPP00286,Solstice Green Capital - SaaS New 2024,ACC0090,R07,EMEA,New,SaaS,2024-07-15T08:17:58.000+0000,2024-10-17,Closed Lost,Omitted,C00,No Decision / Budget,Site visit,Regulatory Compliance,,,
OPP01494,Crestline Wind Holdings - SaaS Up 2026,ACC0037,R13,RoW,Additional Products & Services (Upsell),SaaS,2026-04-27T08:07:00.000+0000,2026-06-20,Closed Won,Closed,C00,,Legal review of contract,,,,
OPP00429,Altamira Solar Partners - SaaS New 2024,ACC0135,R12,EMEA,New,SaaS,2024-10-20T14:07:58.000+0000,2024-12-03,Closed Lost,Omitted,C00,No Decision / Budget,Site visit,Performance Optimization,,,
OPP01422,Helios Utilities - SCADA Up 2026,ACC0102,R14,RoW,Additional Products & Services (Upsell),SCADA,2026-03-31T11:42:01.000+0000,2026-08-25,Closed Won,Closed,C03,,Site visit,Regulatory Compliance,17.5,,2026-09-25
OPP00944,Crestline Power - SCADA New 2025,ACC0065,R06,Americas,New,SCADA,2025-08-09T17:26:23.000+0000,2025-11-27,Closed Lost,Omitted,C03,Lost to Incumbent,Follow up after board meeting,Portfolio Visibility,12.8,,
OPP00032,Lumen Solar Partners - SCADA New 2024,ACC0026,R03,Americas,New,SCADA,2024-01-28T10:34:32.000+0000,2024-07-25,Closed Lost,Omitted,,Lost to Incumbent,Pricing discussion with procurement,Regulatory Compliance,37.3,2025-02-22,
OPP01433,Altamira Infrastructure - SaaS Up 2026,ACC0105,R14,EMEA,Additional Products & Services (Upsell),SaaS,2026-04-04T17:40:00.000+0000,2026-05-26,Closed Won,Closed,C02,,Pricing discussion with procurement,Portfolio Visibility,,,
OPP01254,Kestrel Wind Holdings - SaaS New 2026,ACC0030,R11,RoW,New,SaaS,2026-01-10T14:08:18.000+0000,2026-03-10,Closed Lost,Omitted,,,Pilot scoping call,,,,
OPP00215,Azure Energy Partners - SaaS Up 2024,ACC0104,R11,EMEA,Additional Products & Services (Upsell),SaaS,2024-05-22T16:33:07.000+0000,2024-06-09,Closed Lost,Omitted,,,Follow up after board meeting,Portfolio Visibility,,,
OPP01310,Prairie Energy - SaaS New 2026,ACC0095,R05,Americas,New,SaaS,2026-02-03T09:44:58.000+0000,2026-03-25,Closed Lost,Omitted,,,Follow up after board meeting,,,,
OPP00327,Altamira Infrastructure - SaaS New 2024,ACC0105,R08,RoW,New,SaaS,2024-08-08T14:06:53.000+0000,2024-10-11,Closed Won,Closed,C04,,Schedule technical demo,Portfolio Visibility,,,
OPP00561,Lumen Energy Partners - SaaS New 2025,ACC0062,R01,Americas,New,SaaS,2025-01-05T17:34:18.000+0000,2025-05-22,Closed Lost,Omitted,C05,Functionality Gap,Follow up after board meeting,,,,
OPP01873,TEST Account - Sandbox - SCADA Demo,ACC9999,R04,Americas,Additional Products & Services (Upsell),SCADA,2024-05-30T14:30:13.000+0000,2024-09-22,Closed Won,Closed,C06,,,,,,
OPP01252,Lumen Utilities - SaaS Up 2026,ACC0103,R03,Americas,Additional Products & Services (Upsell),SaaS,2026-01-08T09:54:25.000+0000,2026-02-22,Closed Lost,Omitted,C00,No Decision / Budget,,,,,
OPP01380,Zephyr Renewables - SaaS Up 2026,ACC0098,R07,EMEA,Additional Products & Services (Upsell),SaaS,2026-03-07T11:26:03.000+0000,2026-05-25,Closed Lost,Omitted,C00,,Pilot scoping call,Portfolio Visibility,,,
OPP00342,Halcyon Power - SCADA Cross 2024,ACC0088,R01,Americas,Cross Sell,SCADA,2024-08-22T14:22:13.000+0000,2024-11-08,Closed Lost,Omitted,C01,Price,Send revised proposal,Portfolio Visibility,112.1,2026-03-01,2025-02-07
OPP00630,Altamira Energy - SaaS Cross 2025,ACC0144,R13,EMEA,Cross Sell,SaaS,2025-02-07T11:25:41.000+0000,2025-03-15,Closed Lost,Omitted,C05,,,,,,
OPP00148,Solstice Green Capital - SaaS New 2024,ACC0090,R07,EMEA,New,SaaS,2024-04-13T09:18:06.000+0000,2024-05-06,Closed Lost,Omitted,,Price,Pilot scoping call,Cost Reduction,,,
OPP00361,Azure Solar Partners - SaaS Up 2024,ACC0097,R07,EMEA,Additional Products & Services (Upsell),SaaS,2024-09-02T12:12:53.000+0000,2024-12-24,Closed Won,Closed,C02,,Security review with IT,Portfolio Visibility,,,
OPP00084,Borealis Infrastructure - SCADA New 2024,ACC0078,R02,Americas,New,SCADA,2024-02-29T11:50:16.000+0000,2024-11-15,Closed Lost,Omitted,,,,,,,
OPP00049,Crestline Energy Partners - SaaS Cross 2024,ACC0001,R04,Americas,Cross Sell,SaaS,2024-02-08T10:53:16.000+0000,2024-04-29,Closed Lost,Omitted,C00,No Decision / Budget,Site visit,,,,
OPP00469,Orion Green Capital - SCADA Up 2024,ACC0114,R05,Americas,Additional Products & Services (Upsell),SCADA,2024-11-11T13:06:06.000+0000,2025-02-05,Closed Lost,Omitted,C05,Price,Security review with IT,Regulatory Compliance,20.5,2025-12-21,
OPP00156,Altamira Energy - SaaS New 2024,ACC0144,R09,EMEA,New,SaaS,2024-04-19T13:47:05.000+0000,2024-06-20,Closed Lost,Omitted,C05,Functionality Gap,,,,,
OPP01630,Solara Utilities - SaaS New 2026,ACC0039,R12,RoW,New,SaaS,2026-07-04T11:44:43.000+0000,2026-10-12,Negotiation,Commit,C04,,,Cost Reduction,,,
OPP00924,Solara Utilities - SaaS New 2025,ACC0039,R13,RoW,New,SaaS,2025-07-30T11:21:01.000+0000,2025-09-26,Closed Won,Closed,,,Send revised proposal,,,,
OPP01876,TEST Account - Sandbox - SCADA Demo,ACC9999,R01,Americas,Cross Sell,SCADA,2025-06-13T12:38:45.000+0000,2025-09-12,Closed Won,Closed,C01,,Follow up after board meeting,Portfolio Visibility,97.1,2027-01-02,2026-03-25
OPP01317,Ember Solar Partners - SaaS New 2026,ACC0086,R10,RoW,New,SaaS,2026-02-06T08:16:24.000+0000,2026-05-14,Closed Lost,Omitted,C05,Functionality Gap,,Portfolio Visibility,,,
OPP01133,Prairie Energy - SaaS New 2025,ACC0095,R05,Americas,New,SaaS,2025-11-10T15:43:06.000+0000,2026-01-18,Closed Lost,Omitted,C04,Price,Security review with IT,Cost Reduction,,,
OPP01538,Crestline Power - SaaS Cross 2026,ACC0065,R06,Americas,Cross Sell,SaaS,2026-05-22T08:57:00.000+0000,2026-07-29,Closed Lost,Omitted,C04,Price,Schedule technical demo,Performance Optimization,,,
OPP00501,Lumen Utilities - SCADA New 2024,ACC0103,R01,Americas,New,SCADA,2024-11-29T14:09:14.000+0000,2025-04-29,Closed Won,Closed,,,Legal review of contract,Cost Reduction,70.7,,2025-09-06
OPP00180,Altamira Energy - SCADA New 2024,ACC0144,R09,RoW,New,SCADA,2024-05-03T16:20:30.000+0000,2025-05-24,Closed Lost,Omitted,C03,,,,85.0,2025-11-14,2025-07-21
OPP01581,Sierra Clean Assets - SaaS Up 2026,ACC0064,R03,Americas,Additional Products & Services (Upsell),SaaS,2026-06-09T17:52:52.000+0000,2026-08-22,Closed Lost,Omitted,C02,Price,,Performance Optimization,,,
OPP00911,Zephyr Renewables - SaaS Up 2025,ACC0098,R07,EMEA,Additional Products & Services (Upsell),SaaS,2025-07-24T08:32:57.000+0000,2025-10-02,Closed Won,Closed,C02,,,Cost Reduction,,,
OPP00702,Pinnacle Renewables - SCADA New 2025,ACC0159,R07,RoW,New,SCADA,2025-03-26T11:13:15.000+0000,2025-08-05,Closed Lost,Omitted,C05,Functionality Gap,Pilot scoping call,Cost Reduction,61.0,2026-10-02,2026-01-08
OPP00782,Kestrel Infrastructure - SaaS New 2025,ACC0002,R11,EMEA,New,SaaS,2025-05-12T17:27:48.000+0000,2025-06-19,Closed Lost,Omitted,C02,Functionality Gap,Schedule technical demo,,,,
OPP01533,Kestrel Infrastructure - SaaS New 2026,ACC0002,R11,EMEA,New,SaaS,2026-05-19T17:39:50.000+0000,2026-09-23,Closed Won,Closed,C00,,Pricing discussion with procurement,,,,
OPP00529,Sierra Wind Holdings - SaaS New 2024,ACC0122,R11,RoW,New,SaaS,2024-12-14T15:55:02.000+0000,2025-03-06,Closed Lost,Omitted,C04,Price,Schedule technical demo,Portfolio Visibility,,,
OPP00347,Azure Power - SCADA Up 2024,ACC0106,R14,EMEA,Additional Products & Services (Upsell),SCADA,2024-08-25T15:05:40.000+0000,2024-10-28,Closed Won,Closed,C06,,Follow up after board meeting,,21.7,,2025-06-11
OPP01303,Solara Utilities - SaaS New 2026,ACC0039,R12,EMEA,New,SaaS,2026-01-30T16:04:18.000+0000,2026-06-29,Closed Won,Closed,C04,,Legal review of contract,Performance Optimization,,,
OPP01841,Pinnacle Energy Partners - SCADA Renewal 2024,ACC0027,R13,RoW,Renewal,SCADA,2024-03-26T10:04:21.000+0000,2024-07-06,Closed Lost,Omitted,C00,Timing / Project Delayed,Pilot scoping call,Portfolio Visibility,,,2024-08-09
OPP01503,Meridian Utilities - SCADA Up 2026,ACC0079,R11,RoW,Additional Products & Services (Upsell),SCADA,2026-05-02T12:42:41.000+0000,2026-06-21,Closed Lost,Omitted,C03,Lost to Incumbent,,,42.6,2027-08-23,
OPP00995,Kestrel Power - SCADA Up 2025,ACC0005,R03,Americas,Additional Products & Services (Upsell),SCADA,2025-09-07T15:31:57.000+0000,2025-12-27,Closed Won,Closed,C06,,Security review with IT,,,,2026-07-15
OPP01327,Zephyr Clean Assets - SCADA New 2026,ACC0003,R09,RoW,New,SCADA,2026-02-12T13:40:25.000+0000,2027-03-24,Solution Design,Best Case,,,Send revised proposal,Regulatory Compliance,,2028-01-14,2027-09-09
OPP00602,Helios Utilities - SaaS New 2025,ACC0102,R14,EMEA,New,SaaS,2025-01-26T08:02:00.000+0000,2025-03-18,Closed Lost,Omitted,,Price,Pricing discussion with procurement,Portfolio Visibility,,,
OPP01724,Halcyon Power - SaaS Cross 2026,ACC0088,R01,Americas,Cross Sell,SaaS,2026-08-12T17:17:54.000+0000,2026-09-03,Closed Lost,Omitted,C00,No Decision / Budget,,Performance Optimization,,,
OPP00244,Altamira Solar Partners - SCADA Up 2024,ACC0135,R12,EMEA,Additional Products & Services (Upsell),SCADA,2024-06-14T09:30:01.000+0000,2024-08-07,Closed Lost,Omitted,C05,,,,91.9,,2024-09-29
OPP01129,Pinnacle Green Capital - SCADA Cross 2025,ACC0124,R06,Americas,Cross Sell,SCADA,2025-11-07T12:13:29.000+0000,2026-01-22,Closed Lost,Omitted,C01,Price,Send revised proposal,Portfolio Visibility,,,2026-04-25
OPP01415,Helios Power - SCADA New 2026,ACC0032,R01,Americas,New,SCADA,2026-03-25T17:31:50.000+0000,2027-03-25,Solution Design,Best Case,C03,,Security review with IT,Regulatory Compliance,61.3,2027-08-13,2027-08-19
OPP01388,Solara Green Capital - SCADA Cross 2026,ACC0101,R07,EMEA,Cross Sell,SCADA,2026-03-10T12:47:48.000+0000,2026-09-23,Closed Won,Closed,C05,,Legal review of contract,Portfolio Visibility,85.8,2027-06-19,2027-02-14
OPP00313,Prairie Energy - SaaS Cross 2024,ACC0095,R05,Americas,Cross Sell,SaaS,2024-07-30T10:43:03.000+0000,2024-09-21,Closed Lost,Omitted,C02,Functionality Gap,Follow up after board meeting,Regulatory Compliance,,,
OPP00436,Pinnacle Renewables - SaaS Cross 2024,ACC0159,R07,EMEA,Cross Sell,SaaS,2024-10-26T09:39:01.000+0000,2024-11-14,Closed Lost,Omitted,C00,Timing / Project Delayed,,Cost Reduction,,,
OPP01784,Kestrel Renewables - SCADA New 2026,ACC0146,R09,EMEA,New,SCADA,2026-09-08T13:14:11.000+0000,2027-08-25,Prospecting,Pipeline,C03,,Pilot scoping call,,15.8,2028-08-29,2028-02-21
OPP01201,Zephyr Renewables - SCADA New 2025,ACC0098,R07,RoW,New,SCADA,2025-12-16T13:25:09.000+0000,2026-06-06,Closed Lost,Omitted,C01,Functionality Gap,Follow up after board meeting,Cost Reduction,39.5,2027-05-02,2026-10-16
OPP00309,Prairie Energy - SCADA Up 2024,ACC0095,R05,Americas,Additional Products & Services (Upsell),SCADA,2024-07-27T13:13:49.000+0000,2025-04-03,Closed Won,Closed,C03,,Pilot scoping call,Performance Optimization,67.7,2025-09-03,2025-06-02
OPP00431,Orion Green Capital - SCADA New 2024,ACC0114,R03,Americas,New,SCADA,2024-10-22T14:52:32.000+0000,2025-02-16,Closed Lost,Omitted,C07,,,Portfolio Visibility,,,
OPP00661,Altamira Renewables - SCADA Cross 2025,ACC0160,R14,RoW,Cross Sell,SCADA,2025-02-23T10:08:21.000+0000,2025-09-22,Closed Won,Closed,C01,,Pricing discussion with procurement,,,2027-02-26,
OPP00371,Prairie Energy - SaaS New 2024,ACC0095,R05,Americas,New,SaaS,2024-09-10T12:56:45.000+0000,2025-02-02,Closed Lost,Omitted,,Price,Pilot scoping call,,,,
OPP00567,Atlas Infrastructure - SaaS New 2025,ACC0111,R05,Americas,New,SaaS,2025-01-08T10:48:22.000+0000,2025-03-26,Closed Lost,Omitted,C02,Functionality Gap,Send revised proposal,Cost Reduction,,,
OPP00866,Crestline Power - SCADA Cross 2025,ACC0065,R06,Americas,Cross Sell,SCADA,2025-06-30T08:04:22.000+0000,2025-11-18,Closed Lost,Omitted,C05,,,Cost Reduction,,2027-04-17,2026-03-18
OPP00182,Lumen Solar Partners - SCADA Up 2024,ACC0026,R03,Americas,Additional Products & Services (Upsell),SCADA,2024-05-03T15:02:26.000+0000,2024-09-02,Closed Lost,Omitted,C01,,,Regulatory Compliance,27.4,,2025-02-17
OPP00772,Solstice Utilities - SaaS Cross 2025,ACC0058,R14,RoW,Cross Sell,SaaS,2025-05-08T08:15:23.000+0000,2025-08-11,Closed Lost,Omitted,C05,Functionality Gap,Follow up after board meeting,,,,
OPP00622,Cobalt Utilities - SCADA Up 2025,ACC0042,R13,RoW,Additional Products & Services (Upsell),SCADA,2025-02-04T17:02:24.000+0000,2025-04-26,Closed Lost,Omitted,C03,Timing / Project Delayed,Security review with IT,Portfolio Visibility,,2025-10-17,
OPP01375,Meridian Clean Assets - SCADA New 2026,ACC0056,R05,Americas,New,SCADA,2026-03-04T16:41:37.000+0000,2026-09-29,Closed Won,Closed,C00,,Pilot scoping call,Performance Optimization,37.0,2028-02-20,2027-04-24
OPP01126,Halcyon Power - SaaS Cross 2025,ACC0088,R01,Americas,Cross Sell,SaaS,2025-11-05T08:58:20.000+0000,2026-03-05,Closed Won,Closed,C07,,Pilot scoping call,,,,
OPP00844,Altamira Energy - SaaS Up 2025,ACC0144,R11,EMEA,Additional Products & Services (Upsell),SaaS,2025-06-16T15:48:49.000+0000,2025-08-13,Closed Lost,Omitted,,Price,,Portfolio Visibility,,,
OPP01731,Cobalt Infrastructure - SCADA Up 2026,ACC0130,R07,EMEA,Additional Products & Services (Upsell),SCADA,2026-08-14T10:00:15.000+0000,2026-12-18,Qualification,Pipeline,C06,,Send revised proposal,Regulatory Compliance,39.5,2027-09-12,2027-04-22
OPP00297,Solara Utilities - SCADA New 2024,ACC0039,R12,EMEA,New,SCADA,2024-07-20T08:59:47.000+0000,2024-12-10,Closed Lost,Omitted,C05,,Send revised proposal,,,,
OPP00803,Crestline Energy - SCADA Up 2025,ACC0096,R11,RoW,Additional Products & Services (Upsell),SCADA,2025-05-22T11:19:46.000+0000,2025-07-13,Closed Lost,Omitted,C06,No Decision / Budget,,Performance Optimization,,2025-12-02,
OPP00462,Solara Clean Assets - SCADA Up 2024,ACC0010,R03,Americas,Additional Products & Services (Upsell),SCADA,2024-11-08T10:25:03.000+0000,2025-03-24,Closed Won,Closed,,,Legal review of contract,Cost Reduction,43.6,,
OPP01223,Altamira Energy - SaaS Cross 2025,ACC0144,R09,RoW,Cross Sell,SaaS,2025-12-26T15:35:04.000+0000,2026-04-02,Closed Lost,Omitted,C04,,Security review with IT,Regulatory Compliance,,,
OPP01108,Altamira Infrastructure - SaaS New 2025,ACC0105,R14,EMEA,New,SaaS,2025-10-29T11:31:49.000+0000,2025-12-13,Closed Lost,Omitted,C02,Functionality Gap,,,,,
OPP00378,Crestline Green Capital - SCADA New 2024,ACC0067,R04,Americas,New,SCADA,2024-09-14T14:26:50.000+0000,2024-11-28,Closed Won,Closed,,,,,123.5,2026-05-18,2025-07-24
OPP01174,Halcyon Power - SCADA Up 2025,ACC0088,R02,Americas,Additional Products & Services (Upsell),SCADA,2025-12-02T13:27:36.000+0000,2026-01-16,Closed Lost,Omitted,,Functionality Gap,Schedule technical demo,,62.2,,2026-05-17
OPP00106,Helios Clean Assets - SaaS Up 2024,ACC0063,R09,EMEA,Additional Products & Services (Upsell),SaaS,2024-03-17T14:20:14.000+0000,2024-06-30,Closed Won,Closed,C00,,Pricing discussion with procurement,Regulatory Compliance,,,
OPP00127,Halcyon Power - SaaS Up 2024,ACC0088,R01,Americas,Additional Products & Services (Upsell),SaaS,2024-03-29T11:09:53.000+0000,2024-06-20,Closed Lost,Omitted,C06,,Legal review of contract,Regulatory Compliance,,,
OPP01250,Zephyr Infrastructure - SCADA New 2026,ACC0081,R07,RoW,New,SCADA,2026-01-08T09:40:00.000+0000,2026-10-23,Negotiation,Commit,C01,,Pricing discussion with procurement,Cost Reduction,10.0,2027-07-20,2027-02-19
OPP00941,Zephyr Renewables - SCADA New 2025,ACC0098,R07,EMEA,New,SCADA,2025-08-07T13:36:06.000+0000,2025-12-27,Closed Lost,Omitted,C01,Price,Site visit,Portfolio Visibility,88.6,,2026-07-30
OPP00356,Orion Energy - SCADA New 2024,ACC0089,R02,Americas,New,SCADA,2024-08-31T15:38:36.000+0000,2025-06-02,Closed Won,Closed,C00,,Pilot scoping call,,,,
OPP01525,Orion Solar Partners - SaaS New 2026,ACC0125,R11,EMEA,New,SaaS,2026-05-14T12:42:47.000+0000,2026-12-08,Proposal,Best Case,,,,Portfolio Visibility,,,
OPP00683,Cobalt Infrastructure - SaaS New 2025,ACC0130,R11,RoW,New,SaaS,2025-03-15T15:23:30.000+0000,2025-07-18,Closed Lost,Omitted,,Price,Pricing discussion with procurement,,,,
OPP01002,Tidewater Green Capital - SaaS New 2025,ACC0113,R08,RoW,New,SaaS,2025-09-09T12:03:04.000+0000,2025-09-24,Closed Lost,Omitted,C02,Price,Site visit,Portfolio Visibility,,,
OPP01820,Solstice Energy Partners - SCADA New 2025,ACC0154,R13,RoW,New,SCADA,2025-01-12T09:46:26.000+0000,2025-10-29,Closed Lost,Omitted,C01,Duplicate,Pilot scoping call,Cost Reduction,,,2025-12-06
OPP00210,Kestrel Renewables - SaaS New 2024,ACC0146,R11,EMEA,New,SaaS,2024-05-18T10:11:54.000+0000,2024-09-28,Closed Won,Closed,,,,Regulatory Compliance,,,
OPP00789,Solara Infrastructure - SaaS Up 2025,ACC0091,R05,Americas,Additional Products & Services (Upsell),SaaS,2025-05-17T16:12:38.000+0000,2025-09-14,Closed Lost,Omitted,C00,No Decision / Budget,Security review with IT,Performance Optimization,,,
OPP00141,Orion Energy Partners - SCADA New 2024,ACC0059,R06,Americas,New,SCADA,2024-04-06T15:50:58.000+0000,2024-07-16,Closed Lost,Omitted,C01,Price,Security review with IT,Portfolio Visibility,,,
OPP01351,Azure Power - SaaS Cross 2026,ACC0106,R14,RoW,Cross Sell,SaaS,2026-02-26T09:15:05.000+0000,2026-05-11,Closed Lost,Omitted,C02,Relationship,,Regulatory Compliance,,,
OPP01827,Zephyr Renewables - SaaS New 2026,ACC0098,R07,RoW,New,SaaS,2026-05-03T15:16:28.000+0000,2026-06-10,Closed Lost,Omitted,C06,Duplicate,Send revised proposal,,,,
OPP00998,Azure Solar Partners - SCADA Cross 2025,ACC0097,R07,EMEA,Cross Sell,SCADA,2025-09-08T15:43:58.000+0000,2026-01-20,Closed Lost,Omitted,C03,Lost to Incumbent,Site visit,Regulatory Compliance,114.4,2027-05-15,
OPP01708,Prairie Energy Partners - SCADA New 2026,ACC0134,R08,EMEA,New,SCADA,2026-08-05T11:26:52.000+0000,2027-03-19,Qualification,Pipeline,C07,,Site visit,,23.4,2028-08-03,2027-11-01
OPP01037,Zephyr Infrastructure - SaaS New 2025,ACC0081,R07,RoW,New,SaaS,2025-09-24T15:51:34.000+0000,2025-10-20,Closed Lost,Omitted,C04,,,,,,
OPP01682,Halcyon Power - SaaS Cross 2026,ACC0088,R01,Americas,Cross Sell,SaaS,2026-07-25T12:54:15.000+0000,2027-03-28,Qualification,Pipeline,C02,,Security review with IT,Cost Reduction,,,
OPP00712,Crestline Power - SaaS Up 2025,ACC0065,R06,Americas,Additional Products & Services (Upsell),SaaS,2025-03-31T10:23:35.000+0000,2025-09-17,Closed Won,Closed,C07,,Site visit,Cost Reduction,,,
OPP01190,Prairie Energy - SaaS New 2025,ACC0095,R05,Americas,New,SaaS,2025-12-09T08:59:38.000+0000,2026-02-25,Closed Lost,Omitted,C02,,Send revised proposal,Portfolio Visibility,,,
OPP01858,Azure Energy Partners - SaaS Renewal 2025,ACC0104,R07,EMEA,Renewal,SaaS,2025-06-03T16:01:52.000+0000,2025-11-15,Closed Lost,Omitted,C04,Price,Security review with IT,,,,
OPP00765,Solstice Wind Holdings - SaaS New 2025,ACC0142,R02,Americas,New,SaaS,2025-05-04T10:19:26.000+0000,2025-08-06,Closed Lost,Omitted,C02,Lost to Incumbent,,Regulatory Compliance,,,
OPP00011,Solara Green Capital - SaaS New 2024,ACC0101,R14,RoW,New,SaaS,2024-01-07T13:44:50.000+0000,2024-03-05,Closed Lost,Omitted,,,Follow up after board meeting,Performance Optimization,,,
OPP01707,Kestrel Power - SCADA Up 2026,ACC0005,R03,Americas,Additional Products & Services (Upsell),SCADA,2026-08-05T13:42:39.000+0000,2026-09-13,Negotiation,Commit,C01,,Site visit,Cost Reduction,,,2026-12-24
OPP01056,Helios Green Capital - SaaS New 2025,ACC0023,R13,EMEA,New,SaaS,2025-10-06T08:16:20.000+0000,2026-01-05,Closed Won,Closed,C06,,Send revised proposal,Regulatory Compliance,,,
OPP00283,Zephyr Infrastructure - SCADA Cross 2024,ACC0081,R07,RoW,Cross Sell,SCADA,2024-07-13T13:00:27.000+0000,2024-09-07,Closed Lost,Omitted,C03,Lost to Incumbent,,Regulatory Compliance,22.6,2024-12-18,2025-03-19
OPP00292,Orion Green Capital - SCADA Cross 2024,ACC0114,R03,Americas,Cross Sell,SCADA,2024-07-16T12:38:14.000+0000,2024-12-29,Closed Lost,Omitted,,Functionality Gap,Follow up after board meeting,,,,
OPP00627,Kestrel Infrastructure - SaaS Up 2025,ACC0002,R11,RoW,Additional Products & Services (Upsell),SaaS,2025-02-06T16:04:38.000+0000,2025-05-15,Closed Won,Closed,C07,,,,,,
OPP00837,Halcyon Energy - SaaS New 2025,ACC0076,R10,EMEA,New,SaaS,2025-06-12T13:24:03.000+0000,2025-09-25,Closed Lost,Omitted,,,Schedule technical demo,,,,
OPP01085,Aurora Clean Assets - SaaS Cross 2025,ACC0015,R10,RoW,Cross Sell,SaaS,2025-10-18T13:39:46.000+0000,2025-12-19,Closed Lost,Omitted,C07,Functionality Gap,Pilot scoping call,Performance Optimization,,,
OPP00130,Pinnacle Clean Assets - SaaS Up 2024,ACC0036,R09,RoW,Additional Products & Services (Upsell),SaaS,2024-03-30T08:40:37.000+0000,2024-06-24,Closed Won,Closed,C06,,Site visit,,,,
OPP01107,Meridian Utilities - SCADA New 2025,ACC0079,R11,RoW,New,SCADA,2025-10-27T17:53:01.000+0000,2026-03-15,Closed Lost,Omitted,C03,,,Portfolio Visibility,,2026-09-29,2026-05-22
OPP00324,Zephyr Renewables - SCADA Cross 2024,ACC0098,R14,RoW,Cross Sell,SCADA,2024-08-06T15:49:50.000+0000,2024-09-28,Closed Won,Closed,C05,,Legal review of contract,,84.0,2025-06-21,2025-01-01
OPP01199,Orion Energy Partners - SCADA Cross 2025,ACC0059,R06,Americas,Cross Sell,SCADA,2025-12-15T09:45:58.000+0000,2026-11-24,Negotiation,Commit,C01,,Schedule technical demo,Portfolio Visibility,66.6,2027-12-20,
OPP00753,Orion Green Capital - SaaS New 2025,ACC0114,R03,Americas,New,SaaS,2025-04-28T08:05:16.000+0000,2025-09-26,Closed Won,Closed,C02,,Follow up after board meeting,,,,
OPP01840,Crestline Power - SaaS Cross 2025,ACC0065,R06,Americas,Cross Sell,SaaS,2025-12-31T16:29:03.000+0000,2026-02-18,Closed Lost,Omitted,C05,Duplicate,,Regulatory Compliance,,,
OPP01754,Meridian Utilities - SCADA New 2026,ACC0079,R11,EMEA,New,SCADA,2026-08-25T12:24:57.000+0000,2027-03-24,Prospecting,Pipeline,C05,,Site visit,Regulatory Compliance,70.7,2028-03-27,
OPP01837,Halcyon Power - SCADA New 2025,ACC0088,R01,Americas,New,SCADA,2025-11-29T12:17:40.000+0000,2026-03-06,Closed Lost,Omitted,C03,Duplicate,Security review with IT,Portfolio Visibility,337.3,2027-07-21,
OPP00778,Orion Energy Partners - SaaS Up 2025,ACC0059,R01,Americas,Additional Products & Services (Upsell),SaaS,2025-05-11T14:47:07.000+0000,2025-06-16,Closed Won,Closed,,,Security review with IT,Regulatory Compliance,,,
OPP00696,Prairie Energy - SaaS New 2025,ACC0095,R05,Americas,New,SaaS,2025-03-22T13:56:23.000+0000,2025-07-19,Closed Lost,Omitted,C00,Timing / Project Delayed,Site visit,Portfolio Visibility,,,
OPP01783,Lumen Solar Partners - SaaS New 2026,ACC0026,R03,Americas,New,SaaS,2026-09-08T12:38:58.000+0000,2026-12-11,Qualification,Pipeline,,,Send revised proposal,Cost Reduction,,,
OPP00949,Pinnacle Green Capital - SCADA Cross 2025,ACC0124,R06,Americas,Cross Sell,SCADA,2025-08-12T09:30:11.000+0000,2025-10-09,Closed Lost,Omitted,C07,No Decision / Budget,,,32.7,,
OPP00159,Kestrel Infrastructure - SaaS Up 2024,ACC0002,R11,RoW,Additional Products & Services (Upsell),SaaS,2024-04-21T11:39:31.000+0000,2024-06-21,Closed Won,Closed,C06,,,,,,
OPP00875,Azure Solar Partners - SCADA Cross 2025,ACC0097,R07,RoW,Cross Sell,SCADA,2025-07-06T12:05:52.000+0000,2026-03-27,Closed Won,Closed,C01,,Pilot scoping call,Regulatory Compliance,61.9,2027-04-02,2026-10-13
OPP00635,Orion Green Capital - SaaS Up 2025,ACC0114,R03,Americas,Additional Products & Services (Upsell),SaaS,2025-02-09T12:43:20.000+0000,2025-04-27,Closed Lost,Omitted,,,,,,,
OPP00517,Meridian Utilities - SaaS Up 2024,ACC0079,R11,RoW,Additional Products & Services (Upsell),SaaS,2024-12-06T09:09:15.000+0000,2025-02-16,Closed Won,Closed,,,,,,,
OPP01342,Sierra Power - SaaS Cross 2026,ACC0092,R14,EMEA,Cross Sell,SaaS,2026-02-22T17:15:09.000+0000,2026-05-03,Closed Won,Closed,C00,,Legal review of contract,Performance Optimization,,,
OPP00598,Cobalt Utilities - SCADA Cross 2025,ACC0042,R13,RoW,Cross Sell,SCADA,2025-01-24T16:25:20.000+0000,2025-03-01,Closed Lost,Omitted,C07,No Decision / Budget,Send revised proposal,,60.9,2026-03-28,2025-10-16
OPP00196,Sierra Utilities - SCADA Cross 2024,ACC0077,R01,Americas,Cross Sell,SCADA,2024-05-11T08:31:36.000+0000,2024-07-04,Closed Lost,Omitted,C01,No Decision / Budget,Pilot scoping call,Performance Optimization,9.1,2025-06-14,2025-01-21
OPP01551,Halcyon Power - SCADA New 2026,ACC0088,R01,Americas,New,SCADA,2026-05-28T13:03:52.000+0000,2026-08-05,Closed Lost,Omitted,C00,Timing / Project Delayed,Pilot scoping call,Cost Reduction,62.2,2027-10-29,2027-01-14
OPP00775,Prairie Renewables - SaaS Up 2025,ACC0049,R08,RoW,Additional Products & Services (Upsell),SaaS,2025-05-10T16:48:03.000+0000,2025-06-27,Closed Won,Closed,C06,,,Cost Reduction,,,
OPP00411,Azure Solar Partners - SaaS New 2024,ACC0097,R07,EMEA,New,SaaS,2024-10-07T16:50:04.000+0000,2025-02-27,Closed Lost,Omitted,C02,Functionality Gap,Site visit,Portfolio Visibility,,,
OPP00097,Nordwind Clean Assets - SCADA Up 2024,ACC0043,R13,RoW,Additional Products & Services (Upsell),SCADA,2024-03-10T14:26:26.000+0000,2024-06-15,Closed Lost,Omitted,C07,No Decision / Budget,Schedule technical demo,Regulatory Compliance,56.3,2025-01-12,2025-02-08
OPP00887,Prairie Energy - SCADA Up 2025,ACC0095,R05,Americas,Additional Products & Services (Upsell),SCADA,2025-07-13T14:01:49.000+0000,2025-09-04,Closed Won,Closed,C00,,Pilot scoping call,Portfolio Visibility,100.5,2026-02-09,
OPP00840,Kestrel Energy - SaaS Up 2025,ACC0128,R09,RoW,Additional Products & Services (Upsell),SaaS,2025-06-13T16:13:12.000+0000,2025-11-25,Closed Won,Closed,,,,,,,
OPP00157,Solstice Energy Partners - SCADA Cross 2024,ACC0154,R13,RoW,Cross Sell,SCADA,2024-04-19T17:56:44.000+0000,2024-08-20,Closed Lost,Omitted,,Functionality Gap,Legal review of contract,Performance Optimization,46.2,,2025-03-07
OPP00420,Altamira Energy - SaaS New 2024,ACC0144,R11,EMEA,New,SaaS,2024-10-14T10:07:18.000+0000,2025-02-26,Closed Lost,Omitted,,,,,,,
OPP00966,Solara Utilities - SCADA New 2025,ACC0039,R12,EMEA,New,SCADA,2025-08-22T12:19:12.000+0000,2026-01-21,Closed Lost,Omitted,C01,Price,Pilot scoping call,Regulatory Compliance,54.1,2026-11-05,2026-07-24
OPP00478,Zephyr Infrastructure - SCADA Cross 2024,ACC0081,R07,RoW,Cross Sell,SCADA,2024-11-16T12:43:46.000+0000,2025-05-28,Closed Lost,Omitted,C03,Lost to Incumbent,,Portfolio Visibility,100.7,2026-09-22,2025-12-15
OPP00926,Sierra Utilities - SaaS Up 2025,ACC0077,R01,Americas,Additional Products & Services (Upsell),SaaS,2025-07-31T08:38:38.000+0000,2025-09-15,Closed Won,Closed,,,Security review with IT,Regulatory Compliance,,,
OPP00669,Kestrel Utilities - SCADA Up 2025,ACC0083,R06,Americas,Additional Products & Services (Upsell),SCADA,2025-03-06T08:09:36.000+0000,2025-05-11,Closed Lost,Omitted,C03,,Site visit,,87.9,,
OPP00945,Kestrel Solar Partners - SCADA New 2025,ACC0071,R05,Americas,New,SCADA,2025-08-09T15:57:05.000+0000,2026-03-13,Closed Lost,Omitted,C01,Price,Send revised proposal,Regulatory Compliance,71.6,,2026-06-20
OPP00975,Cobalt Infrastructure - SaaS Cross 2025,ACC0130,R07,RoW,Cross Sell,SaaS,2025-08-28T09:43:31.000+0000,2025-11-01,Closed Lost,Omitted,C05,Functionality Gap,Security review with IT,Performance Optimization,,,
OPP01300,Altamira Renewables - SCADA Cross 2026,ACC0160,R14,EMEA,Cross Sell,SCADA,2026-01-29T11:38:53.000+0000,2026-05-21,Closed Lost,Omitted,C07,Functionality Gap,Send revised proposal,,85.1,2027-06-22,2027-01-05
OPP00448,Prairie Energy - SaaS New 2024,ACC0095,R05,Americas,New,SaaS,2024-10-31T14:31:20.000+0000,2025-04-28,Closed Lost,Omitted,,Price,Legal review of contract,Portfolio Visibility,,,
OPP00939,Meridian Utilities - SaaS New 2025,ACC0079,R11,RoW,New,SaaS,2025-08-06T11:01:09.000+0000,2025-10-07,Closed Lost,Omitted,,,,,,,
OPP00179,Zephyr Renewables - SCADA New 2024,ACC0098,R07,RoW,New,SCADA,2024-05-02T13:20:57.000+0000,2024-09-19,Closed Won,Closed,,,Pilot scoping call,Performance Optimization,49.1,2025-10-04,2024-12-21
OPP00391,Halcyon Power - SCADA Up 2024,ACC0088,R01,Americas,Additional Products & Services (Upsell),SCADA,2024-09-22T13:41:13.000+0000,2025-01-25,Closed Won,Closed,C01,,,Cost Reduction,182.2,2025-08-08,
OPP00579,Tidewater Power - SCADA New 2025,ACC0149,R03,Americas,New,SCADA,2025-01-16T08:13:55.000+0000,2026-05-08,Closed Lost,Omitted,C03,Price,Site visit,Cost Reduction,61.6,2026-08-07,
OPP00893,Prairie Energy - SCADA New 2025,ACC0095,R05,Americas,New,SCADA,2025-07-15T12:55:26.000+0000,2026-04-25,Closed Lost,Omitted,C01,Timing / Project Delayed,,Portfolio Visibility,153.1,2027-08-06,2026-06-23
OPP01611,Crestline Power - SCADA New 2026,ACC0065,R02,Americas,New,SCADA,2026-06-22T11:34:00.000+0000,2026-08-03,Solution Design,Best Case,C03,,Schedule technical demo,,,,2026-09-17
OPP00969,Zephyr Renewables - SCADA Up 2025,ACC0098,R07,EMEA,Additional Products & Services (Upsell),SCADA,2025-08-25T12:19:11.000+0000,2025-12-19,Closed Won,Closed,C06,,,Portfolio Visibility,84.0,,2026-06-03
OPP01552,Kestrel Infrastructure - SaaS New 2026,ACC0002,R11,EMEA,New,SaaS,2026-05-28T17:08:57.000+0000,2026-07-10,Proposal,Best Case,,,Pricing discussion with procurement,,,,
OPP01537,Aurora Wind Holdings - SaaS New 2026,ACC0012,R12,EMEA,New,SaaS,2026-05-21T17:36:34.000+0000,2026-09-22,Closed Won,Closed,C02,,Pricing discussion with procurement,Portfolio Visibility,,,
OPP01291,Solstice Energy Partners - SCADA New 2026,ACC0154,R13,RoW,New,SCADA,2026-01-24T14:19:12.000+0000,2026-06-06,Closed Lost,Omitted,,Timing / Project Delayed,Follow up after board meeting,Performance Optimization,46.2,2027-09-02,2027-01-24
OPP01715,Altamira Energy - SaaS New 2026,ACC0144,R09,RoW,New,SaaS,2026-08-07T16:13:08.000+0000,2026-11-08,Solution Design,Best Case,C07,,Legal review of contract,,,,
OPP01507,Halcyon Power - SaaS New 2026,ACC0088,R01,Americas,New,SaaS,2026-05-05T16:33:14.000+0000,2026-07-18,Closed Lost,Omitted,C00,No Decision / Budget,Pricing discussion with procurement,Portfolio Visibility,,,
OPP00665,Ember Energy Partners - SaaS Cross 2025,ACC0126,R08,EMEA,Cross Sell,SaaS,2025-02-28T08:46:16.000+0000,2025-06-18,Closed Won,Closed,C04,,,Regulatory Compliance,,,
OPP00143,Altamira Renewables - SaaS Cross 2024,ACC0160,R14,EMEA,Cross Sell,SaaS,2024-04-09T11:48:12.000+0000,2024-07-15,Closed Won,Closed,C04,,,Portfolio Visibility,,,
OPP01429,Prairie Energy - SCADA Cross 2026,ACC0095,R01,Americas,Cross Sell,SCADA,2026-04-02T12:56:48.000+0000,2026-06-22,Closed Won,Closed,C01,,Send revised proposal,Portfolio Visibility,100.5,,2026-11-26
OPP01343,Tidewater Clean Assets - SaaS New 2026,ACC0109,R14,EMEA,New,SaaS,2026-02-23T17:40:20.000+0000,2026-06-25,Closed Won,Closed,C04,,Pricing discussion with procurement,Performance Optimization,,,
OPP00422,Prairie Energy - SaaS New 2024,ACC0095,R05,Americas,New,SaaS,2024-10-15T12:04:21.000+0000,2025-03-26,Closed Won,Closed,C06,,Site visit,Regulatory Compliance,,,
OPP00637,Sierra Power - SaaS New 2025,ACC0092,R14,EMEA,New,SaaS,2025-02-10T09:52:17.000+0000,2025-10-01,Closed Won,Closed,C05,,Site visit,,,,
OPP01321,Zephyr Infrastructure - SaaS Up 2026,ACC0081,R07,EMEA,Additional Products & Services (Upsell),SaaS,2026-02-08T12:56:59.000+0000,2026-04-06,Closed Lost,Omitted,,Price,Pricing discussion with procurement,Performance Optimization,,,
OPP01406,Zephyr Renewables - SCADA Up 2026,ACC0098,R07,RoW,Additional Products & Services (Upsell),SCADA,2026-03-18T09:53:56.000+0000,2026-09-19,Closed Won,Closed,C00,,Send revised proposal,Regulatory Compliance,84.0,2027-10-30,2027-04-21
OPP00616,Prairie Energy - SaaS New 2025,ACC0095,R05,Americas,New,SaaS,2025-01-30T08:06:59.000+0000,2025-04-11,Closed Lost,Omitted,C02,Price,Pricing discussion with procurement,,,,
OPP00295,Kestrel Infrastructure - SaaS Cross 2024,ACC0002,R11,EMEA,Cross Sell,SaaS,2024-07-19T17:07:59.000+0000,2024-10-22,Closed Won,Closed,,,,Portfolio Visibility,,,
OPP00825,Meridian Utilities - SaaS Up 2025,ACC0079,R11,EMEA,Additional Products & Services (Upsell),SaaS,2025-06-04T15:18:22.000+0000,2025-06-22,Closed Lost,Omitted,,Price,,Performance Optimization,,,
OPP01788,Ember Energy Partners - SaaS Cross 2026,ACC0126,R08,RoW,Cross Sell,SaaS,2026-09-10T09:54:11.000+0000,2026-09-20,Closed Won,Closed,C04,,Pilot scoping call,Regulatory Compliance,,,
OPP00089,Zephyr Renewables - SaaS Cross 2024,ACC0098,R07,RoW,Cross Sell,SaaS,2024-03-04T11:51:13.000+0000,2024-03-30,Closed Lost,Omitted,,No Decision / Budget,Schedule technical demo,Portfolio Visibility,,,
OPP00042,Orion Clean Assets - SaaS New 2024,ACC0141,R09,EMEA,New,SaaS,2024-02-04T12:10:35.000+0000,2024-04-15,Closed Lost,Omitted,C02,Functionality Gap,,,,,
OPP01697,Crestline Power - SaaS Up 2026,ACC0065,R05,Americas,Additional Products & Services (Upsell),SaaS,2026-07-30T15:59:56.000+0000,2026-07-06,Solution Design,Best Case,C07,,Pricing discussion with procurement,Performance Optimization,,,
OPP01816,Solara Energy - SaaS Up 2024,ACC0099,R11,RoW,Additional Products & Services (Upsell),SaaS,2024-08-04T11:29:53.000+0000,2024-09-03,Closed Lost,Omitted,C05,Duplicate,,Cost Reduction,,,
OPP00132,Orion Wind Holdings - SaaS New 2024,ACC0140,R05,Americas,New,SaaS,2024-04-01T12:26:42.000+0000,2024-06-13,Closed Won,Closed,C00,,,,,,
OPP00888,Solstice Utilities - SaaS Cross 2025,ACC0058,R14,RoW,Cross Sell,SaaS,2025-07-13T13:07:08.000+0000,2025-09-25,Closed Lost,Omitted,C07,No Decision / Budget,,Performance Optimization,,,
OPP01663,Azure Solar Partners - SCADA Up 2026,ACC0097,R07,EMEA,Additional Products & Services (Upsell),SCADA,2026-07-20T14:22:48.000+0000,2026-11-29,Solution Design,Best Case,C03,,Site visit,Regulatory Compliance,15.2,2027-09-25,2027-06-03
OPP01659,Pinnacle Renewables - SaaS Up 2026,ACC0159,R07,EMEA,Additional Products & Services (Upsell),SaaS,2026-07-18T08:52:34.000+0000,2026-09-03,Closed Won,Closed,C02,,Send revised proposal,Portfolio Visibility,,,
OPP01744,Altamira Energy - SaaS Up 2026,ACC0144,R09,EMEA,Additional Products & Services (Upsell),SaaS,2026-08-20T10:29:52.000+0000,2026-10-04,Negotiation,Commit,C00,,Follow up after board meeting,Portfolio Visibility,,,
OPP01641,Halcyon Power - SaaS New 2026,ACC0088,R01,Americas,New,SaaS,2026-07-11T16:09:54.000+0000,2026-12-29,Solution Design,Pipeline,C07,,Legal review of contract,Cost Reduction,,,
OPP00165,Everglow Infrastructure - SCADA Cross 2024,ACC0051,R14,EMEA,Cross Sell,SCADA,2024-04-24T08:15:59.000+0000,2024-08-20,Closed Lost,Omitted,C07,No Decision / Budget,Schedule technical demo,Regulatory Compliance,98.1,2025-02-01,
OPP00725,Prairie Energy - SCADA Up 2025,ACC0095,R05,Americas,Additional Products & Services (Upsell),SCADA,2025-04-11T15:49:08.000+0000,2025-12-31,Closed Won,Closed,C05,,Schedule technical demo,Performance Optimization,32.8,,2026-02-20
OPP00291,Crestline Energy Partners - SaaS New 2024,ACC0001,R04,Americas,New,SaaS,2024-07-16T11:55:46.000+0000,2024-10-20,Closed Lost,Omitted,C07,No Decision / Budget,Security review with IT,Portfolio Visibility,,,
OPP01074,Crestline Power - SaaS New 2025,ACC0065,R06,Americas,New,SaaS,2025-10-14T11:39:13.000+0000,2025-12-31,Closed Won,Closed,C07,,,,,,
OPP01782,Borealis Utilities - SaaS Up 2026,ACC0129,R08,RoW,Additional Products & Services (Upsell),SaaS,2026-09-07T16:26:35.000+0000,2026-12-18,Qualification,Pipeline,C05,,Schedule technical demo,Performance Optimization,,,
OPP01553,Everglow Infrastructure - SCADA Up 2026,ACC0051,R11,EMEA,Additional Products & Services (Upsell),SCADA,2026-05-28T15:02:50.000+0000,2026-08-29,Closed Lost,Omitted,C01,,,,98.1,2028-02-08,2027-04-07
OPP00779,Borealis Green Capital - SCADA Cross 2025,ACC0073,R02,Americas,Cross Sell,SCADA,2025-05-11T09:51:09.000+0000,2026-01-26,Closed Won,Closed,C01,,Follow up after board meeting,Performance Optimization,,2026-11-12,2026-03-12
OPP00349,Prairie Green Capital - SCADA Up 2024,ACC0143,R07,RoW,Additional Products & Services (Upsell),SCADA,2024-08-26T12:02:45.000+0000,2024-12-28,Closed Won,Closed,C06,,Pricing discussion with procurement,Portfolio Visibility,53.0,2026-05-28,2025-06-04
OPP00572,Zephyr Renewables - SaaS Up 2025,ACC0098,R07,EMEA,Additional Products & Services (Upsell),SaaS,2025-01-12T10:36:44.000+0000,2025-04-03,Closed Won,Closed,C04,,Pilot scoping call,Portfolio Visibility,,,
OPP00863,Kestrel Energy Partners - SCADA Up 2025,ACC0052,R09,EMEA,Additional Products & Services (Upsell),SCADA,2025-06-28T13:36:56.000+0000,2025-09-08,Closed Won,Closed,,,,,73.5,2026-12-19,
OPP01773,Orion Solar Partners - SCADA Cross 2026,ACC0125,R08,EMEA,Cross Sell,SCADA,2026-09-04T10:22:51.000+0000,2027-03-24,Prospecting,Best Case,C03,,Send revised proposal,Cost Reduction,53.6,2028-06-20,2027-10-18
OPP01382,Kestrel Clean Assets - SCADA Up 2026,ACC0050,R02,Americas,Additional Products & Services (Upsell),SCADA,2026-03-07T12:04:20.000+0000,2026-04-17,Closed Won,Closed,C01,,Security review with IT,,172.0,2027-08-07,2026-10-07
OPP01790,Solstice Renewables - SaaS Cross 2026,ACC0053,R10,RoW,Cross Sell,SaaS,2026-09-11T09:20:18.000+0000,2027-02-01,Prospecting,Pipeline,C04,,,,,,
OPP01236,Sierra Infrastructure - SaaS Cross 2026,ACC0085,R02,Americas,Cross Sell,SaaS,2026-01-01T08:46:06.000+0000,2026-02-23,Closed Lost,Omitted,,Relationship,,Performance Optimization,,,
OPP01627,Kestrel Energy - SaaS New 2026,ACC0128,R09,RoW,New,SaaS,2026-07-02T15:30:00.000+0000,2027-03-26,Qualification,Pipeline,C06,,Send revised proposal,Portfolio Visibility,,,
OPP00459,Altamira Infrastructure - SCADA Cross 2024,ACC0105,R14,RoW,Cross Sell,SCADA,2024-11-05T10:21:44.000+0000,2025-02-01,Closed Won,Closed,C01,,,,38.7,,2025-06-23
OPP00376,Borealis Infrastructure - SCADA Up 2024,ACC0078,R06,Americas,Additional Products & Services (Upsell),SCADA,2024-09-12T17:49:05.000+0000,2024-12-30,Closed Lost,Omitted,,Price,Send revised proposal,Portfolio Visibility,153.7,2026-04-08,
OPP00334,Kestrel Infrastructure - SaaS Up 2024,ACC0002,R11,EMEA,Additional Products & Services (Upsell),SaaS,2024-08-17T15:04:37.000+0000,2024-10-05,Closed Won,Closed,,,,Performance Optimization,,,
OPP01091,Zephyr Solar Partners - SCADA Up 2025,ACC0041,R01,Americas,Additional Products & Services (Upsell),SCADA,2025-10-21T10:20:24.000+0000,2026-03-30,Closed Won,Closed,C07,,Follow up after board meeting,Performance Optimization,74.7,,2026-06-26
OPP01657,Kestrel Infrastructure - SaaS Up 2026,ACC0002,R11,EMEA,Additional Products & Services (Upsell),SaaS,2026-07-18T09:37:09.000+0000,2026-08-22,Closed Won,Closed,C04,,Pilot scoping call,Portfolio Visibility,,,
OPP01371,Ember Power - SCADA Up 2026,ACC0004,R14,RoW,Additional Products & Services (Upsell),SCADA,2026-03-04T12:52:58.000+0000,2026-06-06,Closed Won,Closed,C03,,Follow up after board meeting,Performance Optimization,,2027-02-14,2027-01-07
OPP00817,Kestrel Energy Partners - SaaS Up 2025,ACC0052,R09,EMEA,Additional Products & Services (Upsell),SaaS,2025-05-31T13:02:05.000+0000,2025-09-26,Closed Won,Closed,,,Security review with IT,,,,
OPP01117,Meridian Energy - SaaS Up 2025,ACC0016,R07,RoW,Additional Products & Services (Upsell),SaaS,2025-11-02T14:14:37.000+0000,2026-01-03,Closed Won,Closed,C07,,,Regulatory Compliance,,,
OPP00890,Orion Green Capital - SCADA New 2025,ACC0114,R03,Americas,New,SCADA,2025-07-14T16:33:39.000+0000,2026-09-14,Closed Won,Closed,C07,,Security review with IT,Regulatory Compliance,20.5,2027-08-27,2027-03-06
OPP01746,Ember Solar Partners - SCADA Cross 2026,ACC0086,R08,RoW,Cross Sell,SCADA,2026-08-21T10:06:30.000+0000,2027-03-31,Prospecting,Pipeline,C00,,Pricing discussion with procurement,Performance Optimization,18.3,2028-02-17,2027-11-17
OPP00862,Pinnacle Infrastructure - SaaS Up 2025,ACC0048,R08,EMEA,Additional Products & Services (Upsell),SaaS,2025-06-28T15:26:17.000+0000,2025-09-26,Closed Lost,Omitted,C05,,Send revised proposal,Performance Optimization,,,
OPP01812,Crestline Energy - SaaS Cross 2025,ACC0096,R11,RoW,Cross Sell,SaaS,2025-01-07T10:26:20.000+0000,2025-05-07,Closed Lost,Omitted,C04,Duplicate,Security review with IT,,,,
OPP01058,Zephyr Infrastructure - SCADA New 2025,ACC0081,R07,RoW,New,SCADA,2025-10-07T17:29:09.000+0000,2026-12-19,Negotiation,Commit,C05,,Schedule technical demo,Performance Optimization,103.3,2027-06-25,2027-08-09
OPP00329,Prairie Renewables - SCADA New 2024,ACC0049,R08,RoW,New,SCADA,2024-08-10T13:14:13.000+0000,2024-12-15,Closed Lost,Omitted,C03,Lost to Incumbent,,Regulatory Compliance,60.4,2026-03-14,2025-07-18
OPP00937,Kestrel Energy - SaaS New 2025,ACC0128,R09,EMEA,New,SaaS,2025-08-06T08:03:55.000+0000,2025-11-19,Closed Lost,Omitted,C04,Price,,,,,
OPP00319,Solstice Energy Partners - SCADA Cross 2024,ACC0154,R13,RoW,Cross Sell,SCADA,2024-08-04T08:42:20.000+0000,2024-12-18,Closed Lost,Omitted,C05,Functionality Gap,Schedule technical demo,Portfolio Visibility,,2026-02-25,2025-04-01
OPP01442,Zephyr Solar Partners - SCADA New 2026,ACC0041,R01,Americas,New,SCADA,2026-04-07T12:46:31.000+0000,2026-09-01,Closed Lost,Omitted,C07,Relationship,Pricing discussion with procurement,,76.9,2027-12-10,2026-11-28
OPP01776,Zephyr Renewables - SaaS Up 2026,ACC0098,R07,EMEA,Additional Products & Services (Upsell),SaaS,2026-09-05T15:32:18.000+0000,2026-11-24,Qualification,Pipeline,C02,,Send revised proposal,Cost Reduction,,,
OPP01633,Prairie Green Capital - SCADA New 2026,ACC0143,R11,RoW,New,SCADA,2026-07-06T14:41:19.000+0000,2027-07-12,Qualification,Pipeline,C05,,Pilot scoping call,Portfolio Visibility,,,2028-03-03
OPP00168,Kestrel Solar Partners - SaaS New 2024,ACC0071,R01,Americas,New,SaaS,2024-04-26T12:08:05.000+0000,2024-09-11,Closed Won,Closed,C05,,,Performance Optimization,,,
OPP00013,Solara Utilities - SaaS New 2024,ACC0039,R12,EMEA,New,SaaS,2024-01-07T08:06:54.000+0000,2024-03-24,Closed Won,Closed,C00,,Pilot scoping call,Cost Reduction,,,
OPP00172,Ember Renewables - SaaS New 2024,ACC0055,R04,Americas,New,SaaS,2024-04-28T08:14:35.000+0000,2024-07-03,Closed Lost,Omitted,C00,Price,Security review with IT,Portfolio Visibility,,,
OPP00650,Orion Energy Partners - SCADA New 2025,ACC0059,R06,Americas,New,SCADA,2025-02-20T10:26:30.000+0000,2025-05-01,Closed Lost,Omitted,C03,Price,Legal review of contract,,,,2025-12-11
OPP00261,Lumen Renewables - SCADA Cross 2024,ACC0054,R13,RoW,Cross Sell,SCADA,2024-06-28T15:23:04.000+0000,2024-12-22,Closed Won,Closed,C05,,,Performance Optimization,98.2,2025-09-07,
OPP01143,Zephyr Infrastructure - SCADA New 2025,ACC0081,R07,RoW,New,SCADA,2025-11-15T11:24:55.000+0000,2026-01-20,Closed Lost,Omitted,C06,Price,Security review with IT,Performance Optimization,61.5,,
OPP01324,Crestline Power - SCADA New 2026,ACC0065,R06,Americas,New,SCADA,2026-02-10T17:03:09.000+0000,2026-09-18,Solution Design,Best Case,C00,,Pilot scoping call,Portfolio Visibility,41.5,2027-04-21,2027-03-31
OPP00673,Solara Renewables - SaaS Cross 2025,ACC0075,R08,EMEA,Cross Sell,SaaS,2025-03-07T11:19:46.000+0000,2025-03-22,Closed Lost,Omitted,,Timing / Project Delayed,Security review with IT,Regulatory Compliance,,,
OPP00259,Meridian Solar Partners - SaaS New 2024,ACC0066,R11,RoW,New,SaaS,2024-06-27T15:22:33.000+0000,2024-08-16,Closed Lost,Omitted,,,,,,,
OPP00845,Orion Wind Holdings - SaaS New 2025,ACC0140,R05,Americas,New,SaaS,2025-06-17T09:08:21.000+0000,2025-08-07,Closed Lost,Omitted,C02,,,Cost Reduction,,,
OPP01125,Kestrel Utilities - SaaS New 2025,ACC0083,R01,Americas,New,SaaS,2025-11-04T11:35:22.000+0000,2026-03-03,Closed Lost,Omitted,C00,Price,Follow up after board meeting,Regulatory Compliance,,,
OPP00139,Orion Wind Holdings - SCADA New 2024,ACC0140,R05,Americas,New,SCADA,2024-04-05T12:39:00.000+0000,2024-07-02,Closed Lost,Omitted,,No Decision / Budget,Send revised proposal,Regulatory Compliance,44.7,2025-11-29,2025-02-03
OPP01729,Orion Energy Partners - SaaS Up 2026,ACC0059,R06,Americas,Additional Products & Services (Upsell),SaaS,2026-08-14T13:38:51.000+0000,2026-12-18,Qualification,Pipeline,C00,,Security review with IT,Performance Optimization,,,
OPP00550,Kestrel Infrastructure - SaaS Up 2024,ACC0002,R11,EMEA,Additional Products & Services (Upsell),SaaS,2024-12-27T16:33:09.000+0000,2025-01-18,Closed Won,Closed,,,,,,,
OPP00933,Halcyon Power - SCADA New 2025,ACC0088,R01,Americas,New,SCADA,2025-08-04T10:57:09.000+0000,2026-09-17,Negotiation,Commit,C06,,,Portfolio Visibility,60.2,2027-02-25,2026-12-08
OPP01582,Prairie Energy - SaaS New 2026,ACC0095,R05,Americas,New,SaaS,2026-06-10T15:07:11.000+0000,2026-07-18,Closed Lost,Omitted,C07,Timing / Project Delayed,Pricing discussion with procurement,Portfolio Visibility,,,
OPP01777,Kestrel Clean Assets - SaaS New 2026,ACC0050,R05,Americas,New,SaaS,2026-09-05T13:23:20.000+0000,2027-03-12,Prospecting,Pipeline,C02,,Pricing discussion with procurement,Performance Optimization,,,
OPP01112,Halcyon Power - SCADA Up 2025,ACC0088,R02,Americas,Additional Products & Services (Upsell),SCADA,2025-10-30T08:48:44.000+0000,2026-03-23,Closed Won,Closed,,,Security review with IT,Performance Optimization,,2027-02-12,2026-07-09
OPP00559,Solara Utilities - SaaS New 2025,ACC0039,R12,RoW,New,SaaS,2025-01-04T13:05:05.000+0000,2025-03-06,Closed Won,Closed,C04,,Security review with IT,Performance Optimization,,,
OPP00140,Solstice Renewables - SaaS New 2024,ACC0053,R13,EMEA,New,SaaS,2024-04-05T16:06:18.000+0000,2024-07-10,Closed Won,Closed,C06,,,Portfolio Visibility,,,
OPP01635,Solstice Renewables - SaaS New 2026,ACC0053,R13,RoW,New,SaaS,2026-07-09T12:47:02.000+0000,2026-12-24,Solution Design,Best Case,C04,,Security review with IT,Regulatory Compliance,,,
OPP00532,Lumen Clean Assets - SCADA Cross 2024,ACC0155,R07,EMEA,Cross Sell,SCADA,2024-12-15T13:50:05.000+0000,2025-05-18,Closed Lost,Omitted,C03,,Pilot scoping call,,116.6,2026-10-27,2025-08-30
OPP00225,Borealis Utilities - SCADA Up 2024,ACC0129,R08,EMEA,Additional Products & Services (Upsell),SCADA,2024-05-29T09:49:37.000+0000,2024-07-31,Closed Lost,Omitted,C00,,Pilot scoping call,Regulatory Compliance,7.0,2025-03-09,
OPP00724,Atlas Energy Partners - SCADA New 2025,ACC0112,R13,EMEA,New,SCADA,2025-04-09T11:16:03.000+0000,2025-11-25,Closed Lost,Omitted,C07,Functionality Gap,Follow up after board meeting,,59.3,2027-05-02,2026-04-14
OPP00787,Aurora Energy - SaaS New 2025,ACC0157,R10,EMEA,New,SaaS,2025-05-15T16:28:26.000+0000,2025-09-09,Closed Lost,Omitted,C06,Price,,,,,
OPP01621,Lumen Utilities - SCADA Up 2026,ACC0103,R05,Americas,Additional Products & Services (Upsell),SCADA,2026-06-27T13:56:28.000+0000,2026-12-27,Solution Design,Best Case,C05,,Pilot scoping call,Cost Reduction,47.5,2028-04-14,2027-02-05
OPP01709,Orion Green Capital - SCADA New 2026,ACC0114,R03,Americas,New,SCADA,2026-08-06T15:31:33.000+0000,2027-04-10,Qualification,Pipeline,C03,,Schedule technical demo,Regulatory Compliance,20.5,2027-10-08,2027-11-14
OPP00410,Vireo Utilities - SaaS Up 2024,ACC0009,R09,EMEA,Additional Products & Services (Upsell),SaaS,2024-10-07T17:21:14.000+0000,2024-12-27,Closed Won,Closed,C07,,Schedule technical demo,,,,
OPP00326,Zephyr Renewables - SaaS Up 2024,ACC0098,R07,EMEA,Additional Products & Services (Upsell),SaaS,2024-08-07T15:39:48.000+0000,2024-09-02,Closed Won,Closed,C04,,Legal review of contract,Performance Optimization,,,
OPP01166,Halcyon Power - SCADA New 2025,ACC0088,R01,Americas,New,SCADA,2025-11-29T12:17:40.000+0000,2026-03-06,Closed Lost,Omitted,C03,Lost to Incumbent,Security review with IT,Portfolio Visibility,337.3,2027-07-21,
OPP00300,Lumen Utilities - SCADA Up 2024,ACC0103,R05,Americas,Additional Products & Services (Upsell),SCADA,2024-07-23T12:27:17.000+0000,2024-08-24,Closed Lost,Omitted,C01,Functionality Gap,Pilot scoping call,Regulatory Compliance,52.9,2025-05-14,2025-02-05
OPP01186,Helios Infrastructure - SCADA Up 2025,ACC0080,R09,EMEA,Additional Products & Services (Upsell),SCADA,2025-12-07T08:37:38.000+0000,2026-02-03,Closed Lost,Omitted,C05,Functionality Gap,,Cost Reduction,63.7,2027-06-24,
OPP01733,Zephyr Infrastructure - SCADA New 2026,ACC0081,R07,EMEA,New,SCADA,2026-08-15T11:05:54.000+0000,2026-12-23,Qualification,Pipeline,C00,,,Portfolio Visibility,100.7,2027-12-01,2027-07-05
OPP01014,Solstice Renewables - SaaS Cross 2025,ACC0053,R10,RoW,Cross Sell,SaaS,2025-09-14T13:47:18.000+0000,2026-02-07,Closed Lost,Omitted,C04,Price,Schedule technical demo,Portfolio Visibility,,,
OPP01748,Zephyr Renewables - SaaS New 2026,ACC0098,R07,RoW,New,SaaS,2026-08-22T13:31:57.000+0000,2026-11-15,Solution Design,Best Case,C04,,Site visit,Performance Optimization,,,
OPP00715,Orion Green Capital - SaaS New 2025,ACC0114,R03,Americas,New,SaaS,2025-04-03T11:18:20.000+0000,2025-05-23,Closed Won,Closed,C00,,,Portfolio Visibility,,,
OPP00894,Ember Renewables - SaaS Up 2025,ACC0055,R03,Americas,Additional Products & Services (Upsell),SaaS,2025-07-15T17:53:22.000+0000,2025-09-30,Closed Won,Closed,,,Schedule technical demo,,,,
OPP00194,Aurora Clean Assets - SaaS New 2024,ACC0015,R10,RoW,New,SaaS,2024-05-09T08:02:43.000+0000,2024-09-13,Closed Lost,Omitted,C07,No Decision / Budget,Send revised proposal,Portfolio Visibility,,,
OPP00441,Solstice Energy Partners - SaaS New 2024,ACC0154,R13,EMEA,New,SaaS,2024-10-28T15:56:46.000+0000,2025-03-02,Closed Won,Closed,C04,,Security review with IT,Cost Reduction,,,
OPP00574,Solstice Energy Partners - SCADA New 2025,ACC0154,R13,RoW,New,SCADA,2025-01-12T09:46:26.000+0000,2025-10-29,Closed Lost,Omitted,C01,Lost to Incumbent,Pilot scoping call,Cost Reduction,,,2025-12-06
OPP00504,Orion Solar Partners - SaaS New 2024,ACC0125,R08,EMEA,New,SaaS,2024-11-30T16:07:41.000+0000,2025-03-10,Closed Lost,Omitted,C02,Functionality Gap,,Portfolio Visibility,,,
OPP00606,Azure Solar Partners - SaaS New 2025,ACC0097,R07,RoW,New,SaaS,2025-01-26T15:02:07.000+0000,2025-06-29,Closed Won,Closed,C07,,,,,,
OPP01104,Nordwind Energy Partners - SCADA New 2025,ACC0074,R01,Americas,New,SCADA,2025-10-27T14:58:52.000+0000,2026-01-10,Closed Lost,Omitted,C00,No Decision / Budget,Pilot scoping call,Cost Reduction,76.4,2026-11-23,2026-08-28
OPP01095,Meridian Utilities - SCADA New 2025,ACC0079,R10,EMEA,New,SCADA,2025-10-23T16:43:21.000+0000,2026-03-09,Closed Lost,Omitted,C06,,Legal review of contract,,166.8,2027-04-18,2026-05-04
OPP01683,Altamira Energy - SCADA Up 2026,ACC0144,R11,RoW,Additional Products & Services (Upsell),SCADA,2026-07-26T08:39:06.000+0000,2026-10-21,Proposal,Best Case,C03,,Legal review of contract,Cost Reduction,68.8,2027-06-28,2027-05-30
OPP00847,Tidewater Power - SaaS New 2025,ACC0149,R03,Americas,New,SaaS,2025-06-18T09:25:46.000+0000,2025-08-25,Closed Lost,Omitted,,No Decision / Budget,,Performance Optimization,,,
OPP00004,Azure Solar Partners - SaaS New 2024,ACC0097,R07,RoW,New,SaaS,2024-01-02T12:21:13.000+0000,2024-02-17,Closed Lost,Omitted,C04,Relationship,Schedule technical demo,Cost Reduction,,,
OPP01081,Crestline Power - SCADA Up 2025,ACC0065,R05,Americas,Additional Products & Services (Upsell),SCADA,2025-10-16T08:01:31.000+0000,2026-01-04,Closed Won,Closed,C01,,Legal review of contract,Performance Optimization,41.5,2026-04-21,
OPP01152,Kestrel Utilities - SaaS Up 2025,ACC0083,R01,Americas,Additional Products & Services (Upsell),SaaS,2025-11-24T13:05:44.000+0000,2025-12-29,Closed Lost,Omitted,C02,Functionality Gap,Site visit,Regulatory Compliance,,,
OPP00468,Prairie Energy - SCADA Up 2024,ACC0095,R05,Americas,Additional Products & Services (Upsell),SCADA,2024-11-10T13:42:49.000+0000,2025-03-04,Closed Lost,Omitted,,Price,Schedule technical demo,,67.7,2026-06-19,
OPP00322,Solara Energy - SaaS Up 2024,ACC0099,R11,RoW,Additional Products & Services (Upsell),SaaS,2024-08-04T11:29:53.000+0000,2024-09-03,Closed Lost,Omitted,C05,Functionality Gap,,Cost Reduction,,,
OPP00006,Crestline Power - SaaS New 2024,ACC0065,R06,Americas,New,SaaS,2024-01-04T09:10:32.000+0000,2024-04-11,Closed Lost,Omitted,C02,Functionality Gap,Legal review of contract,Performance Optimization,,,
OPP00223,Orion Wind Holdings - SCADA New 2024,ACC0140,R05,Americas,New,SCADA,2024-05-28T12:08:26.000+0000,2024-12-08,Closed Lost,Omitted,,Lost to Incumbent,,Portfolio Visibility,78.0,2025-06-30,2025-04-03
OPP00548,Orion Energy Partners - SCADA Cross 2024,ACC0059,R06,Americas,Cross Sell,SCADA,2024-12-25T16:26:36.000+0000,2025-07-15,Closed Won,Closed,C03,,Security review with IT,Regulatory Compliance,66.6,,2026-03-01
OPP00229,Crestline Power - SCADA New 2024,ACC0065,R06,Americas,New,SCADA,2024-06-01T12:03:32.000+0000,2024-12-03,Closed Lost,Omitted,C03,,Security review with IT,,41.5,,2025-04-23
OPP00040,Helios Power - SaaS Up 2024,ACC0032,R01,Americas,Additional Products & Services (Upsell),SaaS,2024-02-04T08:15:55.000+0000,2024-05-24,Closed Lost,Omitted,C07,,,Performance Optimization,,,
OPP00543,Kestrel Infrastructure - SaaS New 2024,ACC0002,R11,RoW,New,SaaS,2024-12-21T16:37:12.000+0000,2025-02-04,Closed Lost,Omitted,C00,No Decision / Budget,,Regulatory Compliance,,,
OPP00243,Tidewater Green Capital - SaaS New 2024,ACC0113,R08,RoW,New,SaaS,2024-06-13T16:10:04.000+0000,2024-09-17,Closed Lost,Omitted,C00,,Pilot scoping call,Cost Reduction,,,
OPP00899,Halcyon Power - SCADA New 2025,ACC0088,R01,Americas,New,SCADA,2025-07-18T13:36:11.000+0000,2026-01-07,Closed Lost,Omitted,,No Decision / Budget,Pricing discussion with procurement,,21.8,2026-10-02,
OPP01761,Kestrel Infrastructure - SaaS Up 2026,ACC0002,R11,EMEA,Additional Products & Services (Upsell),SaaS,2026-08-29T16:14:31.000+0000,2026-10-05,Negotiation,Commit,C04,,Pilot scoping call,Regulatory Compliance,,,
OPP00137,Meridian Wind Holdings - SaaS Cross 2024,ACC0151,R04,Americas,Cross Sell,SaaS,2024-04-03T08:45:21.000+0000,2024-06-29,Closed Lost,Omitted,,Price,,,,,
OPP01122,Kestrel Infrastructure - SaaS New 2025,ACC0002,R11,RoW,New,SaaS,2025-11-04T12:26:36.000+0000,2026-01-16,Closed Lost,Omitted,C00,No Decision / Budget,Follow up after board meeting,,,,
OPP01653,Crestline Power - SCADA New 2026,ACC0065,R06,Americas,New,SCADA,2026-07-16T11:05:38.000+0000,2026-08-27,Closed Lost,Omitted,C07,No Decision / Budget,Site visit,Regulatory Compliance,41.5,2027-01-20,2026-11-06
OPP01867,TEST Account - Sandbox - SCADA Demo,ACC9999,R13,RoW,Cross Sell,SCADA,2025-04-06T09:39:33.000+0000,2025-10-28,Closed Lost,Omitted,C05,,Schedule technical demo,,111.9,2026-06-05,2026-05-21
OPP00917,Solara Energy - SaaS Cross 2025,ACC0099,R11,EMEA,Cross Sell,SaaS,2025-07-27T09:54:31.000+0000,2025-10-21,Closed Won,Closed,,,,,,,
OPP00830,Meridian Utilities - SCADA New 2025,ACC0079,R11,RoW,New,SCADA,2025-06-07T14:37:27.000+0000,2026-02-21,Closed Lost,Omitted,C01,Price,,,109.0,,
OPP00446,Zephyr Renewables - SaaS Cross 2024,ACC0098,R07,RoW,Cross Sell,SaaS,2024-10-31T17:46:58.000+0000,2024-12-14,Closed Lost,Omitted,C07,No Decision / Budget,Legal review of contract,Performance Optimization,,,
OPP00843,Halcyon Energy - SaaS New 2025,ACC0076,R10,RoW,New,SaaS,2025-06-15T15:00:36.000+0000,2025-08-15,Closed Lost,Omitted,C00,Price,Security review with IT,Performance Optimization,,,
OPP01318,Zephyr Renewables - SaaS Up 2026,ACC0098,R07,RoW,Additional Products & Services (Upsell),SaaS,2026-02-07T15:49:08.000+0000,2026-03-18,Closed Won,Closed,C04,,,Cost Reduction,,,
OPP01859,Crestline Power - SCADA Renewal 2024,ACC0065,R06,Americas,Renewal,SCADA,2024-05-13T14:45:53.000+0000,2024-12-29,Closed Won,Closed,C03,,,,,2025-11-18,
OPP01086,Nordwind Infrastructure - SaaS New 2025,ACC0019,R03,Americas,New,SaaS,2025-10-18T17:18:42.000+0000,2025-12-16,Closed Lost,Omitted,,Functionality Gap,Pricing discussion with procurement,,,,
OPP01718,Prairie Energy - SaaS Cross 2026,ACC0095,R05,Americas,Cross Sell,SaaS,2026-08-09T08:25:51.000+0000,2027-03-28,Qualification,Pipeline,C02,,Send revised proposal,Performance Optimization,,,
OPP00582,Altamira Energy - SaaS New 2025,ACC0144,R07,RoW,New,SaaS,2025-01-18T13:24:17.000+0000,2025-03-15,Closed Lost,Omitted,C07,No Decision / Budget,Pilot scoping call,Performance Optimization,,,
OPP01661,Cobalt Utilities - SaaS Up 2026,ACC0042,R13,RoW,Additional Products & Services (Upsell),SaaS,2026-07-19T10:01:19.000+0000,2026-12-22,Solution Design,Best Case,C04,,,Performance Optimization,,,
OPP01850,Kestrel Solar Partners - SaaS Renewal 2025,ACC0071,R01,Americas,Renewal,SaaS,2025-11-30T12:38:39.000+0000,2026-02-12,Closed Lost,Omitted,C02,Relationship,Follow up after board meeting,,,,
OPP00662,Prairie Energy - SCADA Up 2025,ACC0095,R05,Americas,Additional Products & Services (Upsell),SCADA,2025-02-24T13:53:13.000+0000,2025-06-02,Closed Lost,Omitted,C05,Timing / Project Delayed,,Cost Reduction,100.5,,2025-12-30
OPP00437,Cobalt Utilities - SaaS New 2024,ACC0042,R13,EMEA,New,SaaS,2024-10-27T09:51:51.000+0000,2025-02-28,Closed Won,Closed,C05,,,Performance Optimization,,,
OPP01745,Orion Green Capital - SCADA Up 2026,ACC0114,R04,Americas,Additional Products & Services (Upsell),SCADA,2026-08-20T14:51:32.000+0000,2026-11-06,Solution Design,Best Case,C05,,Send revised proposal,Cost Reduction,,,
OPP00377,Lumen Clean Assets - SaaS Up 2024,ACC0155,R10,RoW,Additional Products & Services (Upsell),SaaS,2024-09-13T08:02:50.000+0000,2024-12-09,Closed Won,Closed,C04,,Pricing discussion with procurement,Performance Optimization,,,
OPP01517,Pinnacle Green Capital - SaaS New 2026,ACC0124,R06,Americas,New,SaaS,2026-05-09T08:15:39.000+0000,2026-10-17,Negotiation,Commit,C00,,Schedule technical demo,Cost Reduction,,,
OPP01804,Zephyr Clean Assets - SaaS New 2024,ACC0003,R09,EMEA,New,SaaS,2024-08-23T16:36:00.000+0000,2024-11-14,Closed Lost,Omitted,C02,Duplicate,,,,,
OPP00315,Altamira Energy - SaaS Up 2024,ACC0144,R09,EMEA,Additional Products & Services (Upsell),SaaS,2024-07-30T10:05:12.000+0000,2024-09-21,Closed Won,Closed,C06,,,,,,
OPP00443,Solstice Renewables - SCADA Up 2024,ACC0053,R13,RoW,Additional Products & Services (Upsell),SCADA,2024-10-29T15:13:14.000+0000,2025-03-25,Closed Won,Closed,C03,,Send revised proposal,Cost Reduction,,2026-05-12,2025-04-26
OPP01413,Ember Power - SaaS Cross 2026,ACC0004,R10,RoW,Cross Sell,SaaS,2026-03-24T13:10:45.000+0000,2026-08-03,Closed Won,Closed,C04,,Legal review of contract,Performance Optimization,,,
OPP00320,Helios Green Capital - SaaS Up 2024,ACC0023,R13,EMEA,Additional Products & Services (Upsell),SaaS,2024-08-04T13:13:06.000+0000,2024-09-20,Closed Won,Closed,,,Pilot scoping call,Regulatory Compliance,,,
OPP00282,Ember Energy Partners - SCADA Cross 2024,ACC0126,R08,RoW,Cross Sell,SCADA,2024-07-12T13:47:16.000+0000,2024-10-10,Closed Won,Closed,C03,,Schedule technical demo,,43.3,,
OPP01007,Halcyon Clean Assets - SaaS New 2025,ACC0158,R08,RoW,New,SaaS,2025-09-11T12:52:50.000+0000,2026-03-19,Closed Won,Closed,C00,,Pilot scoping call,,,,
OPP01121,Prairie Energy - SaaS New 2025,ACC0095,R05,Americas,New,SaaS,2025-11-04T13:27:02.000+0000,2025-11-30,Closed Lost,Omitted,C02,Lost to Incumbent,Follow up after board meeting,Regulatory Compliance,,,
OPP01532,Aurora Clean Assets - SaaS Up 2026,ACC0015,R10,RoW,Additional Products & Services (Upsell),SaaS,2026-05-19T17:23:09.000+0000,2026-07-15,Closed Lost,Omitted,C02,Relationship,Pilot scoping call,Portfolio Visibility,,,
OPP00425,Borealis Utilities - SCADA Up 2024,ACC0129,R13,RoW,Additional Products & Services (Upsell),SCADA,2024-10-17T09:02:39.000+0000,2025-01-08,Closed Lost,Omitted,,Lost to Incumbent,Security review with IT,,22.1,2026-01-02,2025-05-27
OPP00554,Borealis Infrastructure - SaaS New 2024,ACC0078,R06,Americas,New,SaaS,2024-12-29T08:36:09.000+0000,2025-03-07,Closed Lost,Omitted,C00,Timing / Project Delayed,Legal review of contract,,,,
OPP00595,Solara Utilities - SaaS New 2025,ACC0039,R12,EMEA,New,SaaS,2025-01-22T17:11:25.000+0000,2025-07-24,Closed Won,Closed,C05,,,,,,
OPP01844,Lumen Utilities - SCADA Renewal 2024,ACC0103,R02,Americas,Renewal,SCADA,2024-09-05T08:15:07.000+0000,2024-12-27,Closed Won,Closed,,,,,93.3,,
OPP00369,Crestline Energy - SCADA Cross 2024,ACC0096,R11,RoW,Cross Sell,SCADA,2024-09-07T12:28:41.000+0000,2025-01-05,Closed Won,Closed,C06,,Security review with IT,,,2025-04-09,
OPP01400,Kestrel Power - SaaS New 2026,ACC0005,R04,Americas,New,SaaS,2026-03-14T15:12:58.000+0000,2026-09-22,Closed Won,Closed,C05,,Site visit,Regulatory Compliance,,,
OPP01743,Altamira Infrastructure - SCADA Cross 2026,ACC0105,R14,EMEA,Cross Sell,SCADA,2026-08-19T09:31:20.000+0000,2027-03-26,Prospecting,Pipeline,C03,,Schedule technical demo,Performance Optimization,25.4,2027-11-19,2027-07-13
OPP00986,Crestline Power - SCADA Cross 2025,ACC0065,R03,Americas,Cross Sell,SCADA,2025-09-04T15:01:31.000+0000,2026-03-31,Closed Won,Closed,C05,,,Portfolio Visibility,41.5,2026-12-13,
OPP01111,Atlas Renewables - SCADA New 2025,ACC0022,R03,Americas,New,SCADA,2025-10-30T08:15:22.000+0000,2026-05-13,Closed Lost,Omitted,C03,Lost to Incumbent,,Regulatory Compliance,44.0,2027-09-12,
OPP01750,Cobalt Infrastructure - SCADA Up 2026,ACC0130,R07,EMEA,Additional Products & Services (Upsell),SCADA,2026-08-23T12:29:29.000+0000,2027-02-08,Qualification,Pipeline,C01,,Pricing discussion with procurement,Performance Optimization,39.5,2028-05-29,2027-03-14
OPP00950,Prairie Energy - SaaS New 2025,ACC0095,R05,Americas,New,SaaS,2025-08-12T08:48:43.000+0000,2025-08-28,Closed Lost,Omitted,C04,No Decision / Budget,,Regulatory Compliance,,,
OPP00228,Ember Solar Partners - SaaS New 2024,ACC0086,R10,EMEA,New,SaaS,2024-05-31T12:56:47.000+0000,2024-09-23,Closed Won,Closed,,,,,,,
OPP01050,Halcyon Power - SaaS New 2025,ACC0088,R01,Americas,New,SaaS,2025-10-04T15:31:21.000+0000,2026-03-10,Closed Lost,Omitted,C05,Functionality Gap,Follow up after board meeting,Regulatory Compliance,,,
OPP01135,Lumen Energy Partners - SCADA New 2025,ACC0062,R01,Americas,New,SCADA,2025-11-11T12:00:35.000+0000,2026-12-25,Proposal,Best Case,C01,,Follow up after board meeting,Regulatory Compliance,79.5,,2027-03-30
OPP01629,Zephyr Infrastructure - SaaS New 2026,ACC0081,R07,EMEA,New,SaaS,2026-07-04T09:22:29.000+0000,2026-08-30,Closed Lost,Omitted,C00,No Decision / Budget,Legal review of contract,Cost Reduction,,,
OPP01031,Solara Clean Assets - SaaS New 2025,ACC0010,R03,Americas,New,SaaS,2025-09-21T10:41:07.000+0000,2026-03-30,Closed Won,Closed,C05,,,Regulatory Compliance,,,
OPP00067,Ember Solar Partners - SaaS New 2024,ACC0086,R10,RoW,New,SaaS,2024-02-20T17:30:04.000+0000,2024-05-07,Closed Lost,Omitted,,Functionality Gap,,Portfolio Visibility,,,
OPP00394,Azure Solar Partners - SaaS Up 2024,ACC0097,R07,EMEA,Additional Products & Services (Upsell),SaaS,2024-09-26T16:56:24.000+0000,2024-12-19,Closed Won,Closed,C02,,Pilot scoping call,Performance Optimization,,,
OPP00580,Solara Renewables - SaaS Up 2025,ACC0075,R07,RoW,Additional Products & Services (Upsell),SaaS,2025-01-17T12:16:11.000+0000,2025-03-13,Closed Lost,Omitted,C05,Timing / Project Delayed,Security review with IT,Portfolio Visibility,,,
OPP00025,Lumen Clean Assets - SCADA Up 2024,ACC0155,R07,RoW,Additional Products & Services (Upsell),SCADA,2024-01-18T15:05:26.000+0000,2024-03-15,Closed Lost,Omitted,C03,Lost to Incumbent,,Cost Reduction,180.4,,2024-10-03
OPP00212,Solara Solar Partners - SaaS Cross 2024,ACC0093,R06,Americas,Cross Sell,SaaS,2024-05-20T08:53:58.000+0000,2024-07-06,Closed Lost,Omitted,,No Decision / Budget,,Regulatory Compliance,,,
OPP01448,Meridian Utilities - SaaS Up 2026,ACC0079,R10,EMEA,Additional Products & Services (Upsell),SaaS,2026-04-09T11:11:05.000+0000,2026-06-23,Closed Won,Closed,C05,,Legal review of contract,Cost Reduction,,,
OPP00145,Meridian Utilities - SaaS New 2024,ACC0079,R11,RoW,New,SaaS,2024-04-10T13:24:27.000+0000,2024-08-30,Closed Lost,Omitted,,Timing / Project Delayed,Follow up after board meeting,Cost Reduction,,,
OPP00537,Crestline Power - SaaS New 2024,ACC0065,R06,Americas,New,SaaS,2024-12-19T16:31:05.000+0000,2025-02-17,Closed Lost,Omitted,C02,,Legal review of contract,Portfolio Visibility,,,
OPP00812,Zephyr Solar Partners - SCADA New 2025,ACC0041,R01,Americas,New,SCADA,2025-05-28T15:49:01.000+0000,2025-10-03,Closed Lost,Omitted,,,,Performance Optimization,25.1,2026-10-08,2025-11-17
OPP01681,Prairie Energy - SaaS New 2026,ACC0095,R05,Americas,New,SaaS,2026-07-24T09:42:57.000+0000,2026-12-20,Solution Design,Best Case,C05,,Legal review of contract,Performance Optimization,,,
OPP01000,Meridian Utilities - SaaS Cross 2025,ACC0079,R11,RoW,Cross Sell,SaaS,2025-09-08T12:31:12.000+0000,2025-10-23,Closed Won,Closed,C00,,Schedule technical demo,Cost Reduction,,,
OPP00086,Zephyr Renewables - SaaS New 2024,ACC0098,R07,RoW,New,SaaS,2024-03-01T12:51:14.000+0000,2024-05-06,Closed Lost,Omitted,C04,Relationship,,Regulatory Compliance,,,
OPP01698,Cobalt Infrastructure - SCADA New 2026,ACC0130,R07,RoW,New,SCADA,2026-07-30T16:13:51.000+0000,2026-12-23,Solution Design,Best Case,C05,,Security review with IT,Regulatory Compliance,9.8,,2027-04-11
OPP00273,Everglow Energy Partners - SCADA Up 2024,ACC0035,R13,RoW,Additional Products & Services (Upsell),SCADA,2024-07-06T17:17:37.000+0000,2024-09-15,Closed Lost,Omitted,C05,Relationship,Site visit,,,,
OPP00953,Kestrel Power - SCADA New 2025,ACC0005,R06,Americas,New,SCADA,2025-08-13T13:27:58.000+0000,2026-06-30,Closed Won,Closed,,,Security review with IT,Regulatory Compliance,,2027-11-09,
OPP01209,Azure Solar Partners - SaaS Up 2025,ACC0097,R07,RoW,Additional Products & Services (Upsell),SaaS,2025-12-21T13:12:12.000+0000,2026-03-03,Closed Won,Closed,C04,,Security review with IT,,,,
OPP01114,Zephyr Renewables - SaaS Cross 2025,ACC0098,R07,RoW,Cross Sell,SaaS,2025-10-31T16:42:39.000+0000,2026-03-22,Closed Won,Closed,C07,,Send revised proposal,Performance Optimization,,,
OPP00999,Ember Energy Partners - SaaS Up 2025,ACC0126,R08,RoW,Additional Products & Services (Upsell),SaaS,2025-09-08T13:44:55.000+0000,2025-10-06,Closed Won,Closed,C00,,Site visit,Portfolio Visibility,,,
OPP01700,Halcyon Solar Partners - SaaS New 2026,ACC0024,R13,EMEA,New,SaaS,2026-08-01T09:12:44.000+0000,2026-08-12,Negotiation,Commit,C00,,Pilot scoping call,Performance Optimization,,,
OPP00631,Halcyon Power - SCADA New 2025,ACC0088,R01,Americas,New,SCADA,2025-02-07T12:54:45.000+0000,2025-09-20,Closed Lost,Omitted,C06,,Pricing discussion with procurement,Cost Reduction,120.0,2026-04-08,
OPP01290,Azure Power - SaaS Up 2026,ACC0106,R14,EMEA,Additional Products & Services (Upsell),SaaS,2026-01-23T10:55:54.000+0000,2026-04-10,Closed Won,Closed,C02,,Legal review of contract,,,,
OPP01759,Halcyon Power - SaaS Up 2026,ACC0088,R05,Americas,Additional Products & Services (Upsell),SaaS,2026-08-26T08:31:33.000+0000,2026-12-18,Qualification,Pipeline,C04,,Site visit,,,,
OPP00989,Altamira Energy - SaaS Cross 2025,ACC0144,R09,EMEA,Cross Sell,SaaS,2025-09-04T16:54:55.000+0000,2025-11-21,Closed Lost,Omitted,,Functionality Gap,Send revised proposal,,,,
OPP01289,Atlas Renewables - SaaS Up 2026,ACC0022,R03,Americas,Additional Products & Services (Upsell),SaaS,2026-01-23T12:25:49.000+0000,2026-03-26,Closed Won,Closed,,,,,,,
OPP01076,Vireo Wind Holdings - SaaS Up 2025,ACC0087,R07,EMEA,Additional Products & Services (Upsell),SaaS,2025-10-14T09:35:30.000+0000,2025-12-18,Closed Won,Closed,C04,,Pricing discussion with procurement,Cost Reduction,,,
OPP00506,Halcyon Power - SCADA New 2024,ACC0088,R01,Americas,New,SCADA,2024-12-02T12:18:30.000+0000,2025-05-28,Closed Lost,Omitted,C05,Functionality Gap,,,51.9,2026-05-31,2026-01-17
OPP00274,Azure Power - SCADA Up 2024,ACC0106,R14,RoW,Additional Products & Services (Upsell),SCADA,2024-07-07T14:16:51.000+0000,2024-10-18,Closed Lost,Omitted,C06,,Schedule technical demo,,37.3,,
OPP00508,Meridian Energy Partners - SCADA Cross 2024,ACC0121,R09,RoW,Cross Sell,SCADA,2024-12-03T16:14:05.000+0000,2025-10-07,Closed Won,Closed,C00,,Follow up after board meeting,,40.5,2026-03-11,
OPP01237,Zephyr Solar Partners - SaaS New 2026,ACC0041,R01,Americas,New,SaaS,2026-01-01T13:45:37.000+0000,2026-03-19,Closed Lost,Omitted,C04,Price,Schedule technical demo,Regulatory Compliance,,,
OPP00363,Altamira Infrastructure - SCADA New 2024,ACC0105,R14,EMEA,New,SCADA,2024-09-04T09:26:06.000+0000,2024-12-23,Closed Lost,Omitted,C00,Timing / Project Delayed,,Cost Reduction,152.4,2025-12-29,
OPP01520,Pinnacle Renewables - SaaS Cross 2026,ACC0159,R07,EMEA,Cross Sell,SaaS,2026-05-12T08:06:22.000+0000,2026-08-11,Closed Won,Closed,C07,,Security review with IT,Regulatory Compliance,,,
OPP01084,Everglow Infrastructure - SCADA Cross 2025,ACC0051,R14,RoW,Cross Sell,SCADA,2025-10-17T12:26:00.000+0000,2026-03-20,Closed Won,Closed,C06,,Send revised proposal,Cost Reduction,98.1,2027-07-14,2026-09-19
OPP00623,Meridian Solar Partners - SCADA Cross 2025,ACC0066,R07,RoW,Cross Sell,SCADA,2025-02-04T15:26:04.000+0000,2025-05-05,Closed Lost,Omitted,C05,,Site visit,Cost Reduction,25.4,2025-08-22,2025-10-22
OPP00003,Lumen Utilities - SaaS Cross 2024,ACC0103,R05,Americas,Cross Sell,SaaS,2024-01-02T12:59:03.000+0000,2024-04-01,Closed Lost,Omitted,,Functionality Gap,,,,,
OPP00007,Solstice Green Capital - SCADA Up 2024,ACC0090,R07,RoW,Additional Products & Services (Upsell),SCADA,2024-01-04T14:22:48.000+0000,2024-09-20,Closed Won,Closed,C03,,Site visit,Portfolio Visibility,26.8,,
OPP01147,Solstice Renewables - SaaS New 2025,ACC0053,R11,EMEA,New,SaaS,2025-11-21T17:54:49.000+0000,2026-01-26,Closed Won,Closed,,,,,,,
OPP00312,Zephyr Clean Assets - SCADA Up 2024,ACC0003,R07,EMEA,Additional Products & Services (Upsell),SCADA,2024-07-29T17:14:49.000+0000,2024-08-29,Closed Lost,Omitted,C03,Lost to Incumbent,Follow up after board meeting,Regulatory Compliance,32.0,2025-03-31,
OPP01273,Solara Wind Holdings - SCADA Up 2026,ACC0046,R07,RoW,Additional Products & Services (Upsell),SCADA,2026-01-18T09:22:01.000+0000,2026-06-01,Closed Won,Closed,C01,,Legal review of contract,Performance Optimization,49.5,2027-02-03,2026-09-19
OPP01001,Orion Wind Holdings - SCADA New 2025,ACC0140,R05,Americas,New,SCADA,2025-09-09T17:50:19.000+0000,2025-11-14,Closed Lost,Omitted,C01,,Schedule technical demo,Regulatory Compliance,27.1,,2026-01-30
OPP00666,Zephyr Solar Partners - SCADA New 2025,ACC0041,R01,Americas,New,SCADA,2025-03-01T13:25:25.000+0000,2025-06-30,Closed Won,Closed,C01,,Pilot scoping call,Regulatory Compliance,,2025-12-20,2025-09-19
OPP00365,Everglow Energy Partners - SCADA New 2024,ACC0035,R13,RoW,New,SCADA,2024-09-05T08:12:20.000+0000,2025-06-01,Closed Lost,Omitted,,,Send revised proposal,Portfolio Visibility,33.9,,2025-12-31
OPP01853,Azure Energy - SCADA Renewal 2026,ACC0069,R05,Americas,Renewal,SCADA,2026-06-02T10:05:50.000+0000,2026-12-23,Solution Design,Best Case,C01,,Follow up after board meeting,Portfolio Visibility,29.0,,2027-03-21
OPP00216,Zephyr Infrastructure - SCADA Cross 2024,ACC0081,R07,EMEA,Cross Sell,SCADA,2024-05-23T17:26:39.000+0000,2024-07-19,Closed Lost,Omitted,C05,Price,Pricing discussion with procurement,Performance Optimization,100.7,2025-04-15,2024-12-12
OPP00078,Azure Solar Partners - SaaS Cross 2024,ACC0097,R07,RoW,Cross Sell,SaaS,2024-02-24T08:17:20.000+0000,2024-04-03,Closed Lost,Omitted,C02,Functionality Gap,Send revised proposal,Cost Reduction,,,
OPP00983,Kestrel Wind Holdings - SCADA New 2025,ACC0030,R11,EMEA,New,SCADA,2025-09-01T10:52:11.000+0000,2026-01-01,Closed Lost,Omitted,,Price,Pricing discussion with procurement,,20.5,,
OPP00028,Solstice Renewables - SCADA New 2024,ACC0053,R13,RoW,New,SCADA,2024-01-22T16:16:16.000+0000,2024-12-09,Closed Lost,Omitted,C01,Price,,Cost Reduction,,2025-09-29,
OPP01602,Nordwind Wind Holdings - SCADA Up 2026,ACC0047,R14,EMEA,Additional Products & Services (Upsell),SCADA,2026-06-18T17:22:30.000+0000,2026-08-25,Closed Won,Closed,C00,,Security review with IT,Performance Optimization,69.2,2027-02-19,2027-04-03
OPP00526,Solstice Wind Holdings - SCADA Cross 2024,ACC0142,R02,Americas,Cross Sell,SCADA,2024-12-12T08:35:19.000+0000,2025-04-07,Closed Won,Closed,C01,,,Cost Reduction,,2025-08-20,
OPP01774,Zephyr Renewables - SaaS New 2026,ACC0098,R12,EMEA,New,SaaS,2026-09-04T14:57:19.000+0000,2026-12-18,Qualification,Pipeline,C02,,Schedule technical demo,Portfolio Visibility,,,
OPP01780,Meridian Utilities - SCADA New 2026,ACC0079,R11,EMEA,New,SCADA,2026-09-07T09:01:27.000+0000,2026-09-06,Prospecting,Pipeline,C06,,,Cost Reduction,,,
OPP00639,Halcyon Infrastructure - SaaS Up 2025,ACC0115,R01,Americas,Additional Products & Services (Upsell),SaaS,2025-02-12T16:51:29.000+0000,2025-04-13,Closed Won,Closed,C02,,,,,,
OPP00303,Kestrel Energy Partners - SCADA New 2024,ACC0052,R14,RoW,New,SCADA,2024-07-24T12:37:56.000+0000,2024-12-12,Closed Lost,Omitted,,,Follow up after board meeting,,54.9,2025-08-16,2025-04-15
OPP00719,Helios Renewables - SaaS Up 2025,ACC0007,R05,Americas,Additional Products & Services (Upsell),SaaS,2025-04-04T16:29:21.000+0000,2025-05-31,Closed Won,Closed,C02,,Pricing discussion with procurement,,,,
OPP00692,Orion Solar Partners - SCADA Cross 2025,ACC0125,R08,EMEA,Cross Sell,SCADA,2025-03-20T11:12:54.000+0000,2025-07-12,Closed Lost,Omitted,C01,Price,Pilot scoping call,Performance Optimization,62.5,2026-09-16,2026-03-08
OPP01477,Kestrel Wind Holdings - SaaS New 2026,ACC0030,R09,EMEA,New,SaaS,2026-04-22T15:33:06.000+0000,2026-12-20,Proposal,Best Case,C00,,Security review with IT,Performance Optimization,,,
OPP01279,Cobalt Renewables - SaaS Up 2026,ACC0084,R06,Americas,Additional Products & Services (Upsell),SaaS,2026-01-20T09:09:53.000+0000,2026-03-27,Closed Won,Closed,C02,,Site visit,Regulatory Compliance,,,
OPP00625,Meridian Utilities - SaaS New 2025,ACC0079,R11,RoW,New,SaaS,2025-02-05T11:15:16.000+0000,2025-05-10,Closed Won,Closed,C00,,Pilot scoping call,,,,
OPP00008,Solara Utilities - SaaS New 2024,ACC0039,R12,EMEA,New,SaaS,2024-01-05T10:47:10.000+0000,2024-06-11,Closed Lost,Omitted,C05,Functionality Gap,Security review with IT,,,,
OPP00257,Solstice Renewables - SaaS New 2024,ACC0053,R13,EMEA,New,SaaS,2024-06-25T09:40:39.000+0000,2025-03-23,Closed Won,Closed,C05,,,Regulatory Compliance,,,
OPP00804,Pinnacle Energy Partners - SaaS Up 2025,ACC0027,R13,RoW,Additional Products & Services (Upsell),SaaS,2025-05-25T16:11:57.000+0000,2025-06-19,Closed Lost,Omitted,,Lost to Incumbent,,Cost Reduction,,,
OPP00026,Atlas Wind Holdings - SaaS New 2024,ACC0008,R04,Americas,New,SaaS,2024-01-20T14:53:55.000+0000,2024-04-04,Closed Lost,Omitted,C06,Price,,Performance Optimization,,,
OPP00337,Atlas Wind Holdings - SaaS Cross 2024,ACC0008,R04,Americas,Cross Sell,SaaS,2024-08-20T10:02:46.000+0000,2025-01-29,Closed Lost,Omitted,C02,,,,,,
OPP00573,Halcyon Power - SCADA Cross 2025,ACC0088,R04,Americas,Cross Sell,SCADA,2025-01-12T15:02:10.000+0000,2025-08-14,Closed Lost,Omitted,,Timing / Project Delayed,Pilot scoping call,Portfolio Visibility,,2026-10-22,
OPP00048,Meridian Utilities - SCADA Cross 2024,ACC0079,R13,RoW,Cross Sell,SCADA,2024-02-08T17:52:50.000+0000,2024-12-28,Closed Won,Closed,C00,,,Cost Reduction,108.1,2025-07-17,
OPP01392,Ember Renewables - SCADA New 2026,ACC0055,R04,Americas,New,SCADA,2026-03-10T13:02:21.000+0000,2026-08-04,Closed Lost,Omitted,C01,Lost to Incumbent,,,23.9,,2026-09-10
OPP00107,Meridian Utilities - SaaS New 2024,ACC0079,R11,EMEA,New,SaaS,2024-03-17T12:27:05.000+0000,2024-09-03,Closed Lost,Omitted,,,,,,,
OPP00350,Solstice Energy Partners - SCADA Cross 2024,ACC0154,R13,EMEA,Cross Sell,SCADA,2024-08-26T11:55:33.000+0000,2025-02-19,Closed Lost,Omitted,C05,Relationship,Pricing discussion with procurement,Cost Reduction,,2026-04-23,
OPP00056,Pinnacle Energy - SCADA Up 2024,ACC0057,R09,RoW,Additional Products & Services (Upsell),SCADA,2024-02-14T13:34:01.000+0000,2024-07-22,Closed Won,Closed,C06,,Pilot scoping call,Cost Reduction,27.4,,
OPP00239,Pinnacle Green Capital - SCADA New 2024,ACC0124,R06,Americas,New,SCADA,2024-06-09T08:06:26.000+0000,2024-10-02,Closed Won,Closed,C06,,Pilot scoping call,Regulatory Compliance,,,2024-11-27
OPP00214,Solara Utilities - SaaS Up 2024,ACC0039,R12,RoW,Additional Products & Services (Upsell),SaaS,2024-05-21T15:50:31.000+0000,2024-07-20,Closed Lost,Omitted,,Functionality Gap,Send revised proposal,,,,
OPP00121,Solara Utilities - SaaS Cross 2024,ACC0039,R12,RoW,Cross Sell,SaaS,2024-03-24T17:51:03.000+0000,2024-05-17,Closed Won,Closed,,,Pricing discussion with procurement,Regulatory Compliance,,,
OPP01179,Solstice Renewables - SaaS New 2025,ACC0053,R13,EMEA,New,SaaS,2025-12-04T11:27:18.000+0000,2026-06-14,Closed Lost,Omitted,C02,Functionality Gap,Send revised proposal,Performance Optimization,,,
OPP01493,Crestline Utilities - SaaS New 2026,ACC0131,R03,Americas,New,SaaS,2026-04-27T16:00:23.000+0000,2026-12-01,Proposal,Best Case,,,Pilot scoping call,Cost Reduction,,,
OPP00794,Altamira Energy - SCADA Up 2025,ACC0144,R09,EMEA,Additional Products & Services (Upsell),SCADA,2025-05-19T09:26:42.000+0000,2025-08-12,Closed Won,Closed,,,Pricing discussion with procurement,,102.0,,
OPP01055,Halcyon Power - SCADA New 2025,ACC0088,R01,Americas,New,SCADA,2025-10-06T09:45:20.000+0000,2026-03-20,Closed Won,Closed,C07,,Send revised proposal,,120.0,2027-06-24,2026-04-29
OPP01710,Borealis Infrastructure - SCADA Up 2026,ACC0078,R06,Americas,Additional Products & Services (Upsell),SCADA,2026-08-06T08:41:53.000+0000,2026-10-10,Negotiation,Commit,C01,,Legal review of contract,,59.3,2027-02-21,2027-01-01
OPP00524,Prairie Energy - SCADA New 2024,ACC0095,R05,Americas,New,SCADA,2024-12-11T10:10:17.000+0000,2025-02-22,Closed Lost,Omitted,C00,,Site visit,Portfolio Visibility,100.5,2025-11-25,
OPP00233,Zephyr Renewables - SaaS New 2024,ACC0098,R07,EMEA,New,SaaS,2024-06-04T16:53:12.000+0000,2024-09-24,Closed Won,Closed,C02,,Security review with IT,Cost Reduction,,,
OPP00645,Borealis Infrastructure - SCADA Up 2025,ACC0078,R06,Americas,Additional Products & Services (Upsell),SCADA,2025-02-14T08:32:44.000+0000,2025-09-29,Closed Won,Closed,C07,,,,85.7,2027-02-19,
OPP01420,Zephyr Infrastructure - SaaS Up 2026,ACC0081,R07,EMEA,Additional Products & Services (Upsell),SaaS,2026-03-30T08:23:05.000+0000,2026-06-20,Closed Won,Closed,C04,,Follow up after board meeting,Performance Optimization,,,
OPP00534,Crestline Power - SaaS Cross 2024,ACC0065,R06,Americas,Cross Sell,SaaS,2024-12-15T10:45:30.000+0000,2025-03-13,Closed Lost,Omitted,C02,Functionality Gap,,Cost Reduction,,,
OPP01421,Zephyr Infrastructure - SCADA Cross 2026,ACC0081,R07,EMEA,Cross Sell,SCADA,2026-03-31T12:30:30.000+0000,2026-06-26,Closed Lost,Omitted,C05,No Decision / Budget,Schedule technical demo,Performance Optimization,103.3,2027-01-08,2026-08-10
OPP00604,Crestline Power - SCADA Cross 2025,ACC0065,R06,Americas,Cross Sell,SCADA,2025-01-26T12:10:26.000+0000,2025-08-17,Closed Won,Closed,C05,,,Portfolio Visibility,,,2026-03-23
OPP01139,Meridian Utilities - SCADA New 2025,ACC0079,R10,RoW,New,SCADA,2025-11-13T15:15:29.000+0000,2026-03-12,Closed Lost,Omitted,,,,,109.0,,
OPP01605,Zephyr Infrastructure - SCADA Cross 2026,ACC0081,R10,EMEA,Cross Sell,SCADA,2026-06-19T09:49:01.000+0000,2026-12-31,Solution Design,Best Case,C03,,Legal review of contract,Performance Optimization,12.6,2028-06-08,2027-06-01
OPP00061,Kestrel Energy Partners - SCADA Cross 2024,ACC0052,R09,RoW,Cross Sell,SCADA,2024-02-16T17:57:54.000+0000,2024-07-30,Closed Lost,Omitted,,Lost to Incumbent,,,,2025-01-01,
OPP01719,Kestrel Clean Assets - SaaS New 2026,ACC0050,R05,Americas,New,SaaS,2026-08-09T14:49:23.000+0000,2026-12-31,Qualification,Pipeline,C05,,Schedule technical demo,Regulatory Compliance,,,
OPP00093,Lumen Utilities - SCADA Up 2024,ACC0103,R06,Americas,Additional Products & Services (Upsell),SCADA,2024-03-06T11:45:02.000+0000,2024-05-16,Closed Lost,Omitted,C03,Relationship,Pilot scoping call,,47.5,2025-09-14,
OPP00667,Solara Wind Holdings - SCADA New 2025,ACC0046,R07,EMEA,New,SCADA,2025-03-05T16:42:04.000+0000,2025-07-26,Closed Lost,Omitted,C03,Price,Follow up after board meeting,Portfolio Visibility,38.2,2026-08-26,
OPP00281,Atlas Wind Holdings - SaaS Cross 2024,ACC0008,R04,Americas,Cross Sell,SaaS,2024-07-12T12:54:57.000+0000,2024-08-13,Closed Won,Closed,,,,Performance Optimization,,,
OPP01647,Atlas Power - SCADA New 2026,ACC0136,R05,Americas,New,SCADA,2026-07-13T14:21:33.000+0000,2027-06-17,Qualification,Pipeline,C00,,Follow up after board meeting,Performance Optimization,384.5,2027-11-30,
OPP00360,Cobalt Infrastructure - SaaS New 2024,ACC0130,R07,EMEA,New,SaaS,2024-09-02T15:29:01.000+0000,2024-11-27,Closed Lost,Omitted,C07,,Pricing discussion with procurement,Regulatory Compliance,,,
OPP01489,Halcyon Power - SaaS New 2026,ACC0088,R01,Americas,New,SaaS,2026-04-26T13:13:06.000+0000,2026-05-26,Closed Lost,Omitted,C00,No Decision / Budget,Site visit,Cost Reduction,,,
OPP01101,Altamira Renewables - SCADA Cross 2025,ACC0160,R14,RoW,Cross Sell,SCADA,2025-10-26T13:39:04.000+0000,2025-12-03,Closed Lost,Omitted,C06,Price,Send revised proposal,Cost Reduction,54.5,2027-05-04,2026-01-26
OPP00848,Tidewater Green Capital - SaaS Up 2025,ACC0113,R10,RoW,Additional Products & Services (Upsell),SaaS,2025-06-19T15:31:09.000+0000,2025-09-17,Closed Won,Closed,C00,,,,,,
OPP01294,Kestrel Clean Assets - SCADA New 2026,ACC0050,R05,Americas,New,SCADA,2026-01-26T10:38:12.000+0000,2026-11-01,Negotiation,Commit,C00,,Follow up after board meeting,,17.9,2028-03-29,2027-03-19
OPP00111,Kestrel Infrastructure - SaaS Cross 2024,ACC0002,R11,EMEA,Cross Sell,SaaS,2024-03-19T12:01:52.000+0000,2024-12-20,Closed Won,Closed,,,,,,,
OPP00043,Solara Utilities - SaaS Cross 2024,ACC0039,R12,RoW,Cross Sell,SaaS,2024-02-05T13:53:49.000+0000,2024-05-24,Closed Lost,Omitted,C06,Price,,Performance Optimization,,,
OPP00126,Solara Utilities - SaaS New 2024,ACC0039,R12,EMEA,New,SaaS,2024-03-29T08:17:10.000+0000,2024-09-27,Closed Won,Closed,C00,,Security review with IT,Portfolio Visibility,,,
OPP00205,Azure Energy Partners - SaaS New 2024,ACC0104,R11,RoW,New,SaaS,2024-05-15T10:30:00.000+0000,2024-08-01,Closed Lost,Omitted,,Price,,,,,
OPP00053,Solara Utilities - SaaS Up 2024,ACC0039,R12,RoW,Additional Products & Services (Upsell),SaaS,2024-02-12T16:54:27.000+0000,2024-03-26,Closed Won,Closed,C06,,Security review with IT,,,,
OPP00546,Cobalt Infrastructure - SCADA Cross 2024,ACC0130,R07,EMEA,Cross Sell,SCADA,2024-12-24T09:26:31.000+0000,2025-06-09,Closed Lost,Omitted,C03,Lost to Incumbent,Pricing discussion with procurement,Cost Reduction,39.5,2026-09-11,2025-12-15
OPP00069,Atlas Energy Partners - SaaS Up 2024,ACC0112,R13,RoW,Additional Products & Services (Upsell),SaaS,2024-02-22T11:25:03.000+0000,2024-05-31,Closed Won,Closed,C02,,Site visit,,,,
OPP01068,Prairie Energy Partners - SaaS New 2025,ACC0134,R08,EMEA,New,SaaS,2025-10-10T13:19:09.000+0000,2026-03-18,Closed Lost,Omitted,C06,Price,Pilot scoping call,Portfolio Visibility,,,
OPP01458,Solstice Renewables - SCADA New 2026,ACC0053,R10,RoW,New,SCADA,2026-04-13T12:19:53.000+0000,2027-03-25,Solution Design,Best Case,C05,,Pilot scoping call,,23.8,2027-08-19,
OPP00184,Orion Green Capital - SCADA New 2024,ACC0114,R01,Americas,New,SCADA,2024-05-04T15:05:11.000+0000,2024-07-05,Closed Lost,Omitted,C01,Lost to Incumbent,Pilot scoping call,Cost Reduction,20.5,,2024-12-05
OPP00138,Kestrel Infrastructure - SaaS Up 2024,ACC0002,R11,RoW,Additional Products & Services (Upsell),SaaS,2024-04-05T11:44:12.000+0000,2024-06-03,Closed Lost,Omitted,,Functionality Gap,Security review with IT,,,,
OPP00900,Crestline Power - SaaS Up 2025,ACC0065,R06,Americas,Additional Products & Services (Upsell),SaaS,2025-07-19T08:28:59.000+0000,2025-12-26,Closed Won,Closed,C05,,Pilot scoping call,Regulatory Compliance,,,
OPP00797,Orion Green Capital - SCADA New 2025,ACC0114,R03,Americas,New,SCADA,2025-05-19T09:39:17.000+0000,2025-07-16,Closed Lost,Omitted,,Timing / Project Delayed,,Portfolio Visibility,20.5,2026-09-24,
OPP00133,Kestrel Infrastructure - SaaS Up 2024,ACC0002,R11,EMEA,Additional Products & Services (Upsell),SaaS,2024-04-01T12:55:45.000+0000,2024-06-23,Closed Won,Closed,C06,,,Regulatory Compliance,,,
OPP00081,Kestrel Wind Holdings - SCADA Up 2024,ACC0030,R11,EMEA,Additional Products & Services (Upsell),SCADA,2024-02-28T11:26:45.000+0000,2024-07-23,Closed Lost,Omitted,,,,,71.2,2025-12-16,
OPP01803,Sierra Utilities - SCADA Cross 2024,ACC0077,R01,Americas,Cross Sell,SCADA,2024-05-11T08:31:36.000+0000,2024-07-04,Closed Lost,Omitted,C01,Duplicate,Pilot scoping call,Performance Optimization,9.1,2025-06-14,2025-01-21
OPP00542,Altamira Energy - SaaS Up 2024,ACC0144,R09,RoW,Additional Products & Services (Upsell),SaaS,2024-12-20T13:18:14.000+0000,2025-06-09,Closed Lost,Omitted,C04,Price,Pilot scoping call,Performance Optimization,,,
OPP01504,Meridian Solar Partners - SCADA Cross 2026,ACC0066,R11,RoW,Cross Sell,SCADA,2026-05-02T11:03:51.000+0000,2026-06-09,Closed Lost,Omitted,C06,Relationship,Send revised proposal,Cost Reduction,,,
OPP00984,Prairie Energy - SaaS Cross 2025,ACC0095,R05,Americas,Cross Sell,SaaS,2025-09-01T08:42:21.000+0000,2025-11-27,Closed Lost,Omitted,C07,Relationship,Follow up after board meeting,Regulatory Compliance,,,
OPP00166,Kestrel Solar Partners - SaaS New 2024,ACC0071,R01,Americas,New,SaaS,2024-04-25T12:16:40.000+0000,2024-08-03,Closed Lost,Omitted,C04,Price,Legal review of contract,Portfolio Visibility,,,
OPP00249,Crestline Power - SCADA Up 2024,ACC0065,R06,Americas,Additional Products & Services (Upsell),SCADA,2024-06-17T16:08:09.000+0000,2024-10-23,Closed Won,Closed,C05,,,Portfolio Visibility,41.5,,2025-03-10
OPP00447,Solstice Energy Partners - SaaS New 2024,ACC0154,R13,RoW,New,SaaS,2024-10-31T15:48:48.000+0000,2025-04-07,Closed Won,Closed,C07,,Legal review of contract,Regulatory Compliance,,,
OPP01080,Kestrel Wind Holdings - SCADA Up 2025,ACC0030,R11,EMEA,Additional Products & Services (Upsell),SCADA,2025-10-15T09:15:16.000+0000,2026-03-11,Closed Lost,Omitted,,No Decision / Budget,,Regulatory Compliance,10.2,2027-01-03,2026-06-17
OPP00859,Pinnacle Power - SaaS New 2025,ACC0020,R10,EMEA,New,SaaS,2025-06-25T12:39:24.000+0000,2025-11-27,Closed Lost,Omitted,,No Decision / Budget,,Portfolio Visibility,,,
OPP01191,Halcyon Utilities - SaaS New 2025,ACC0147,R09,RoW,New,SaaS,2025-12-11T16:57:27.000+0000,2026-03-21,Closed Lost,Omitted,C04,Price,,Cost Reduction,,,
OPP00098,Kestrel Energy Partners - SCADA Up 2024,ACC0052,R09,EMEA,Additional Products & Services (Upsell),SCADA,2024-03-10T08:42:51.000+0000,2024-09-05,Closed Lost,Omitted,C05,Functionality Gap,,,85.8,2025-03-22,
OPP01854,Altamira Energy - SaaS Renewal 2025,ACC0144,R09,EMEA,Renewal,SaaS,2025-10-02T12:33:08.000+0000,2025-10-30,Closed Won,Closed,,,,Regulatory Compliance,,,
OPP00738,Azure Solar Partners - SaaS Cross 2025,ACC0097,R07,RoW,Cross Sell,SaaS,2025-04-21T10:32:20.000+0000,2025-07-27,Closed Lost,Omitted,C04,Price,Pricing discussion with procurement,Cost Reduction,,,
OPP01180,Solara Utilities - SCADA New 2025,ACC0039,R12,RoW,New,SCADA,2025-12-04T11:28:00.000+0000,2026-05-30,Closed Won,Closed,C05,,Follow up after board meeting,,73.0,2026-09-17,2026-10-20
OPP00103,Azure Solar Partners - SaaS New 2024,ACC0097,R07,RoW,New,SaaS,2024-03-16T08:40:46.000+0000,2024-06-17,Closed Won,Closed,,,,Performance Optimization,,,
OPP00435,Orion Green Capital - SCADA Cross 2024,ACC0114,R03,Americas,Cross Sell,SCADA,2024-10-24T10:48:47.000+0000,2024-12-07,Closed Lost,Omitted,C03,,Pricing discussion with procurement,,,2025-09-20,
OPP00075,Azure Solar Partners - SCADA Cross 2024,ACC0097,R07,RoW,Cross Sell,SCADA,2024-02-24T13:21:45.000+0000,2024-06-27,Closed Won,Closed,C03,,Schedule technical demo,,22.4,,2025-02-14
OPP01862,Zephyr Infrastructure - SaaS Renewal 2024,ACC0081,R07,EMEA,Renewal,SaaS,2024-12-04T12:33:15.000+0000,2025-03-03,Closed Lost,Omitted,,Price,,Cost Reduction,,,
OPP01132,Meridian Utilities - SCADA New 2025,ACC0079,R11,RoW,New,SCADA,2025-11-09T16:29:42.000+0000,2026-07-05,Closed Lost,Omitted,C07,No Decision / Budget,Send revised proposal,Performance Optimization,70.7,2026-12-14,
OPP00919,Zephyr Renewables - SaaS Up 2025,ACC0098,R07,EMEA,Additional Products & Services (Upsell),SaaS,2025-07-27T16:58:39.000+0000,2025-09-26,Closed Lost,Omitted,C02,Functionality Gap,Security review with IT,Cost Reduction,,,
OPP01615,Kestrel Energy - SCADA New 2026,ACC0128,R09,RoW,New,SCADA,2026-06-23T17:06:57.000+0000,2026-12-20,Solution Design,Pipeline,C01,,,Regulatory Compliance,53.1,2027-11-21,2027-05-11
OPP01577,Meridian Utilities - SCADA Cross 2026,ACC0079,R11,RoW,Cross Sell,SCADA,2026-06-08T16:07:14.000+0000,2027-01-13,Solution Design,Best Case,C03,,Schedule technical demo,,38.3,2027-04-28,2027-08-14
OPP01825,Ember Energy Partners - SaaS New 2026,ACC0126,R08,EMEA,New,SaaS,2026-07-09T12:47:04.000+0000,2026-08-11,Closed Lost,Omitted,C07,Duplicate,Pilot scoping call,Performance Optimization,,,
OPP00763,Borealis Infrastructure - SCADA Up 2025,ACC0078,R06,Americas,Additional Products & Services (Upsell),SCADA,2025-05-04T17:08:14.000+0000,2025-07-30,Closed Won,Closed,C07,,,Performance Optimization,,2026-12-12,
OPP00990,Prairie Energy - SCADA Up 2025,ACC0095,R05,Americas,Additional Products & Services (Upsell),SCADA,2025-09-05T11:45:17.000+0000,2025-11-29,Closed Won,Closed,C01,,Send revised proposal,Regulatory Compliance,32.8,2027-05-05,2026-06-14
OPP00389,Halcyon Power - SCADA Up 2024,ACC0088,R01,Americas,Additional Products & Services (Upsell),SCADA,2024-09-21T15:14:12.000+0000,2025-03-24,Closed Won,Closed,C07,,,Portfolio Visibility,34.9,2025-07-17,
OPP00236,Pinnacle Green Capital - SCADA New 2024,ACC0124,R06,Americas,New,SCADA,2024-06-09T16:08:26.000+0000,2025-02-24,Closed Lost,Omitted,C01,,,Portfolio Visibility,45.1,,2025-08-09
OPP01419,Lumen Utilities - SaaS Up 2026,ACC0103,R06,Americas,Additional Products & Services (Upsell),SaaS,2026-03-28T16:05:46.000+0000,2026-06-09,Closed Won,Closed,C02,,Security review with IT,Cost Reduction,,,
OPP00268,Nordwind Energy Partners - SCADA New 2024,ACC0074,R01,Americas,New,SCADA,2024-07-02T11:48:12.000+0000,2024-10-01,Closed Lost,Omitted,,No Decision / Budget,Pricing discussion with procurement,Regulatory Compliance,74.3,2025-09-04,2025-05-03
OPP01118,Aurora Energy - SCADA Up 2025,ACC0157,R09,RoW,Additional Products & Services (Upsell),SCADA,2025-11-02T09:20:57.000+0000,2026-05-24,Closed Won,Closed,C01,,,Cost Reduction,185.0,2026-12-24,
OPP00118,Everglow Solar Partners - SaaS New 2024,ACC0119,R13,RoW,New,SaaS,2024-03-23T10:37:32.000+0000,2024-06-01,Closed Lost,Omitted,C07,,,Cost Reduction,,,
OPP01515,Kestrel Solar Partners - SaaS New 2026,ACC0071,R01,Americas,New,SaaS,2026-05-09T11:12:36.000+0000,2026-09-05,Closed Lost,Omitted,C00,Timing / Project Delayed,Security review with IT,Cost Reduction,,,
OPP00674,Crestline Power - SCADA Up 2025,ACC0065,R06,Americas,Additional Products & Services (Upsell),SCADA,2025-03-07T14:20:45.000+0000,2025-04-12,Closed Won,Closed,C07,,Schedule technical demo,,41.5,,2025-05-19
OPP00250,Cobalt Clean Assets - SCADA Cross 2024,ACC0117,R03,Americas,Cross Sell,SCADA,2024-06-18T10:07:47.000+0000,2025-01-31,Closed Lost,Omitted,C03,,Pilot scoping call,Portfolio Visibility,87.7,,2025-03-15
OPP01423,Vireo Green Capital - SCADA Cross 2026,ACC0145,R11,RoW,Cross Sell,SCADA,2026-03-31T10:06:34.000+0000,2026-05-20,Closed Lost,Omitted,,Functionality Gap,,Cost Reduction,,2027-08-24,2026-10-02
OPP01875,TEST Account - Sandbox - SaaS Demo,ACC9999,R09,EMEA,Additional Products & Services (Upsell),SaaS,2025-05-31T13:02:05.000+0000,2025-09-26,Closed Won,Closed,,,Security review with IT,,,,
OPP00095,Tidewater Power - SCADA Cross 2024,ACC0149,R03,Americas,Cross Sell,SCADA,2024-03-08T11:11:28.000+0000,2024-09-20,Closed Won,Closed,,,,,,,
OPP00034,Zephyr Renewables - SCADA New 2024,ACC0098,R07,EMEA,New,SCADA,2024-01-28T14:17:42.000+0000,2024-07-21,Closed Lost,Omitted,C05,Lost to Incumbent,Pilot scoping call,Performance Optimization,45.3,2025-02-02,2025-03-17
OPP01377,Tidewater Green Capital - SaaS Up 2026,ACC0113,R08,EMEA,Additional Products & Services (Upsell),SaaS,2026-03-06T08:49:07.000+0000,2026-06-26,Closed Won,Closed,C04,,Site visit,,,,
OPP01575,Nordwind Wind Holdings - SCADA New 2026,ACC0047,R14,RoW,New,SCADA,2026-06-08T12:25:33.000+0000,2026-12-21,Solution Design,Best Case,C06,,Legal review of contract,Portfolio Visibility,60.7,2027-12-18,2027-06-20
OPP00449,Prairie Energy - SaaS Cross 2024,ACC0095,R05,Americas,Cross Sell,SaaS,2024-11-01T14:41:25.000+0000,2025-03-18,Closed Won,Closed,C07,,,Cost Reduction,,,
OPP00717,Crestline Energy - SCADA New 2025,ACC0096,R11,RoW,New,SCADA,2025-04-03T14:09:24.000+0000,2025-07-14,Closed Won,Closed,,,,,,2026-04-22,
OPP01188,Crestline Power - SaaS Cross 2025,ACC0065,R06,Americas,Cross Sell,SaaS,2025-12-09T17:01:10.000+0000,2026-02-19,Closed Lost,Omitted,C04,Price,Send revised proposal,Performance Optimization,,,
OPP01430,Ember Renewables - SCADA Up 2026,ACC0055,R04,Americas,Additional Products & Services (Upsell),SCADA,2026-04-02T08:17:02.000+0000,2026-04-19,Closed Lost,Omitted,C05,Functionality Gap,Security review with IT,Portfolio Visibility,73.6,2026-11-23,2026-07-14
OPP00001,Prairie Energy - SCADA New 2024,ACC0095,R05,Americas,New,SCADA,2024-01-01T11:34:37.000+0000,2024-07-07,Closed Lost,Omitted,C03,Lost to Incumbent,Schedule technical demo,Performance Optimization,32.8,,2024-10-11
OPP01320,Solara Utilities - SCADA New 2026,ACC0039,R12,EMEA,New,SCADA,2026-02-08T17:25:46.000+0000,2027-02-20,Proposal,Best Case,C00,,Legal review of contract,Portfolio Visibility,,2027-11-30,2027-09-07
OPP01102,Solara Renewables - SCADA Up 2025,ACC0075,R14,EMEA,Additional Products & Services (Upsell),SCADA,2025-10-26T10:05:48.000+0000,2025-12-03,Closed Lost,Omitted,C05,,Pilot scoping call,Cost Reduction,51.3,2026-09-15,
OPP01109,Solstice Renewables - SaaS Up 2025,ACC0053,R13,EMEA,Additional Products & Services (Upsell),SaaS,2025-10-29T15:07:32.000+0000,2026-03-28,Closed Won,Closed,C04,,Follow up after board meeting,Cost Reduction,,,
OPP00083,Halcyon Power - SaaS New 2024,ACC0088,R01,Americas,New,SaaS,2024-02-28T11:24:47.000+0000,2024-03-23,Closed Won,Closed,,,Security review with IT,Portfolio Visibility,,,
OPP01847,Crestline Power - SaaS Renewal 2026,ACC0065,R05,Americas,Renewal,SaaS,2026-07-30T15:59:56.000+0000,2026-07-06,Solution Design,Best Case,C07,,Pricing discussion with procurement,Performance Optimization,,,
OPP00677,Borealis Infrastructure - SCADA New 2025,ACC0078,R06,Americas,New,SCADA,2025-03-09T12:02:58.000+0000,2025-06-21,Closed Won,Closed,,,,Regulatory Compliance,,,
OPP01365,Halcyon Power - SCADA Up 2026,ACC0088,R01,Americas,Additional Products & Services (Upsell),SCADA,2026-03-02T10:35:54.000+0000,2026-07-24,Closed Won,Closed,C01,,Follow up after board meeting,Performance Optimization,60.2,2026-11-25,2026-09-11
OPP01047,Azure Solar Partners - SaaS Cross 2025,ACC0097,R11,EMEA,Cross Sell,SaaS,2025-10-02T10:10:34.000+0000,2026-02-16,Closed Lost,Omitted,,Functionality Gap,,Portfolio Visibility,,,
OPP00771,Meridian Utilities - SaaS New 2025,ACC0079,R11,RoW,New,SaaS,2025-05-08T08:37:38.000+0000,2025-07-01,Closed Lost,Omitted,,,,,,,
OPP01145,Crestline Power - SaaS Up 2025,ACC0065,R05,Americas,Additional Products & Services (Upsell),SaaS,2025-11-18T11:33:40.000+0000,2026-03-26,Closed Won,Closed,C07,,Security review with IT,Regulatory Compliance,,,
OPP01203,Ember Solar Partners - SaaS New 2025,ACC0086,R10,EMEA,New,SaaS,2025-12-16T17:22:10.000+0000,2026-02-05,Closed Lost,Omitted,C02,Functionality Gap,Send revised proposal,Regulatory Compliance,,,
OPP01491,Meridian Utilities - SaaS New 2026,ACC0079,R11,RoW,New,SaaS,2026-04-26T17:25:11.000+0000,2026-09-20,Closed Won,Closed,,,,,,,
OPP01668,Halcyon Power - SaaS Cross 2026,ACC0088,R01,Americas,Cross Sell,SaaS,2026-07-21T17:56:05.000+0000,2027-03-18,Qualification,Pipeline,C06,,Legal review of contract,Cost Reduction,,,
OPP00405,Prairie Green Capital - SaaS New 2024,ACC0143,R11,RoW,New,SaaS,2024-10-03T12:47:53.000+0000,2025-03-19,Closed Won,Closed,C02,,,,,,
OPP01628,Kestrel Energy Partners - SCADA Up 2026,ACC0052,R14,EMEA,Additional Products & Services (Upsell),SCADA,2026-07-04T13:50:54.000+0000,2026-08-28,Closed Lost,Omitted,C06,Price,Security review with IT,Regulatory Compliance,,2026-12-12,2027-03-28
OPP01675,Prairie Energy - SaaS Cross 2026,ACC0095,R05,Americas,Cross Sell,SaaS,2026-07-23T12:45:03.000+0000,2027-03-30,Qualification,Pipeline,C04,,Send revised proposal,,,,
OPP01655,Crestline Power - SaaS New 2026,ACC0065,R06,Americas,New,SaaS,2026-07-17T08:34:49.000+0000,2026-09-25,Closed Won,Closed,C04,,Site visit,Portfolio Visibility,,,
OPP00105,Orion Energy Partners - SaaS New 2024,ACC0059,R06,Americas,New,SaaS,2024-03-17T09:10:07.000+0000,2024-06-13,Closed Lost,Omitted,C00,Timing / Project Delayed,,Performance Optimization,,,
OPP00689,Solara Clean Assets - SaaS Cross 2025,ACC0010,R03,Americas,Cross Sell,SaaS,2025-03-19T17:19:02.000+0000,2025-05-04,Closed Lost,Omitted,C05,No Decision / Budget,,,,,
OPP01226,Meridian Utilities - SCADA New 2025,ACC0079,R11,EMEA,New,SCADA,2025-12-27T12:44:07.000+0000,2026-05-30,Closed Lost,Omitted,C03,Price,Pilot scoping call,Portfolio Visibility,38.3,2027-03-01,
OPP00827,Orion Wind Holdings - SaaS New 2025,ACC0140,R05,Americas,New,SaaS,2025-06-05T17:01:18.000+0000,2025-12-06,Closed Won,Closed,C02,,Pricing discussion with procurement,Regulatory Compliance,,,
OPP00063,Crestline Power - SaaS Cross 2024,ACC0065,R06,Americas,Cross Sell,SaaS,2024-02-17T16:09:15.000+0000,2024-04-28,Closed Lost,Omitted,C00,No Decision / Budget,,Performance Optimization,,,
OPP00853,Meridian Renewables - SaaS New 2025,ACC0034,R11,EMEA,New,SaaS,2025-06-21T16:24:44.000+0000,2025-10-02,Closed Lost,Omitted,C07,,Schedule technical demo,,,,
OPP01271,Halcyon Power - SaaS Cross 2026,ACC0088,R01,Americas,Cross Sell,SaaS,2026-01-18T13:22:56.000+0000,2026-03-12,Closed Lost,Omitted,C05,Functionality Gap,Schedule technical demo,Portfolio Visibility,,,
OPP00224,Crestline Power - SCADA New 2024,ACC0065,R06,Americas,New,SCADA,2024-05-28T10:38:34.000+0000,2024-10-04,Closed Lost,Omitted,C01,,,Cost Reduction,41.5,,
OPP00146,Solara Power - SCADA New 2024,ACC0139,R11,RoW,New,SCADA,2024-04-11T14:58:00.000+0000,2024-09-16,Closed Lost,Omitted,C03,,,Regulatory Compliance,,,
OPP01089,Azure Power - SCADA Up 2025,ACC0106,R14,RoW,Additional Products & Services (Upsell),SCADA,2025-10-20T09:01:31.000+0000,2026-03-10,Closed Lost,Omitted,C01,Price,Pilot scoping call,Cost Reduction,73.7,,2026-09-15
OPP00374,Orion Energy Partners - SCADA Up 2024,ACC0059,R04,Americas,Additional Products & Services (Upsell),SCADA,2024-09-11T09:00:17.000+0000,2024-11-11,Closed Won,Closed,,,Schedule technical demo,Performance Optimization,195.4,2025-08-19,
OPP01334,Zephyr Infrastructure - SCADA Up 2026,ACC0081,R14,RoW,Additional Products & Services (Upsell),SCADA,2026-02-17T11:56:11.000+0000,2026-06-14,Closed Won,Closed,C06,,Legal review of contract,Cost Reduction,10.0,2027-11-30,2026-10-11
OPP01720,Orion Energy Partners - SCADA Cross 2026,ACC0059,R06,Americas,Cross Sell,SCADA,2026-08-09T11:16:38.000+0000,2026-10-30,Proposal,Best Case,C00,,Legal review of contract,,36.7,2027-07-27,2027-03-14
OPP01407,Ember Renewables - SaaS New 2026,ACC0055,R04,Americas,New,SaaS,2026-03-20T15:21:34.000+0000,2026-05-20,Closed Lost,Omitted,,Price,Pricing discussion with procurement,Portfolio Visibility,,,
OPP01510,Meridian Wind Holdings - SCADA Up 2026,ACC0151,R04,Americas,Additional Products & Services (Upsell),SCADA,2026-05-07T12:55:04.000+0000,2026-08-06,Closed Won,Closed,C00,,Pricing discussion with procurement,Performance Optimization,12.3,,2026-09-12
OPP01194,Crestline Energy Partners - SaaS Up 2025,ACC0001,R04,Americas,Additional Products & Services (Upsell),SaaS,2025-12-13T14:17:42.000+0000,2026-02-08,Closed Lost,Omitted,C02,Functionality Gap,,Portfolio Visibility,,,
OPP00010,Crestline Green Capital - SCADA New 2024,ACC0067,R04,Americas,New,SCADA,2024-01-06T11:33:42.000+0000,2024-07-03,Closed Lost,Omitted,,,Pricing discussion with procurement,Portfolio Visibility,,,
OPP00450,Kestrel Renewables - SaaS New 2024,ACC0146,R09,EMEA,New,SaaS,2024-11-01T12:58:09.000+0000,2025-03-30,Closed Won,Closed,C05,,,Regulatory Compliance,,,
OPP00709,Zephyr Renewables - SaaS Cross 2025,ACC0098,R07,RoW,Cross Sell,SaaS,2025-03-30T10:50:51.000+0000,2025-10-06,Closed Won,Closed,,,Pricing discussion with procurement,Cost Reduction,,,
OPP00256,Kestrel Energy Partners - SCADA New 2024,ACC0052,R09,RoW,New,SCADA,2024-06-25T13:47:28.000+0000,2024-11-25,Closed Lost,Omitted,C01,Relationship,,,8.9,,2025-01-03
OPP00883,Everglow Clean Assets - SCADA New 2025,ACC0070,R03,Americas,New,SCADA,2025-07-11T17:39:37.000+0000,2025-10-27,Closed Lost,Omitted,,Price,Send revised proposal,Performance Optimization,99.2,2026-12-18,
OPP00390,Crestline Energy Partners - SCADA Cross 2024,ACC0001,R04,Americas,Cross Sell,SCADA,2024-09-21T15:29:11.000+0000,2025-05-31,Closed Lost,Omitted,,,Schedule technical demo,Cost Reduction,,,
OPP00909,Helios Utilities - SaaS New 2025,ACC0102,R14,RoW,New,SaaS,2025-07-22T10:36:57.000+0000,2025-12-24,Closed Lost,Omitted,C04,,Send revised proposal,Cost Reduction,,,
OPP00925,Altamira Energy - SaaS Cross 2025,ACC0144,R07,EMEA,Cross Sell,SaaS,2025-07-30T11:25:15.000+0000,2025-09-17,Closed Won,Closed,C02,,Legal review of contract,Performance Optimization,,,
OPP01608,Prairie Wind Holdings - SaaS Up 2026,ACC0018,R02,Americas,Additional Products & Services (Upsell),SaaS,2026-06-20T17:40:19.000+0000,2026-09-23,Closed Won,Closed,C07,,Security review with IT,Regulatory Compliance,,,
OPP01160,Orion Energy - SaaS Up 2025,ACC0089,R02,Americas,Additional Products & Services (Upsell),SaaS,2025-11-25T16:17:05.000+0000,2026-03-27,Closed Won,Closed,C07,,,Regulatory Compliance,,,
OPP00461,Ember Energy Partners - SaaS New 2024,ACC0126,R08,RoW,New,SaaS,2024-11-07T16:37:36.000+0000,2025-07-18,Closed Lost,Omitted,C00,Timing / Project Delayed,,,,,
OPP01193,Meridian Utilities - SaaS Cross 2025,ACC0079,R11,EMEA,Cross Sell,SaaS,2025-12-12T13:42:12.000+0000,2026-03-22,Closed Won,Closed,C07,,,Regulatory Compliance,,,
OPP00959,Kestrel Energy Partners - SaaS Cross 2025,ACC0052,R09,RoW,Cross Sell,SaaS,2025-08-17T12:37:12.000+0000,2025-09-19,Closed Lost,Omitted,C05,,Site visit,Cost Reduction,,,
OPP00502,Crestline Solar Partners - SaaS New 2024,ACC0029,R08,EMEA,New,SaaS,2024-11-30T11:42:56.000+0000,2025-04-02,Closed Lost,Omitted,C05,Functionality Gap,Legal review of contract,Cost Reduction,,,
OPP00740,Kestrel Solar Partners - SCADA Up 2025,ACC0071,R01,Americas,Additional Products & Services (Upsell),SCADA,2025-04-24T11:43:44.000+0000,2025-07-01,Closed Lost,Omitted,C03,Lost to Incumbent,Schedule technical demo,Regulatory Compliance,32.4,,
OPP01740,Crestline Energy Partners - SaaS Up 2026,ACC0001,R04,Americas,Additional Products & Services (Upsell),SaaS,2026-08-18T12:24:24.000+0000,2026-12-21,Qualification,Pipeline,C07,,Legal review of contract,Performance Optimization,,,
OPP00869,Vireo Green Capital - SaaS New 2025,ACC0145,R10,RoW,New,SaaS,2025-07-02T14:35:12.000+0000,2026-03-23,Closed Won,Closed,C07,,Schedule technical demo,Portfolio Visibility,,,
OPP00732,Zephyr Utilities - SCADA New 2025,ACC0156,R11,RoW,New,SCADA,2025-04-17T15:53:10.000+0000,2025-11-13,Closed Won,Closed,C06,,,,163.7,,2026-02-14
OPP00540,Azure Power - SaaS Cross 2024,ACC0106,R14,EMEA,Cross Sell,SaaS,2024-12-19T12:55:29.000+0000,2025-03-25,Closed Won,Closed,C00,,Pilot scoping call,,,,
OPP00698,Aurora Energy - SaaS Up 2025,ACC0157,R09,EMEA,Additional Products & Services (Upsell),SaaS,2025-03-22T08:01:26.000+0000,2025-04-29,Closed Lost,Omitted,C02,Functionality Gap,Follow up after board meeting,,,,
OPP01308,Kestrel Infrastructure - SaaS Up 2026,ACC0002,R11,EMEA,Additional Products & Services (Upsell),SaaS,2026-02-02T12:07:40.000+0000,2026-03-15,Closed Lost,Omitted,C05,Functionality Gap,,,,,
OPP01293,Crestline Power - SCADA Cross 2026,ACC0065,R06,Americas,Cross Sell,SCADA,2026-01-25T10:57:23.000+0000,2026-04-20,Closed Won,Closed,C06,,Schedule technical demo,Portfolio Visibility,41.5,2027-03-02,2026-11-20
OPP01146,Altamira Energy - SCADA Cross 2025,ACC0144,R09,EMEA,Cross Sell,SCADA,2025-11-20T12:27:41.000+0000,2026-07-02,Closed Won,Closed,C00,,Schedule technical demo,,22.3,2027-02-04,2026-08-19
OPP01032,Azure Solar Partners - SaaS New 2025,ACC0097,R07,EMEA,New,SaaS,2025-09-21T08:32:46.000+0000,2026-02-17,Closed Lost,Omitted,C05,Functionality Gap,Pilot scoping call,,,,
OPP00373,Orion Clean Assets - SCADA Cross 2024,ACC0141,R10,RoW,Cross Sell,SCADA,2024-09-11T12:21:36.000+0000,2025-03-19,Closed Won,Closed,C05,,,,50.2,,2025-06-19
OPP00668,Borealis Green Capital - SaaS Up 2025,ACC0073,R02,Americas,Additional Products & Services (Upsell),SaaS,2025-03-05T14:12:54.000+0000,2025-07-01,Closed Won,Closed,C00,,,,,,
OPP01855,Borealis Infrastructure - SCADA Renewal 2025,ACC0078,R06,Americas,Renewal,SCADA,2025-03-09T12:02:58.000+0000,2025-06-21,Closed Won,Closed,,,,Regulatory Compliance,,,
OPP00358,Crestline Power - SCADA Up 2024,ACC0065,R06,Americas,Additional Products & Services (Upsell),SCADA,2024-08-31T10:16:40.000+0000,2024-11-07,Closed Lost,Omitted,,Price,,Portfolio Visibility,13.5,2026-03-17,2025-06-04
OPP00968,Zephyr Wind Holdings - SCADA Cross 2025,ACC0108,R02,Americas,Cross Sell,SCADA,2025-08-23T09:07:17.000+0000,2025-11-19,Closed Lost,Omitted,,Price,,Portfolio Visibility,,2026-10-30,
OPP00784,Lumen Renewables - SCADA Up 2025,ACC0054,R13,EMEA,Additional Products & Services (Upsell),SCADA,2025-05-13T13:37:06.000+0000,2025-08-15,Closed Won,Closed,,,Schedule technical demo,Cost Reduction,,2026-05-06,2025-10-16
OPP00736,Orion Green Capital - SaaS Up 2025,ACC0114,R03,Americas,Additional Products & Services (Upsell),SaaS,2025-04-20T10:28:57.000+0000,2025-06-02,Closed Lost,Omitted,C02,,,,,,
OPP01036,Solstice Energy Partners - SaaS New 2025,ACC0154,R13,EMEA,New,SaaS,2025-09-24T16:35:25.000+0000,2025-12-27,Closed Won,Closed,,,Schedule technical demo,Portfolio Visibility,,,
OPP00971,Solstice Green Capital - SaaS Cross 2025,ACC0090,R07,EMEA,Cross Sell,SaaS,2025-08-26T13:47:31.000+0000,2025-12-30,Closed Won,Closed,C06,,,Cost Reduction,,,
OPP01437,Prairie Energy - SaaS New 2026,ACC0095,R05,Americas,New,SaaS,2026-04-05T15:41:16.000+0000,2026-07-08,Closed Lost,Omitted,C00,No Decision / Budget,Pilot scoping call,,,,
OPP01522,Altamira Infrastructure - SCADA Cross 2026,ACC0105,R14,RoW,Cross Sell,SCADA,2026-05-12T12:02:14.000+0000,2026-11-30,Proposal,Best Case,C05,,,Cost Reduction,117.4,2027-05-23,2027-01-22
OPP01436,Atlas Wind Holdings - SCADA New 2026,ACC0008,R04,Americas,New,SCADA,2026-04-04T15:30:32.000+0000,2026-12-30,Proposal,Pipeline,C00,,Send revised proposal,Portfolio Visibility,21.5,2027-09-23,2027-04-25
OPP01403,Kestrel Infrastructure - SaaS New 2026,ACC0002,R11,RoW,New,SaaS,2026-03-17T14:35:42.000+0000,2026-12-28,Proposal,Commit,C06,,Follow up after board meeting,Regulatory Compliance,,,
OPP01685,Solara Utilities - SaaS Up 2026,ACC0039,R12,RoW,Additional Products & Services (Upsell),SaaS,2026-07-26T17:04:51.000+0000,2026-12-20,Solution Design,Commit,C02,,Send revised proposal,Regulatory Compliance,,,
OPP01619,Pinnacle Renewables - SaaS Cross 2026,ACC0159,R07,RoW,Cross Sell,SaaS,2026-06-27T14:38:31.000+0000,2026-09-03,Closed Lost,Omitted,C07,Functionality Gap,Pilot scoping call,Cost Reduction,,,
OPP00886,Prairie Energy - SCADA New 2025,ACC0095,R05,Americas,New,SCADA,2025-07-13T09:49:21.000+0000,2025-11-15,Closed Won,Closed,C03,,Security review with IT,,100.5,2026-07-10,
OPP00080,Kestrel Power - SaaS Cross 2024,ACC0005,R03,Americas,Cross Sell,SaaS,2024-02-27T16:01:31.000+0000,2024-04-29,Closed Lost,Omitted,C02,Functionality Gap,,Portfolio Visibility,,,
OPP01173,Kestrel Energy Partners - SaaS Up 2025,ACC0052,R09,EMEA,Additional Products & Services (Upsell),SaaS,2025-12-01T17:27:21.000+0000,2026-02-11,Closed Lost,Omitted,C02,Functionality Gap,,,,,
OPP00815,Orion Energy Partners - SCADA Cross 2025,ACC0059,R06,Americas,Cross Sell,SCADA,2025-05-31T10:54:46.000+0000,2025-11-10,Closed Lost,Omitted,C01,,Schedule technical demo,Regulatory Compliance,9.7,2026-11-07,2026-04-14
OPP01207,Pinnacle Clean Assets - SCADA Up 2025,ACC0036,R09,RoW,Additional Products & Services (Upsell),SCADA,2025-12-20T14:51:15.000+0000,2026-03-27,Closed Won,Closed,C00,,Security review with IT,Regulatory Compliance,96.0,2026-09-16,2026-08-23
OPP00672,Kestrel Infrastructure - SaaS New 2025,ACC0002,R12,EMEA,New,SaaS,2025-03-07T13:14:08.000+0000,2025-07-20,Closed Lost,Omitted,C07,Lost to Incumbent,Site visit,Regulatory Compliance,,,
OPP01554,Ember Energy Partners - SCADA Cross 2026,ACC0126,R08,RoW,Cross Sell,SCADA,2026-05-28T08:17:55.000+0000,2026-09-06,Closed Lost,Omitted,C05,Relationship,Legal review of contract,Performance Optimization,38.7,2027-04-27,2026-10-23
OPP00058,Meridian Utilities - SaaS New 2024,ACC0079,R11,RoW,New,SaaS,2024-02-14T08:08:56.000+0000,2024-09-25,Closed Won,Closed,,,,,,,
OPP00134,Sierra Power - SCADA Up 2024,ACC0092,R14,EMEA,Additional Products & Services (Upsell),SCADA,2024-04-02T09:58:35.000+0000,2024-09-29,Closed Won,Closed,,,,Portfolio Visibility,,,
OPP01141,Helios Energy Partners - SaaS Up 2025,ACC0118,R06,Americas,Additional Products & Services (Upsell),SaaS,2025-11-14T11:29:27.000+0000,2025-12-18,Closed Lost,Omitted,C02,Lost to Incumbent,Legal review of contract,Regulatory Compliance,,,
OPP00934,Solara Renewables - SaaS Up 2025,ACC0075,R07,RoW,Additional Products & Services (Upsell),SaaS,2025-08-04T17:01:22.000+0000,2025-12-22,Closed Won,Closed,C04,,Pricing discussion with procurement,,,,
OPP01589,Meridian Utilities - SCADA New 2026,ACC0079,R07,RoW,New,SCADA,2026-06-12T11:26:45.000+0000,2026-12-09,Proposal,Best Case,C03,,Legal review of contract,Performance Optimization,38.3,,2027-03-20
OPP00824,Zephyr Wind Holdings - SCADA Cross 2025,ACC0108,R02,Americas,Cross Sell,SCADA,2025-06-03T14:36:23.000+0000,2025-10-18,Closed Lost,Omitted,C00,,,,28.3,,
OPP00505,Kestrel Infrastructure - SaaS Up 2024,ACC0002,R09,RoW,Additional Products & Services (Upsell),SaaS,2024-12-01T15:08:36.000+0000,2025-03-25,Closed Won,Closed,C02,,Security review with IT,,,,
OPP01671,Halcyon Power - SaaS New 2026,ACC0088,R01,Americas,New,SaaS,2026-07-22T13:21:55.000+0000,2026-12-18,Solution Design,Best Case,C07,,Security review with IT,Performance Optimization,,,
OPP00348,Prairie Energy - SaaS Cross 2024,ACC0095,R05,Americas,Cross Sell,SaaS,2024-08-25T11:17:02.000+0000,2024-11-15,Closed Lost,Omitted,C05,Functionality Gap,Schedule technical demo,,,,
OPP00387,Zephyr Renewables - SaaS Up 2024,ACC0098,R07,RoW,Additional Products & Services (Upsell),SaaS,2024-09-19T14:19:54.000+0000,2024-11-05,Closed Lost,Omitted,C06,Price,,Cost Reduction,,,
OPP01025,Altamira Energy - SaaS Cross 2025,ACC0144,R09,EMEA,Cross Sell,SaaS,2025-09-18T14:56:56.000+0000,2025-12-24,Closed Won,Closed,C02,,Site visit,Portfolio Visibility,,,
OPP00895,Kestrel Renewables - SCADA Up 2025,ACC0146,R09,EMEA,Additional Products & Services (Upsell),SCADA,2025-07-15T15:15:34.000+0000,2025-12-06,Closed Won,Closed,C05,,,,18.3,,2026-07-22
OPP00829,Zephyr Solar Partners - SCADA Up 2025,ACC0041,R01,Americas,Additional Products & Services (Upsell),SCADA,2025-06-06T16:40:07.000+0000,2025-12-28,Closed Won,Closed,C07,,,,74.7,2026-12-02,2026-08-17
OPP01779,Kestrel Infrastructure - SCADA Cross 2026,ACC0002,R11,RoW,Cross Sell,SCADA,2026-09-06T17:16:55.000+0000,2027-06-27,Prospecting,Pipeline,,,,Cost Reduction,,2028-11-21,
OPP00476,Orion Green Capital - SaaS New 2024,ACC0114,R03,Americas,New,SaaS,2024-11-13T11:57:16.000+0000,2024-12-28,Closed Lost,Omitted,,Price,Pricing discussion with procurement,,,,
OPP01384,Lumen Energy Partners - SaaS Up 2026,ACC0062,R01,Americas,Additional Products & Services (Upsell),SaaS,2026-03-08T13:29:44.000+0000,2026-04-19,Closed Won,Closed,C00,,Schedule technical demo,Regulatory Compliance,,,
OPP01464,Zephyr Clean Assets - SCADA Cross 2026,ACC0003,R09,EMEA,Cross Sell,SCADA,2026-04-16T13:15:05.000+0000,2026-06-29,Closed Won,Closed,C06,,Send revised proposal,Regulatory Compliance,240.2,2027-01-10,2026-12-02
OPP00653,Azure Solar Partners - SaaS New 2025,ACC0097,R07,RoW,New,SaaS,2025-02-20T13:13:31.000+0000,2025-07-25,Closed Won,Closed,C06,,Legal review of contract,Cost Reduction,,,
OPP00173,Azure Solar Partners - SaaS New 2024,ACC0097,R07,EMEA,New,SaaS,2024-04-29T10:33:48.000+0000,2024-08-13,Closed Lost,Omitted,C02,Functionality Gap,,Regulatory Compliance,,,
OPP01150,Borealis Clean Assets - SaaS New 2025,ACC0011,R09,EMEA,New,SaaS,2025-11-22T16:28:54.000+0000,2026-06-18,Closed Lost,Omitted,,,Pilot scoping call,Cost Reduction,,,
OPP00039,Altamira Energy - SaaS Up 2024,ACC0144,R09,EMEA,Additional Products & Services (Upsell),SaaS,2024-02-03T10:38:12.000+0000,2024-06-25,Closed Won,Closed,C02,,Pilot scoping call,,,,
OPP00714,Halcyon Power - SCADA Cross 2025,ACC0088,R01,Americas,Cross Sell,SCADA,2025-04-02T14:54:03.000+0000,2025-05-24,Closed Lost,Omitted,C00,,Legal review of contract,,23.4,,2025-11-11
OPP00091,Meridian Solar Partners - SaaS Up 2024,ACC0066,R11,RoW,Additional Products & Services (Upsell),SaaS,2024-03-05T17:49:06.000+0000,2024-06-09,Closed Lost,Omitted,C07,Relationship,Site visit,,,,
OPP01819,Crestline Power - SaaS Cross 2024,ACC0065,R06,Americas,Cross Sell,SaaS,2024-12-15T10:45:30.000+0000,2025-03-13,Closed Lost,Omitted,C02,Duplicate,,Cost Reduction,,,
OPP01206,Solara Renewables - SaaS New 2025,ACC0075,R07,RoW,New,SaaS,2025-12-20T17:38:58.000+0000,2026-02-28,Closed Lost,Omitted,C02,Timing / Project Delayed,Send revised proposal,Portfolio Visibility,,,
OPP00876,Ember Solar Partners - SaaS Up 2025,ACC0086,R13,RoW,Additional Products & Services (Upsell),SaaS,2025-07-06T11:45:54.000+0000,2025-09-04,Closed Won,Closed,C04,,,,,,
OPP01269,Lumen Clean Assets - SaaS New 2026,ACC0155,R07,RoW,New,SaaS,2026-01-17T10:54:28.000+0000,2026-02-23,Closed Lost,Omitted,C04,Price,Pricing discussion with procurement,Cost Reduction,,,
OPP01094,Kestrel Power - SCADA Up 2025,ACC0005,R03,Americas,Additional Products & Services (Upsell),SCADA,2025-10-21T11:06:01.000+0000,2026-02-20,Closed Won,Closed,C00,,,,47.0,,2026-04-01
OPP01156,Solara Clean Assets - SCADA New 2025,ACC0010,R03,Americas,New,SCADA,2025-11-25T15:32:20.000+0000,2026-02-22,Closed Lost,Omitted,C03,Lost to Incumbent,,,195.1,,2026-04-08
OPP01473,Kestrel Energy Partners - SaaS New 2026,ACC0052,R09,EMEA,New,SaaS,2026-04-21T13:31:19.000+0000,2026-08-30,Closed Lost,Omitted,C04,Price,Pricing discussion with procurement,Cost Reduction,,,
OPP01839,Altamira Energy - SCADA Up 2024,ACC0144,R09,EMEA,Additional Products & Services (Upsell),SCADA,2024-11-22T16:31:45.000+0000,2024-12-23,Closed Lost,Omitted,C07,Duplicate,Schedule technical demo,,136.7,2025-03-24,2025-08-15
OPP00500,Solstice Power - SCADA Up 2024,ACC0040,R01,Americas,Additional Products & Services (Upsell),SCADA,2024-11-29T10:26:14.000+0000,2025-03-18,Closed Won,Closed,,,,Portfolio Visibility,236.2,2025-12-06,2025-11-05
OPP00339,Prairie Energy - SaaS Cross 2024,ACC0095,R05,Americas,Cross Sell,SaaS,2024-08-21T13:58:04.000+0000,2024-12-21,Closed Won,Closed,C04,,Pilot scoping call,Portfolio Visibility,,,
OPP01189,Zephyr Infrastructure - SaaS Cross 2025,ACC0081,R07,EMEA,Cross Sell,SaaS,2025-12-09T09:44:41.000+0000,2026-06-19,Closed Won,Closed,C02,,Site visit,Cost Reduction,,,
OPP00029,Atlas Wind Holdings - SaaS New 2024,ACC0008,R04,Americas,New,SaaS,2024-01-23T08:35:47.000+0000,2024-02-24,Closed Lost,Omitted,,Functionality Gap,Pilot scoping call,,,,
OPP01218,Borealis Green Capital - SaaS New 2025,ACC0073,R04,Americas,New,SaaS,2025-12-25T14:16:03.000+0000,2026-03-09,Closed Lost,Omitted,C00,,Pricing discussion with procurement,Cost Reduction,,,
OPP01361,Kestrel Green Capital - SCADA New 2026,ACC0137,R10,RoW,New,SCADA,2026-03-01T14:20:48.000+0000,2026-06-29,Closed Won,Closed,,,Site visit,Cost Reduction,17.6,2027-12-08,2026-09-15
OPP01714,Kestrel Energy Partners - SaaS New 2026,ACC0052,R11,EMEA,New,SaaS,2026-08-07T08:08:51.000+0000,2026-10-17,Proposal,Pipeline,C04,,,,,,
OPP00946,Halcyon Power - SCADA Up 2025,ACC0088,R01,Americas,Additional Products & Services (Upsell),SCADA,2025-08-09T16:14:42.000+0000,2025-12-05,Closed Won,Closed,C01,,,,97.1,2026-12-20,2026-07-07
OPP00170,Borealis Infrastructure - SCADA Up 2024,ACC0078,R06,Americas,Additional Products & Services (Upsell),SCADA,2024-04-27T13:07:41.000+0000,2024-10-07,Closed Won,Closed,C06,,Follow up after board meeting,Portfolio Visibility,106.0,,
OPP01319,Kestrel Infrastructure - SaaS Cross 2026,ACC0002,R11,EMEA,Cross Sell,SaaS,2026-02-07T11:48:37.000+0000,2026-03-08,Closed Won,Closed,C07,,Follow up after board meeting,Cost Reduction,,,
OPP01198,Kestrel Infrastructure - SCADA Cross 2025,ACC0002,R11,EMEA,Cross Sell,SCADA,2025-12-14T09:47:52.000+0000,2026-02-02,Closed Lost,Omitted,C05,Functionality Gap,Pilot scoping call,Performance Optimization,302.7,2026-11-08,
OPP00913,Nordwind Energy Partners - SaaS Cross 2025,ACC0074,R01,Americas,Cross Sell,SaaS,2025-07-24T11:53:58.000+0000,2025-10-07,Closed Lost,Omitted,,Functionality Gap,Legal review of contract,,,,
OPP00492,Cobalt Utilities - SaaS New 2024,ACC0042,R13,RoW,New,SaaS,2024-11-26T15:39:30.000+0000,2025-03-10,Closed Lost,Omitted,C04,Price,Schedule technical demo,,,,
OPP00954,Nordwind Energy - SaaS New 2025,ACC0123,R14,RoW,New,SaaS,2025-08-14T08:10:58.000+0000,2025-10-06,Closed Lost,Omitted,C02,,,Performance Optimization,,,
OPP01098,Altamira Energy - SaaS Up 2025,ACC0144,R09,RoW,Additional Products & Services (Upsell),SaaS,2025-10-25T16:06:54.000+0000,2026-03-16,Closed Won,Closed,C02,,Site visit,Portfolio Visibility,,,
OPP01033,Solara Utilities - SaaS Cross 2025,ACC0039,R12,EMEA,Cross Sell,SaaS,2025-09-23T14:03:13.000+0000,2025-11-22,Closed Lost,Omitted,C07,Lost to Incumbent,Send revised proposal,Portfolio Visibility,,,
OPP00588,Altamira Energy - SCADA New 2025,ACC0144,R11,EMEA,New,SCADA,2025-01-20T09:59:14.000+0000,2025-07-20,Closed Lost,Omitted,C03,Functionality Gap,Schedule technical demo,,54.4,2026-03-10,
OPP00751,Solstice Green Capital - SCADA New 2025,ACC0090,R07,EMEA,New,SCADA,2025-04-27T13:30:44.000+0000,2025-08-07,Closed Lost,Omitted,C01,Price,Pilot scoping call,Performance Optimization,65.1,2026-06-07,2026-03-21
OPP00658,Aurora Energy - SCADA New 2025,ACC0157,R09,RoW,New,SCADA,2025-02-23T16:43:13.000+0000,2025-09-14,Closed Won,Closed,,,Security review with IT,Portfolio Visibility,,2026-04-06,
OPP00235,Orion Energy Partners - SaaS Cross 2024,ACC0059,R06,Americas,Cross Sell,SaaS,2024-06-07T14:23:46.000+0000,2024-08-14,Closed Lost,Omitted,C04,Price,Legal review of contract,,,,
OPP00733,Solstice Green Capital - SaaS New 2025,ACC0090,R07,RoW,New,SaaS,2025-04-17T13:28:45.000+0000,2025-09-20,Closed Won,Closed,C00,,,Regulatory Compliance,,,
OPP01869,TEST Account - Sandbox - SaaS Demo,ACC9999,R09,RoW,Additional Products & Services (Upsell),SaaS,2025-01-06T12:15:23.000+0000,2025-03-23,Closed Won,Closed,C04,,,Cost Reduction,,,
OPP01540,Everglow Energy Partners - SaaS New 2026,ACC0035,R13,RoW,New,SaaS,2026-05-23T13:06:03.000+0000,2026-09-16,Closed Lost,Omitted,C04,Functionality Gap,Site visit,Cost Reduction,,,
OPP01157,Zephyr Solar Partners - SCADA New 2025,ACC0041,R01,Americas,New,SCADA,2025-11-25T10:15:20.000+0000,2026-03-31,Closed Lost,Omitted,C00,Price,Legal review of contract,Cost Reduction,25.1,2026-08-10,2026-10-07
OPP01662,Tidewater Green Capital - SCADA Cross 2026,ACC0113,R08,EMEA,Cross Sell,SCADA,2026-07-20T16:30:43.000+0000,2026-09-02,Closed Lost,Omitted,C00,No Decision / Budget,Site visit,Regulatory Compliance,,2027-02-27,2027-03-09
OPP01536,Orion Green Capital - SaaS Up 2026,ACC0114,R03,Americas,Additional Products & Services (Upsell),SaaS,2026-05-21T12:29:32.000+0000,2026-07-05,Closed Lost,Omitted,C02,Functionality Gap,Pricing discussion with procurement,Regulatory Compliance,,,
OPP00935,Ember Energy - SCADA Up 2025,ACC0116,R02,Americas,Additional Products & Services (Upsell),SCADA,2025-08-05T16:04:06.000+0000,2025-12-20,Closed Won,Closed,,,,Portfolio Visibility,111.4,,2026-07-31
OPP01210,Ember Energy Partners - SaaS New 2025,ACC0126,R08,RoW,New,SaaS,2025-12-21T09:56:47.000+0000,2026-03-14,Closed Lost,Omitted,C04,Price,,Regulatory Compliance,,,
OPP01066,Orion Solar Partners - SaaS Up 2025,ACC0125,R08,EMEA,Additional Products & Services (Upsell),SaaS,2025-10-10T16:42:38.000+0000,2025-12-29,Closed Won,Closed,C04,,,,,,
OPP00109,Orion Energy - SCADA Up 2024,ACC0089,R02,Americas,Additional Products & Services (Upsell),SCADA,2024-03-18T13:34:17.000+0000,2024-06-19,Closed Won,Closed,,,Pricing discussion with procurement,,29.3,,
OPP01453,Halcyon Power - SCADA Up 2026,ACC0088,R01,Americas,Additional Products & Services (Upsell),SCADA,2026-04-11T16:56:53.000+0000,2026-08-03,Closed Won,Closed,C01,,,,120.0,2027-01-20,
OPP00569,Solara Solar Partners - SCADA New 2025,ACC0093,R06,Americas,New,SCADA,2025-01-09T12:05:58.000+0000,2025-08-14,Closed Lost,Omitted,C03,Lost to Incumbent,,Cost Reduction,,,
OPP01168,Prairie Energy - SCADA Up 2025,ACC0095,R05,Americas,Additional Products & Services (Upsell),SCADA,2025-11-30T12:22:11.000+0000,2026-06-18,Closed Won,Closed,,,Security review with IT,Cost Reduction,67.7,2027-07-01,
OPP01175,Lumen Utilities - SCADA Up 2025,ACC0103,R05,Americas,Additional Products & Services (Upsell),SCADA,2025-12-03T16:03:28.000+0000,2026-01-19,Closed Won,Closed,C00,,Schedule technical demo,Regulatory Compliance,47.5,,2026-08-15
OPP00891,Crestline Power - SaaS New 2025,ACC0065,R06,Americas,New,SaaS,2025-07-14T14:10:51.000+0000,2025-11-22,Closed Lost,Omitted,C02,,Send revised proposal,,,,
OPP00948,Meridian Utilities - SaaS Up 2025,ACC0079,R09,EMEA,Additional Products & Services (Upsell),SaaS,2025-08-11T13:36:57.000+0000,2025-09-28,Closed Won,Closed,C02,,Schedule technical demo,Cost Reduction,,,
OPP01049,Azure Solar Partners - SaaS Up 2025,ACC0097,R07,RoW,Additional Products & Services (Upsell),SaaS,2025-10-04T09:09:24.000+0000,2025-11-15,Closed Won,Closed,C04,,Follow up after board meeting,Cost Reduction,,,
OPP01270,Meridian Utilities - SCADA New 2026,ACC0079,R11,RoW,New,SCADA,2026-01-17T14:18:31.000+0000,2026-11-24,Negotiation,Commit,C00,,Security review with IT,Performance Optimization,109.0,2027-12-23,
OPP01288,Solara Utilities - SaaS Cross 2026,ACC0039,R12,EMEA,Cross Sell,SaaS,2026-01-23T11:34:01.000+0000,2026-02-25,Closed Lost,Omitted,C04,Price,Pilot scoping call,Regulatory Compliance,,,
OPP01360,Meridian Utilities - SCADA Up 2026,ACC0079,R11,RoW,Additional Products & Services (Upsell),SCADA,2026-03-01T11:07:41.000+0000,2026-07-07,Closed Won,Closed,C03,,Pricing discussion with procurement,Cost Reduction,109.0,2026-12-13,
OPP00885,Altamira Energy - SaaS New 2025,ACC0144,R09,RoW,New,SaaS,2025-07-12T14:08:55.000+0000,2025-11-24,Closed Lost,Omitted,,Functionality Gap,Send revised proposal,Portfolio Visibility,,,
OPP01579,Solstice Renewables - SaaS Cross 2026,ACC0053,R13,RoW,Cross Sell,SaaS,2026-06-09T16:44:36.000+0000,2026-09-15,Closed Won,Closed,,,,Portfolio Visibility,,,
OPP00851,Solstice Renewables - SaaS New 2025,ACC0053,R13,RoW,New,SaaS,2025-06-20T13:48:10.000+0000,2025-08-16,Closed Lost,Omitted,C02,,Site visit,Portfolio Visibility,,,
OPP00735,Borealis Infrastructure - SaaS Cross 2025,ACC0078,R06,Americas,Cross Sell,SaaS,2025-04-20T11:41:16.000+0000,2025-08-25,Closed Lost,Omitted,C07,No Decision / Budget,,Performance Optimization,,,
OPP00718,Tidewater Green Capital - SaaS Cross 2025,ACC0113,R08,RoW,Cross Sell,SaaS,2025-04-03T12:58:36.000+0000,2025-06-19,Closed Won,Closed,C07,,Send revised proposal,,,,
OPP00455,Altamira Energy - SCADA Up 2024,ACC0144,R09,EMEA,Additional Products & Services (Upsell),SCADA,2024-11-03T17:39:42.000+0000,2025-03-28,Closed Won,Closed,,,,Portfolio Visibility,,,2025-05-03
OPP00265,Cobalt Infrastructure - SCADA Cross 2024,ACC0130,R14,RoW,Cross Sell,SCADA,2024-07-01T08:34:36.000+0000,2025-01-19,Closed Won,Closed,,,Send revised proposal,Portfolio Visibility,39.5,,2025-06-18
OPP00076,Everglow Utilities - SaaS New 2024,ACC0082,R03,Americas,New,SaaS,2024-02-24T17:51:47.000+0000,2024-07-17,Closed Won,Closed,C00,,,Regulatory Compliance,,,
OPP01565,Solara Utilities - SCADA New 2026,ACC0039,R12,EMEA,New,SCADA,2026-06-04T11:05:19.000+0000,2026-09-28,Closed Won,Closed,C00,,Send revised proposal,Regulatory Compliance,112.7,2028-01-22,2027-04-30
OPP00445,Prairie Energy - SCADA Up 2024,ACC0095,R05,Americas,Additional Products & Services (Upsell),SCADA,2024-10-30T16:38:36.000+0000,2025-03-22,Closed Won,Closed,C05,,Site visit,Performance Optimization,126.4,,2025-10-22
OPP00396,Kestrel Infrastructure - SCADA Cross 2024,ACC0002,R11,RoW,Cross Sell,SCADA,2024-09-27T10:27:33.000+0000,2025-01-04,Closed Lost,Omitted,,Lost to Incumbent,Site visit,Portfolio Visibility,77.4,2026-06-26,2025-05-30
OPP00177,Kestrel Solar Partners - SCADA New 2024,ACC0071,R02,Americas,New,SCADA,2024-05-02T15:27:00.000+0000,2025-03-26,Closed Won,Closed,,,Pricing discussion with procurement,,66.3,,
OPP01043,Crestline Energy Partners - SaaS New 2025,ACC0001,R04,Americas,New,SaaS,2025-09-29T15:37:04.000+0000,2026-01-05,Closed Lost,Omitted,C02,Functionality Gap,,,,,
OPP01636,Meridian Energy - SCADA Cross 2026,ACC0016,R07,RoW,Cross Sell,SCADA,2026-07-09T16:10:36.000+0000,2027-03-06,Qualification,Pipeline,C03,,Follow up after board meeting,Cost Reduction,,2027-12-15,2027-04-14
OPP01316,Cobalt Clean Assets - SCADA New 2026,ACC0117,R03,Americas,New,SCADA,2026-02-05T15:54:19.000+0000,2027-03-12,Solution Design,Best Case,C01,,Security review with IT,Cost Reduction,33.1,2027-11-29,2027-04-13
OPP01404,Altamira Energy - SaaS Cross 2026,ACC0144,R09,RoW,Cross Sell,SaaS,2026-03-17T12:51:02.000+0000,2026-05-18,Closed Lost,Omitted,C05,Price,,Performance Optimization,,,
OPP00596,Solstice Renewables - SaaS Up 2025,ACC0053,R13,EMEA,Additional Products & Services (Upsell),SaaS,2025-01-23T16:45:05.000+0000,2025-06-07,Closed Lost,Omitted,C05,Functionality Gap,Legal review of contract,Performance Optimization,,,
OPP00062,Vireo Green Capital - SaaS New 2024,ACC0145,R10,EMEA,New,SaaS,2024-02-16T11:40:07.000+0000,2024-05-11,Closed Lost,Omitted,C04,,Follow up after board meeting,,,,
OPP00873,Crestline Wind Holdings - SCADA New 2025,ACC0037,R13,EMEA,New,SCADA,2025-07-04T16:16:21.000+0000,2025-10-26,Closed Lost,Omitted,C01,Price,,Portfolio Visibility,,2026-08-18,2026-01-26
OPP01402,Orion Green Capital - SaaS New 2026,ACC0114,R03,Americas,New,SaaS,2026-03-16T08:24:41.000+0000,2026-11-19,Proposal,Commit,,,Send revised proposal,Regulatory Compliance,,,
OPP01766,Ember Energy Partners - SCADA New 2026,ACC0126,R13,EMEA,New,SCADA,2026-09-03T09:48:41.000+0000,2027-06-26,Prospecting,Pipeline,C03,,Follow up after board meeting,Regulatory Compliance,13.5,2028-05-03,2027-08-01
OPP00279,Prairie Energy - SaaS Up 2024,ACC0095,R03,Americas,Additional Products & Services (Upsell),SaaS,2024-07-11T12:27:32.000+0000,2024-12-12,Closed Lost,Omitted,,,,Regulatory Compliance,,,
OPP00037,Prairie Renewables - SaaS Cross 2024,ACC0049,R08,EMEA,Cross Sell,SaaS,2024-02-02T16:20:49.000+0000,2024-03-09,Closed Won,Closed,,,Security review with IT,Portfolio Visibility,,,
OPP01428,Meridian Energy - SCADA Up 2026,ACC0016,R10,RoW,Additional Products & Services (Upsell),SCADA,2026-04-02T12:18:51.000+0000,2026-12-24,Proposal,Pipeline,C03,,,,56.0,,2027-06-16
OPP00663,Halcyon Power - SCADA New 2025,ACC0088,R01,Americas,New,SCADA,2025-02-25T12:30:38.000+0000,2025-09-02,Closed Lost,Omitted,,Lost to Incumbent,Follow up after board meeting,,,2026-04-15,
OPP01701,Halcyon Power - SCADA New 2026,ACC0088,R01,Americas,New,SCADA,2026-08-01T17:00:07.000+0000,2027-02-27,Qualification,Pipeline,C01,,Schedule technical demo,Regulatory Compliance,95.1,,2027-04-18
OPP01358,Altamira Clean Assets - SaaS Cross 2026,ACC0017,R10,EMEA,Cross Sell,SaaS,2026-02-28T09:08:51.000+0000,2026-06-15,Closed Won,Closed,C02,,Pilot scoping call,Portfolio Visibility,,,
OPP00978,Cobalt Utilities - SaaS Up 2025,ACC0042,R13,RoW,Additional Products & Services (Upsell),SaaS,2025-08-30T17:40:24.000+0000,2025-11-02,Closed Won,Closed,C02,,,Cost Reduction,,,
OPP01482,Aurora Wind Holdings - SCADA Cross 2026,ACC0012,R12,EMEA,Cross Sell,SCADA,2026-04-24T10:26:00.000+0000,2026-06-18,Closed Lost,Omitted,C07,Functionality Gap,Schedule technical demo,,172.8,2027-03-03,
OPP00739,Cobalt Infrastructure - SCADA Up 2025,ACC0130,R07,RoW,Additional Products & Services (Upsell),SCADA,2025-04-22T14:32:21.000+0000,2025-08-04,Closed Won,Closed,C07,,Follow up after board meeting,Performance Optimization,39.5,2026-01-08,
OPP00192,Kestrel Infrastructure - SCADA Up 2024,ACC0002,R11,RoW,Additional Products & Services (Upsell),SCADA,2024-05-08T12:48:57.000+0000,2024-07-28,Closed Lost,Omitted,,Functionality Gap,,,,2025-04-20,2025-01-04
OPP00920,Cobalt Energy - SCADA Cross 2025,ACC0013,R13,RoW,Cross Sell,SCADA,2025-07-28T17:48:17.000+0000,2025-10-04,Closed Won,Closed,C07,,,Performance Optimization,235.0,,2026-04-12
OPP00457,Solara Utilities - SaaS Up 2024,ACC0039,R12,RoW,Additional Products & Services (Upsell),SaaS,2024-11-03T16:10:23.000+0000,2024-12-05,Closed Lost,Omitted,C00,No Decision / Budget,Send revised proposal,,,,
OPP00676,Halcyon Power - SCADA Cross 2025,ACC0088,R01,Americas,Cross Sell,SCADA,2025-03-09T12:50:56.000+0000,2025-07-04,Closed Won,Closed,,,Follow up after board meeting,Regulatory Compliance,,,2025-11-07
OPP00761,Crestline Energy - SaaS Up 2025,ACC0096,R11,RoW,Additional Products & Services (Upsell),SaaS,2025-05-01T09:21:26.000+0000,2025-06-02,Closed Won,Closed,C04,,Pilot scoping call,,,,
OPP01702,Meridian Utilities - SaaS Cross 2026,ACC0079,R08,RoW,Cross Sell,SaaS,2026-08-02T11:40:44.000+0000,2026-09-03,Closed Lost,Omitted,C04,Lost to Incumbent,Legal review of contract,Regulatory Compliance,,,
OPP00729,Orion Green Capital - SaaS Up 2025,ACC0114,R05,Americas,Additional Products & Services (Upsell),SaaS,2025-04-13T09:55:04.000+0000,2025-09-20,Closed Won,Closed,C00,,Site visit,Performance Optimization,,,
OPP00413,Pinnacle Infrastructure - SaaS New 2024,ACC0048,R11,RoW,New,SaaS,2024-10-08T15:56:15.000+0000,2025-01-24,Closed Lost,Omitted,,No Decision / Budget,,Regulatory Compliance,,,
OPP01099,Halcyon Power - SaaS New 2025,ACC0088,R05,Americas,New,SaaS,2025-10-25T09:01:25.000+0000,2025-12-10,Closed Lost,Omitted,,No Decision / Budget,Schedule technical demo,Cost Reduction,,,
OPP00826,Meridian Utilities - SCADA New 2025,ACC0079,R11,EMEA,New,SCADA,2025-06-05T14:28:17.000+0000,2025-09-17,Closed Lost,Omitted,C05,,,,28.9,,
OPP01669,Kestrel Wind Holdings - SaaS New 2026,ACC0030,R11,RoW,New,SaaS,2026-07-21T16:31:58.000+0000,2026-11-12,Proposal,Best Case,C00,,Legal review of contract,,,,
OPP00617,Atlas Renewables - SCADA Up 2025,ACC0022,R03,Americas,Additional Products & Services (Upsell),SCADA,2025-01-30T14:01:04.000+0000,2025-06-19,Closed Won,Closed,C05,,,Performance Optimization,,,
OPP00115,Solstice Energy Partners - SaaS Up 2024,ACC0154,R13,RoW,Additional Products & Services (Upsell),SaaS,2024-03-22T08:39:10.000+0000,2024-05-10,Closed Won,Closed,C05,,Legal review of contract,Portfolio Visibility,,,
OPP00418,Orion Green Capital - SaaS Up 2024,ACC0114,R03,Americas,Additional Products & Services (Upsell),SaaS,2024-10-12T17:06:15.000+0000,2025-02-22,Closed Lost,Omitted,C04,Price,,,,,
OPP01794,Solstice Energy Partners - SaaS Cross 2026,ACC0154,R14,RoW,Cross Sell,SaaS,2026-09-13T15:24:30.000+0000,2026-12-26,Prospecting,Pipeline,C02,,Pricing discussion with procurement,Performance Optimization,,,
OPP00970,Kestrel Energy Partners - SCADA Up 2025,ACC0052,R09,RoW,Additional Products & Services (Upsell),SCADA,2025-08-26T08:07:42.000+0000,2025-11-14,Closed Lost,Omitted,C05,Functionality Gap,Schedule technical demo,,,,2026-01-29
OPP00605,Sierra Wind Holdings - SCADA Up 2025,ACC0122,R11,EMEA,Additional Products & Services (Upsell),SCADA,2025-01-26T12:49:47.000+0000,2025-04-18,Closed Won,Closed,C06,,,,,,2025-08-20
OPP01801,Halcyon Power - SaaS Cross 2026,ACC0088,R01,Americas,Cross Sell,SaaS,2026-01-18T13:22:56.000+0000,2026-03-12,Closed Lost,Omitted,C05,Duplicate,Schedule technical demo,Portfolio Visibility,,,
OPP00090,Pinnacle Energy Partners - SaaS Up 2024,ACC0027,R13,EMEA,Additional Products & Services (Upsell),SaaS,2024-03-04T10:15:06.000+0000,2024-07-01,Closed Won,Closed,,,Site visit,Cost Reduction,,,
OPP00849,Kestrel Energy - SaaS Up 2025,ACC0128,R09,RoW,Additional Products & Services (Upsell),SaaS,2025-06-20T10:06:59.000+0000,2025-07-18,Closed Won,Closed,,,Follow up after board meeting,Regulatory Compliance,,,
OPP01432,Everglow Energy Partners - SaaS Up 2026,ACC0035,R13,RoW,Additional Products & Services (Upsell),SaaS,2026-04-03T13:52:59.000+0000,2026-04-26,Closed Lost,Omitted,C02,Functionality Gap,,Performance Optimization,,,
OPP01800,Tidewater Power - SaaS Cross 2026,ACC0149,R03,Americas,Cross Sell,SaaS,2026-09-14T13:51:36.000+0000,2027-02-03,Prospecting,Pipeline,C02,,Security review with IT,Cost Reduction,,,
OPP00754,Kestrel Energy Partners - SaaS New 2025,ACC0052,R09,RoW,New,SaaS,2025-04-29T08:49:20.000+0000,2025-06-20,Closed Lost,Omitted,,,Pricing discussion with procurement,Portfolio Visibility,,,
OPP00499,Tidewater Green Capital - SaaS New 2024,ACC0113,R08,RoW,New,SaaS,2024-11-29T08:32:07.000+0000,2025-06-07,Closed Lost,Omitted,C04,Price,Pricing discussion with procurement,Regulatory Compliance,,,
OPP01277,Orion Solar Partners - SaaS New 2026,ACC0125,R08,EMEA,New,SaaS,2026-01-19T16:46:09.000+0000,2026-04-10,Closed Won,Closed,C06,,Legal review of contract,Cost Reduction,,,
OPP00012,Zephyr Solar Partners - SaaS New 2024,ACC0041,R01,Americas,New,SaaS,2024-01-07T11:37:12.000+0000,2024-05-28,Closed Lost,Omitted,,Functionality Gap,Site visit,,,,
OPP00397,Zephyr Infrastructure - SCADA New 2024,ACC0081,R07,EMEA,New,SCADA,2024-09-27T08:38:16.000+0000,2025-03-20,Closed Won,Closed,C05,,Send revised proposal,,22.6,2025-09-07,2025-06-06
OPP00285,Orion Green Capital - SaaS Up 2024,ACC0114,R03,Americas,Additional Products & Services (Upsell),SaaS,2024-07-15T10:52:29.000+0000,2024-11-05,Closed Lost,Omitted,C00,No Decision / Budget,,,,,
OPP01067,Solstice Renewables - SCADA New 2025,ACC0053,R13,EMEA,New,SCADA,2025-10-10T13:46:45.000+0000,2026-08-18,Closed Won,Closed,,,Pricing discussion with procurement,Performance Optimization,88.1,2027-10-04,2027-01-12
OPP01192,Crestline Power - SaaS Up 2025,ACC0065,R02,Americas,Additional Products & Services (Upsell),SaaS,2025-12-12T10:08:53.000+0000,2026-02-04,Closed Won,Closed,C07,,Security review with IT,Portfolio Visibility,,,
OPP01680,Crestline Power - SaaS New 2026,ACC0065,R06,Americas,New,SaaS,2026-07-24T17:43:29.000+0000,2026-11-07,Proposal,Pipeline,,,Site visit,Performance Optimization,,,
OPP00691,Kestrel Wind Holdings - SaaS New 2025,ACC0030,R11,EMEA,New,SaaS,2025-03-20T13:46:32.000+0000,2025-04-20,Closed Lost,Omitted,,,,,,,
OPP01539,Altamira Infrastructure - SaaS New 2026,ACC0105,R14,RoW,New,SaaS,2026-05-22T09:55:49.000+0000,2026-08-23,Closed Won,Closed,C05,,Security review with IT,Cost Reduction,,,
OPP01763,Nordwind Green Capital - SaaS Up 2026,ACC0060,R06,Americas,Additional Products & Services (Upsell),SaaS,2026-08-31T10:21:45.000+0000,2026-10-01,Negotiation,Commit,C04,,,Performance Optimization,,,
OPP00690,Altamira Renewables - SaaS Up 2025,ACC0160,R11,EMEA,Additional Products & Services (Upsell),SaaS,2025-03-19T08:21:09.000+0000,2025-06-24,Closed Won,Closed,C05,,Security review with IT,Regulatory Compliance,,,
OPP00852,Solara Utilities - SCADA Cross 2025,ACC0039,R12,EMEA,Cross Sell,SCADA,2025-06-20T10:57:24.000+0000,2025-10-12,Closed Lost,Omitted,,No Decision / Budget,,Regulatory Compliance,55.6,2026-01-13,
OPP00160,Solara Renewables - SaaS Cross 2024,ACC0075,R07,RoW,Cross Sell,SaaS,2024-04-22T16:20:37.000+0000,2024-06-25,Closed Won,Closed,C04,,Pricing discussion with procurement,,,,
OPP00896,Solara Utilities - SaaS Cross 2025,ACC0039,R12,RoW,Cross Sell,SaaS,2025-07-16T09:25:54.000+0000,2025-11-18,Closed Lost,Omitted,C06,Price,Follow up after board meeting,Regulatory Compliance,,,
OPP01722,Azure Power - SaaS Cross 2026,ACC0106,R14,EMEA,Cross Sell,SaaS,2026-08-10T10:06:08.000+0000,2026-11-12,Solution Design,Best Case,C07,,Follow up after board meeting,Cost Reduction,,,
OPP00258,Pinnacle Energy Partners - SaaS New 2024,ACC0027,R13,EMEA,New,SaaS,2024-06-26T17:56:59.000+0000,2024-08-11,Closed Lost,Omitted,C00,No Decision / Budget,,,,,
OPP00336,Orion Green Capital - SaaS Up 2024,ACC0114,R05,Americas,Additional Products & Services (Upsell),SaaS,2024-08-19T14:21:22.000+0000,2024-09-28,Closed Won,Closed,,,Send revised proposal,Regulatory Compliance,,,
OPP01767,Altamira Energy - SaaS Up 2026,ACC0144,R09,RoW,Additional Products & Services (Upsell),SaaS,2026-09-03T17:26:34.000+0000,2026-12-21,Qualification,Pipeline,,,Send revised proposal,Cost Reduction,,,
OPP01040,Kestrel Infrastructure - SaaS New 2025,ACC0002,R11,EMEA,New,SaaS,2025-09-25T12:47:59.000+0000,2025-12-26,Closed Lost,Omitted,C06,Price,,Cost Reduction,,,
OPP00516,Crestline Power - SaaS New 2024,ACC0065,R06,Americas,New,SaaS,2024-12-05T13:37:05.000+0000,2025-02-14,Closed Lost,Omitted,C07,No Decision / Budget,,,,,
OPP01016,Azure Utilities - SaaS Up 2025,ACC0133,R04,Americas,Additional Products & Services (Upsell),SaaS,2025-09-14T17:36:35.000+0000,2025-10-23,Closed Won,Closed,C07,,Legal review of contract,,,,
OPP00769,Prairie Energy - SaaS Cross 2025,ACC0095,R05,Americas,Cross Sell,SaaS,2025-05-06T11:11:54.000+0000,2025-06-24,Closed Lost,Omitted,C07,,,,,,
OPP01646,Kestrel Infrastructure - SaaS New 2026,ACC0002,R11,EMEA,New,SaaS,2026-07-13T08:53:12.000+0000,2026-08-25,Closed Lost,Omitted,,Timing / Project Delayed,Pilot scoping call,Regulatory Compliance,,,
OPP00762,Ember Energy Partners - SCADA New 2025,ACC0126,R08,EMEA,New,SCADA,2025-05-03T11:39:15.000+0000,2025-08-06,Closed Won,Closed,,,,Cost Reduction,38.7,2026-05-05,2026-02-06
OPP01247,Zephyr Renewables - SaaS Up 2026,ACC0098,R07,EMEA,Additional Products & Services (Upsell),SaaS,2026-01-07T14:38:55.000+0000,2026-03-12,Closed Lost,Omitted,C05,Functionality Gap,Send revised proposal,Regulatory Compliance,,,
OPP01204,Cobalt Infrastructure - SCADA New 2025,ACC0130,R07,RoW,New,SCADA,2025-12-17T16:18:54.000+0000,2026-03-28,Closed Lost,Omitted,C00,Timing / Project Delayed,Security review with IT,Regulatory Compliance,39.5,2027-05-08,2026-08-09
OPP01381,Solara Utilities - SCADA Up 2026,ACC0039,R12,RoW,Additional Products & Services (Upsell),SCADA,2026-03-07T13:27:06.000+0000,2026-04-10,Closed Lost,Omitted,,Functionality Gap,Site visit,Cost Reduction,112.7,2026-09-28,2026-09-04
OPP01864,Sierra Solar Partners - SCADA Renewal 2026,ACC0132,R10,EMEA,Renewal,SCADA,2026-07-11T12:01:11.000+0000,2026-07-26,Closed Lost,Omitted,C03,Lost to Incumbent,Site visit,,21.7,2027-10-02,
OPP00522,Helios Renewables - SCADA New 2024,ACC0007,R06,Americas,New,SCADA,2024-12-10T15:58:41.000+0000,2025-04-24,Closed Won,Closed,,,Send revised proposal,Regulatory Compliance,12.9,2026-07-05,2025-11-16
OPP00023,Meridian Utilities - SaaS Up 2024,ACC0079,R11,RoW,Additional Products & Services (Upsell),SaaS,2024-01-18T13:21:17.000+0000,2024-03-21,Closed Won,Closed,,,,,,,
OPP00357,Cobalt Infrastructure - SaaS New 2024,ACC0130,R07,EMEA,New,SaaS,2024-08-31T08:26:36.000+0000,2025-02-01,Closed Lost,Omitted,C04,Price,Security review with IT,Portfolio Visibility,,,
OPP01278,Solstice Power - SCADA Up 2026,ACC0040,R01,Americas,Additional Products & Services (Upsell),SCADA,2026-01-20T10:06:46.000+0000,2026-06-11,Closed Won,Closed,C05,,,Cost Reduction,,,2026-11-17
OPP01313,Crestline Power - SCADA Up 2026,ACC0065,R06,Americas,Additional Products & Services (Upsell),SCADA,2026-02-03T15:03:32.000+0000,2026-06-21,Closed Won,Closed,C06,,Site visit,Cost Reduction,41.5,2027-08-01,2026-09-26
OPP01588,Zephyr Wind Holdings - SaaS New 2026,ACC0108,R02,Americas,New,SaaS,2026-06-12T12:56:14.000+0000,2026-12-03,Proposal,Best Case,C06,,Schedule technical demo,Portfolio Visibility,,,
OPP00341,Aurora Power - SaaS Cross 2024,ACC0025,R07,RoW,Cross Sell,SaaS,2024-08-21T09:20:35.000+0000,2024-09-25,Closed Won,Closed,C04,,Send revised proposal,,,,
OPP00432,Zephyr Clean Assets - SaaS New 2024,ACC0003,R09,RoW,New,SaaS,2024-10-23T11:53:32.000+0000,2025-03-26,Closed Lost,Omitted,,Functionality Gap,Send revised proposal,Portfolio Visibility,,,
OPP00474,Solara Utilities - SCADA Up 2024,ACC0039,R12,EMEA,Additional Products & Services (Upsell),SCADA,2024-11-11T15:50:48.000+0000,2025-05-23,Closed Lost,Omitted,C00,No Decision / Budget,Site visit,Cost Reduction,119.3,2025-08-24,2025-10-22
OPP00218,Helios Power - SCADA New 2024,ACC0032,R01,Americas,New,SCADA,2024-05-24T09:50:22.000+0000,2025-01-16,Closed Lost,Omitted,,Price,Security review with IT,Cost Reduction,17.9,2025-09-21,2025-06-22
OPP00912,Lumen Energy - SCADA Cross 2025,ACC0148,R12,EMEA,Cross Sell,SCADA,2025-07-24T08:25:10.000+0000,2025-10-09,Closed Lost,Omitted,C07,No Decision / Budget,Send revised proposal,Cost Reduction,30.1,2026-10-12,2025-12-22
OPP01228,Crestline Solar Partners - SaaS New 2025,ACC0029,R12,RoW,New,SaaS,2025-12-28T12:10:23.000+0000,2026-03-30,Closed Won,Closed,C02,,Legal review of contract,Regulatory Compliance,,,
OPP01506,Zephyr Renewables - SaaS New 2026,ACC0098,R07,RoW,New,SaaS,2026-05-03T15:16:28.000+0000,2026-06-10,Closed Lost,Omitted,C06,Price,Send revised proposal,,,,
OPP01012,Tidewater Green Capital - SCADA New 2025,ACC0113,R08,EMEA,New,SCADA,2025-09-14T10:18:54.000+0000,2026-03-21,Closed Won,Closed,C06,,Follow up after board meeting,,12.3,2027-07-02,2026-11-02
OPP01830,Prairie Energy - SaaS Cross 2025,ACC0095,R05,Americas,Cross Sell,SaaS,2025-05-06T11:11:54.000+0000,2025-06-24,Closed Lost,Omitted,C07,Duplicate,,,,,
OPP00094,Kestrel Infrastructure - SCADA New 2024,ACC0002,R09,EMEA,New,SCADA,2024-03-07T15:52:50.000+0000,2024-06-29,Closed Lost,Omitted,,Price,Send revised proposal,Performance Optimization,,,
OPP01009,Ember Energy Partners - SCADA Up 2025,ACC0126,R08,RoW,Additional Products & Services (Upsell),SCADA,2025-09-13T09:57:44.000+0000,2026-01-31,Closed Lost,Omitted,C06,Price,Schedule technical demo,Portfolio Visibility,,2027-06-25,2026-08-28
OPP01071,Pinnacle Power - SaaS New 2025,ACC0020,R10,RoW,New,SaaS,2025-10-12T14:24:29.000+0000,2025-12-19,Closed Lost,Omitted,C06,Price,Legal review of contract,Performance Optimization,,,
OPP01093,Lumen Utilities - SCADA New 2025,ACC0103,R05,Americas,New,SCADA,2025-10-21T17:05:10.000+0000,2026-03-07,Closed Lost,Omitted,C06,,Site visit,Performance Optimization,47.5,2027-04-18,
OPP01650,Solara Clean Assets - SCADA Cross 2026,ACC0010,R03,Americas,Cross Sell,SCADA,2026-07-14T15:27:14.000+0000,2027-03-20,Qualification,Pipeline,C03,,Send revised proposal,,28.6,2027-09-21,2027-08-18
OPP01309,Lumen Renewables - SCADA Up 2026,ACC0054,R13,RoW,Additional Products & Services (Upsell),SCADA,2026-02-02T17:51:48.000+0000,2026-06-27,Closed Won,Closed,C01,,,Performance Optimization,17.9,2026-10-13,
OPP00697,Helios Infrastructure - SaaS Cross 2025,ACC0080,R09,RoW,Cross Sell,SaaS,2025-03-22T09:36:54.000+0000,2025-05-27,Closed Lost,Omitted,C02,Functionality Gap,,,,,
OPP01689,Altamira Infrastructure - SaaS Cross 2026,ACC0105,R14,RoW,Cross Sell,SaaS,2026-07-27T10:32:47.000+0000,2027-03-20,Qualification,Pipeline,C07,,Schedule technical demo,Portfolio Visibility,,,
OPP00997,Azure Solar Partners - SCADA New 2025,ACC0097,R07,EMEA,New,SCADA,2025-09-07T16:14:32.000+0000,2025-11-07,Closed Lost,Omitted,C06,Price,Schedule technical demo,Cost Reduction,15.2,2026-07-27,2026-05-19
OPP00154,Kestrel Infrastructure - SaaS New 2024,ACC0002,R11,EMEA,New,SaaS,2024-04-17T16:01:07.000+0000,2024-07-14,Closed Lost,Omitted,C07,No Decision / Budget,Legal review of contract,Portfolio Visibility,,,
OPP01100,Altamira Renewables - SCADA New 2025,ACC0160,R14,EMEA,New,SCADA,2025-10-25T08:28:36.000+0000,2026-04-30,Closed Lost,Omitted,C06,Price,Follow up after board meeting,Performance Optimization,,2027-03-03,2026-11-03
OPP01622,Solara Solar Partners - SaaS Cross 2026,ACC0093,R06,Americas,Cross Sell,SaaS,2026-06-29T10:10:06.000+0000,2026-09-20,Closed Won,Closed,C05,,Security review with IT,Portfolio Visibility,,,
OPP01878,TEST Account - Sandbox - SaaS Demo,ACC9999,R14,EMEA,New,SaaS,2025-10-29T11:31:49.000+0000,2025-12-13,Closed Lost,Omitted,C02,Functionality Gap,,,,,
OPP00790,Crestline Power - SCADA New 2025,ACC0065,R06,Americas,New,SCADA,2025-05-17T13:26:06.000+0000,2025-08-09,Closed Lost,Omitted,C05,Functionality Gap,,Portfolio Visibility,41.5,,2026-03-18
OPP00581,Borealis Utilities - SaaS Up 2025,ACC0129,R08,RoW,Additional Products & Services (Upsell),SaaS,2025-01-17T11:01:04.000+0000,2025-04-18,Closed Lost,Omitted,C04,Price,,Cost Reduction,,,
OPP00704,Orion Wind Holdings - SCADA New 2025,ACC0140,R05,Americas,New,SCADA,2025-03-27T09:00:03.000+0000,2025-09-10,Closed Won,Closed,C01,,Pricing discussion with procurement,Regulatory Compliance,187.3,2026-07-23,
OPP01213,Solstice Renewables - SCADA New 2025,ACC0053,R12,RoW,New,SCADA,2025-12-22T11:48:41.000+0000,2026-11-16,Negotiation,Commit,C07,,Send revised proposal,Cost Reduction,,2027-04-02,
OPP01296,Halcyon Power - SaaS Cross 2026,ACC0088,R01,Americas,Cross Sell,SaaS,2026-01-28T08:20:01.000+0000,2026-05-14,Closed Won,Closed,C05,,Pricing discussion with procurement,Portfolio Visibility,,,
OPP01573,Zephyr Solar Partners - SCADA Cross 2026,ACC0041,R01,Americas,Cross Sell,SCADA,2026-06-07T13:02:22.000+0000,2026-12-31,Solution Design,Best Case,C07,,Security review with IT,Cost Reduction,50.0,2027-08-10,2027-06-16
OPP01261,Zephyr Energy Partners - SaaS New 2026,ACC0110,R04,Americas,New,SaaS,2026-01-12T12:50:07.000+0000,2026-05-03,Closed Lost,Omitted,C05,Price,Send revised proposal,Portfolio Visibility,,,
OPP00488,Kestrel Wind Holdings - SaaS Up 2024,ACC0030,R11,RoW,Additional Products & Services (Upsell),SaaS,2024-11-22T11:02:22.000+0000,2025-03-28,Closed Won,Closed,,,Security review with IT,,,,
OPP00560,Halcyon Power - SaaS New 2025,ACC0088,R03,Americas,New,SaaS,2025-01-04T13:13:55.000+0000,2025-10-04,Closed Won,Closed,C06,,,,,,
OPP01142,Atlas Wind Holdings - SCADA New 2025,ACC0008,R04,Americas,New,SCADA,2025-11-14T16:43:09.000+0000,2026-04-04,Closed Lost,Omitted,C05,Functionality Gap,,Regulatory Compliance,104.6,2027-09-03,2026-07-05
OPP01120,Cobalt Utilities - SCADA Cross 2025,ACC0042,R13,RoW,Cross Sell,SCADA,2025-11-02T17:02:50.000+0000,2026-04-02,Closed Lost,Omitted,C01,Price,Schedule technical demo,Portfolio Visibility,60.9,2027-09-10,
OPP00802,Prairie Energy - SCADA Up 2025,ACC0095,R05,Americas,Additional Products & Services (Upsell),SCADA,2025-05-22T13:29:33.000+0000,2025-07-23,Closed Lost,Omitted,C07,No Decision / Budget,Schedule technical demo,Performance Optimization,131.2,2025-12-10,
OPP00513,Solara Utilities - SaaS New 2024,ACC0039,R12,EMEA,New,SaaS,2024-12-04T08:39:45.000+0000,2025-03-11,Closed Lost,Omitted,,No Decision / Budget,Follow up after board meeting,,,,
OPP00634,Zephyr Renewables - SaaS New 2025,ACC0098,R08,RoW,New,SaaS,2025-02-09T17:15:50.000+0000,2025-03-26,Closed Lost,Omitted,C02,Functionality Gap,,,,,
OPP01806,Halcyon Power - SCADA New 2026,ACC0088,R02,Americas,New,SCADA,2026-05-09T11:09:41.000+0000,2026-07-25,Closed Lost,Omitted,,Duplicate,Schedule technical demo,Cost Reduction,43.9,2026-11-27,2026-11-09
OPP01684,Tidewater Energy Partners - SCADA New 2026,ACC0044,R06,Americas,New,SCADA,2026-07-26T11:33:52.000+0000,2027-03-22,Qualification,Pipeline,C05,,Security review with IT,Performance Optimization,79.9,2028-07-20,
OPP01151,Cobalt Infrastructure - SCADA Cross 2025,ACC0130,R07,EMEA,Cross Sell,SCADA,2025-11-23T10:38:43.000+0000,2026-03-24,Closed Won,Closed,,,Pilot scoping call,Regulatory Compliance,39.5,2027-06-16,2026-06-21
OPP00791,Prairie Energy - SaaS Cross 2025,ACC0095,R05,Americas,Cross Sell,SaaS,2025-05-17T10:49:40.000+0000,2025-06-12,Closed Lost,Omitted,C07,No Decision / Budget,,Cost Reduction,,,
OPP00117,Halcyon Power - SCADA Up 2024,ACC0088,R01,Americas,Additional Products & Services (Upsell),SCADA,2024-03-23T15:43:41.000+0000,2024-05-19,Closed Lost,Omitted,C01,Price,Schedule technical demo,Portfolio Visibility,51.9,2025-07-19,2024-09-21
OPP00741,Zephyr Renewables - SCADA New 2025,ACC0098,R07,EMEA,New,SCADA,2025-04-24T10:53:01.000+0000,2026-03-22,Closed Won,Closed,C05,,Security review with IT,Performance Optimization,88.6,2027-03-05,2026-11-11
OPP01595,Meridian Utilities - SCADA Up 2026,ACC0079,R11,EMEA,Additional Products & Services (Upsell),SCADA,2026-06-15T15:29:05.000+0000,2026-09-17,Closed Won,Closed,,,Security review with IT,Regulatory Compliance,70.7,2027-11-10,2027-04-19
OPP01082,Zephyr Wind Holdings - SaaS Up 2025,ACC0108,R02,Americas,Additional Products & Services (Upsell),SaaS,2025-10-16T09:05:38.000+0000,2025-12-19,Closed Lost,Omitted,C04,Price,,Regulatory Compliance,,,
OPP00831,Meridian Utilities - SaaS New 2025,ACC0079,R11,EMEA,New,SaaS,2025-06-08T12:14:27.000+0000,2025-08-08,Closed Lost,Omitted,,,,Cost Reduction,,,
OPP00120,Pinnacle Clean Assets - SCADA New 2024,ACC0036,R09,RoW,New,SCADA,2024-03-23T16:28:38.000+0000,2024-07-07,Closed Lost,Omitted,C03,Lost to Incumbent,,Regulatory Compliance,61.1,,2024-09-19
OPP00657,Halcyon Renewables - SaaS New 2025,ACC0014,R01,Americas,New,SaaS,2025-02-22T12:35:45.000+0000,2025-05-29,Closed Lost,Omitted,C02,Functionality Gap,Site visit,Regulatory Compliance,,,
OPP01791,Cobalt Energy - SaaS Cross 2026,ACC0013,R13,EMEA,Cross Sell,SaaS,2026-09-11T12:03:08.000+0000,2026-12-18,Prospecting,Pipeline,C00,,Send revised proposal,Cost Reduction,,,
OPP00636,Orion Green Capital - SCADA New 2025,ACC0114,R03,Americas,New,SCADA,2025-02-10T13:05:26.000+0000,2025-09-29,Closed Won,Closed,,,Site visit,Cost Reduction,,,
OPP00370,Altamira Renewables - SaaS New 2024,ACC0160,R13,RoW,New,SaaS,2024-09-08T12:23:48.000+0000,2025-03-22,Closed Won,Closed,,,Security review with IT,Performance Optimization,,,
OPP00269,Zephyr Renewables - SaaS New 2024,ACC0098,R07,EMEA,New,SaaS,2024-07-03T11:49:48.000+0000,2024-12-28,Closed Won,Closed,C06,,Legal review of contract,,,,
OPP00656,Halcyon Power - SCADA Cross 2025,ACC0088,R01,Americas,Cross Sell,SCADA,2025-02-22T10:18:22.000+0000,2025-05-13,Closed Lost,Omitted,,Lost to Incumbent,Pilot scoping call,Regulatory Compliance,180.2,,2025-07-10
OPP00936,Crestline Power - SaaS Up 2025,ACC0065,R03,Americas,Additional Products & Services (Upsell),SaaS,2025-08-05T11:39:54.000+0000,2025-11-08,Closed Lost,Omitted,C02,Price,,,,,
OPP00823,Azure Energy Partners - SaaS Cross 2025,ACC0104,R07,EMEA,Cross Sell,SaaS,2025-06-03T16:01:52.000+0000,2025-11-15,Closed Lost,Omitted,C04,Price,Security review with IT,,,,
OPP00867,Zephyr Renewables - SaaS New 2025,ACC0098,R07,EMEA,New,SaaS,2025-07-01T10:33:48.000+0000,2025-08-15,Closed Lost,Omitted,C04,Price,Schedule technical demo,Cost Reduction,,,
OPP00047,Zephyr Clean Assets - SCADA Cross 2024,ACC0003,R09,RoW,Cross Sell,SCADA,2024-02-08T08:39:25.000+0000,2024-06-04,Closed Won,Closed,C00,,,Cost Reduction,32.0,,2024-12-26
OPP01374,Zephyr Renewables - SCADA New 2026,ACC0098,R07,EMEA,New,SCADA,2026-03-04T15:11:43.000+0000,2027-06-15,Solution Design,Best Case,C07,,Pricing discussion with procurement,Performance Optimization,39.5,2028-09-29,2027-09-03
OPP01612,Solara Energy - SaaS New 2026,ACC0099,R11,RoW,New,SaaS,2026-06-22T09:23:59.000+0000,2026-11-13,Proposal,Pipeline,C04,,Follow up after board meeting,Portfolio Visibility,,,
OPP00992,Solara Clean Assets - SCADA Up 2025,ACC0010,R03,Americas,Additional Products & Services (Upsell),SCADA,2025-09-06T11:23:00.000+0000,2026-02-05,Closed Lost,Omitted,C03,Lost to Incumbent,,Cost Reduction,227.1,2027-04-11,
OPP00877,Solara Utilities - SaaS New 2025,ACC0039,R12,EMEA,New,SaaS,2025-07-08T15:05:45.000+0000,2025-08-14,Closed Lost,Omitted,C04,Price,Site visit,Regulatory Compliance,,,
OPP00774,Zephyr Infrastructure - SaaS New 2025,ACC0081,R07,RoW,New,SaaS,2025-05-09T09:22:54.000+0000,2025-09-23,Closed Won,Closed,C05,,,Regulatory Compliance,,,
OPP01220,Lumen Utilities - SCADA New 2025,ACC0103,R05,Americas,New,SCADA,2025-12-26T16:48:48.000+0000,2026-11-14,Negotiation,Commit,C01,,Pricing discussion with procurement,Portfolio Visibility,47.5,,
OPP01880,TEST Account - Sandbox - SaaS Demo,ACC9999,R13,EMEA,Additional Products & Services (Upsell),SaaS,2024-12-04T17:36:48.000+0000,2025-01-26,Closed Won,Closed,C06,,Site visit,Performance Optimization,,,
OPP00005,Tidewater Renewables - SCADA Cross 2024,ACC0031,R01,Americas,Cross Sell,SCADA,2024-01-03T08:23:24.000+0000,2024-04-16,Closed Lost,Omitted,C01,Price,Site visit,,121.1,,
OPP01004,Kestrel Solar Partners - SCADA New 2025,ACC0071,R01,Americas,New,SCADA,2025-09-10T16:13:10.000+0000,2025-12-22,Closed Won,Closed,C05,,Follow up after board meeting,Performance Optimization,151.4,,2026-04-26
OPP01625,Halcyon Power - SaaS Up 2026,ACC0088,R01,Americas,Additional Products & Services (Upsell),SaaS,2026-06-30T12:19:23.000+0000,2026-07-18,Closed Lost,Omitted,C00,,,Regulatory Compliance,,,
OPP00264,Altamira Energy - SaaS Up 2024,ACC0144,R12,EMEA,Additional Products & Services (Upsell),SaaS,2024-06-30T17:12:39.000+0000,2024-09-30,Closed Lost,Omitted,C06,Relationship,Schedule technical demo,Regulatory Compliance,,,
OPP01660,Sierra Solar Partners - SaaS New 2026,ACC0132,R10,EMEA,New,SaaS,2026-07-19T11:58:59.000+0000,2026-12-20,Solution Design,Best Case,C06,,,Portfolio Visibility,,,
OPP01723,Prairie Green Capital - SaaS New 2026,ACC0143,R11,RoW,New,SaaS,2026-08-11T08:24:02.000+0000,2026-12-26,Qualification,Pipeline,C02,,Security review with IT,Performance Optimization,,,
OPP00444,Altamira Renewables - SaaS Cross 2024,ACC0160,R14,EMEA,Cross Sell,SaaS,2024-10-30T11:41:03.000+0000,2024-11-21,Closed Lost,Omitted,,Price,,,,,
OPP01003,Halcyon Power - SCADA New 2025,ACC0088,R01,Americas,New,SCADA,2025-09-10T13:28:24.000+0000,2026-03-07,Closed Lost,Omitted,C01,Relationship,Schedule technical demo,Portfolio Visibility,,2027-03-22,
OPP01078,Crestline Power - SCADA Cross 2025,ACC0065,R06,Americas,Cross Sell,SCADA,2025-10-14T11:34:52.000+0000,2026-03-13,Closed Lost,Omitted,C05,,Schedule technical demo,Portfolio Visibility,41.5,,2026-05-05
OPP00838,Halcyon Power - SCADA Cross 2025,ACC0088,R01,Americas,Cross Sell,SCADA,2025-06-13T12:38:45.000+0000,2025-09-12,Closed Won,Closed,C01,,Follow up after board meeting,Portfolio Visibility,97.1,2027-01-02,2026-03-25
OPP01687,Halcyon Power - SCADA Cross 2026,ACC0088,R04,Americas,Cross Sell,SCADA,2026-07-27T17:11:41.000+0000,2027-06-26,Prospecting,Pipeline,C00,,Schedule technical demo,Regulatory Compliance,,,2028-01-20
OPP00305,Prairie Energy - SaaS Cross 2024,ACC0095,R05,Americas,Cross Sell,SaaS,2024-07-25T14:38:24.000+0000,2024-11-16,Closed Lost,Omitted,,,Follow up after board meeting,Regulatory Compliance,,,
OPP01366,Nordwind Wind Holdings - SaaS Up 2026,ACC0047,R11,RoW,Additional Products & Services (Upsell),SaaS,2026-03-03T11:34:39.000+0000,2026-04-16,Closed Won,Closed,C06,,Security review with IT,Regulatory Compliance,,,
OPP01468,Kestrel Infrastructure - SaaS Cross 2026,ACC0002,R11,EMEA,Cross Sell,SaaS,2026-04-18T16:25:02.000+0000,2026-07-25,Closed Lost,Omitted,C05,Functionality Gap,Security review with IT,Regulatory Compliance,,,
OPP00314,Crestline Power - SCADA New 2024,ACC0065,R06,Americas,New,SCADA,2024-07-30T13:48:38.000+0000,2024-10-07,Closed Lost,Omitted,C03,,Legal review of contract,,41.5,,2025-02-08
OPP00150,Zephyr Infrastructure - SCADA Cross 2024,ACC0081,R07,EMEA,Cross Sell,SCADA,2024-04-15T17:33:43.000+0000,2024-07-21,Closed Won,Closed,,,Security review with IT,Regulatory Compliance,12.6,,2024-11-26
OPP01149,Solara Utilities - SaaS Up 2025,ACC0039,R12,RoW,Additional Products & Services (Upsell),SaaS,2025-11-21T08:23:35.000+0000,2026-03-24,Closed Won,Closed,C06,,,Performance Optimization,,,
OPP01214,Altamira Infrastructure - SCADA Cross 2025,ACC0105,R14,EMEA,Cross Sell,SCADA,2025-12-23T17:14:43.000+0000,2026-05-11,Closed Won,Closed,,,Pricing discussion with procurement,Performance Optimization,30.4,2026-08-20,
OPP00575,Halcyon Power - SCADA New 2025,ACC0088,R01,Americas,New,SCADA,2025-01-13T15:59:14.000+0000,2025-03-17,Closed Lost,Omitted,C03,,,,,,2025-08-29
OPP00051,Pinnacle Energy Partners - SCADA New 2024,ACC0027,R13,EMEA,New,SCADA,2024-02-12T14:51:16.000+0000,2024-06-26,Closed Won,Closed,,,,Regulatory Compliance,19.0,,
OPP01620,Kestrel Solar Partners - SaaS New 2026,ACC0071,R01,Americas,New,SaaS,2026-06-27T17:52:57.000+0000,2026-08-16,Closed Lost,Omitted,C00,Timing / Project Delayed,,Regulatory Compliance,,,
OPP00727,Meridian Power - SaaS New 2025,ACC0153,R01,Americas,New,SaaS,2025-04-12T12:11:31.000+0000,2025-05-31,Closed Lost,Omitted,,,,Portfolio Visibility,,,
OPP00834,Solara Utilities - SCADA New 2025,ACC0039,R12,EMEA,New,SCADA,2025-06-11T14:51:35.000+0000,2025-08-18,Closed Lost,Omitted,C06,Price,Pricing discussion with procurement,,54.1,2026-03-20,2026-04-01
OPP01378,Orion Energy Partners - SaaS Up 2026,ACC0059,R06,Americas,Additional Products & Services (Upsell),SaaS,2026-03-06T14:23:22.000+0000,2026-05-17,Closed Won,Closed,C06,,,Cost Reduction,,,
OPP01116,Ember Energy Partners - SaaS Up 2025,ACC0126,R08,EMEA,Additional Products & Services (Upsell),SaaS,2025-11-01T10:06:26.000+0000,2026-03-28,Closed Won,Closed,C04,,Site visit,Cost Reduction,,,
OPP01167,Solara Utilities - SCADA Cross 2025,ACC0039,R12,RoW,Cross Sell,SCADA,2025-11-30T08:18:28.000+0000,2026-12-03,Negotiation,Commit,C03,,,Cost Reduction,74.1,2028-05-12,2027-07-30
OPP00471,Meridian Utilities - SCADA Up 2024,ACC0079,R11,RoW,Additional Products & Services (Upsell),SCADA,2024-11-11T17:40:24.000+0000,2025-05-03,Closed Won,Closed,C03,,,,,2026-01-30,
OPP00972,Tidewater Green Capital - SaaS New 2025,ACC0113,R08,RoW,New,SaaS,2025-08-26T17:48:31.000+0000,2025-11-20,Closed Lost,Omitted,C04,Price,Security review with IT,Portfolio Visibility,,,
OPP00654,Orion Solar Partners - SaaS Cross 2025,ACC0125,R08,EMEA,Cross Sell,SaaS,2025-02-20T17:22:29.000+0000,2025-06-11,Closed Lost,Omitted,C05,Functionality Gap,Site visit,Regulatory Compliance,,,
OPP00400,Lumen Utilities - SCADA New 2024,ACC0103,R05,Americas,New,SCADA,2024-10-01T09:39:00.000+0000,2025-02-21,Closed Lost,Omitted,C03,,Legal review of contract,Portfolio Visibility,91.8,2025-09-17,
OPP00512,Zephyr Renewables - SaaS Up 2024,ACC0098,R13,EMEA,Additional Products & Services (Upsell),SaaS,2024-12-04T17:36:48.000+0000,2025-01-26,Closed Won,Closed,C06,,Site visit,Performance Optimization,,,
OPP00321,Azure Solar Partners - SaaS New 2024,ACC0097,R07,RoW,New,SaaS,2024-08-04T13:50:13.000+0000,2024-09-02,Closed Lost,Omitted,C06,Price,Pilot scoping call,,,,
OPP00020,Ember Renewables - SCADA Cross 2024,ACC0055,R04,Americas,Cross Sell,SCADA,2024-01-16T09:19:05.000+0000,2024-06-23,Closed Won,Closed,,,,,42.2,2025-01-05,
OPP00685,Zephyr Renewables - SCADA New 2025,ACC0098,R07,EMEA,New,SCADA,2025-03-17T09:14:18.000+0000,2025-09-05,Closed Won,Closed,,,Send revised proposal,Performance Optimization,88.6,2026-09-28,
OPP00036,Pinnacle Energy Partners - SaaS New 2024,ACC0027,R13,EMEA,New,SaaS,2024-02-01T13:43:00.000+0000,2024-11-19,Closed Won,Closed,C00,,Pricing discussion with procurement,,,,
OPP00903,Solara Utilities - SCADA Up 2025,ACC0039,R12,RoW,Additional Products & Services (Upsell),SCADA,2025-07-20T10:24:07.000+0000,2025-11-19,Closed Lost,Omitted,C05,,Site visit,Cost Reduction,46.3,2026-06-29,2026-02-28
OPP00828,Ember Power - SaaS New 2025,ACC0004,R09,RoW,New,SaaS,2025-06-06T08:15:28.000+0000,2025-07-22,Closed Lost,Omitted,C06,Price,Send revised proposal,Regulatory Compliance,,,
OPP01692,Zephyr Renewables - SaaS New 2026,ACC0098,R07,RoW,New,SaaS,2026-07-28T13:15:55.000+0000,2026-12-14,Solution Design,Best Case,C04,,Follow up after board meeting,Performance Optimization,,,
OPP00408,Ember Energy Partners - SaaS New 2024,ACC0126,R08,EMEA,New,SaaS,2024-10-06T14:24:28.000+0000,2025-01-09,Closed Lost,Omitted,C07,,,,,,
OPP00921,Meridian Utilities - SaaS New 2025,ACC0079,R11,RoW,New,SaaS,2025-07-28T11:59:23.000+0000,2025-12-20,Closed Won,Closed,,,Site visit,,,,
OPP00538,Meridian Utilities - SCADA Up 2024,ACC0079,R11,RoW,Additional Products & Services (Upsell),SCADA,2024-12-19T13:18:46.000+0000,2025-07-08,Closed Lost,Omitted,,Lost to Incumbent,,,,,
OPP00759,Kestrel Power - SCADA Cross 2025,ACC0005,R03,Americas,Cross Sell,SCADA,2025-04-30T16:27:21.000+0000,2025-12-28,Closed Won,Closed,C01,,Follow up after board meeting,,152.6,,
OPP01063,Zephyr Renewables - SaaS Up 2025,ACC0098,R07,EMEA,Additional Products & Services (Upsell),SaaS,2025-10-08T17:01:49.000+0000,2025-12-13,Closed Won,Closed,C06,,Schedule technical demo,,,,
OPP01200,Prairie Energy - SCADA New 2025,ACC0095,R05,Americas,New,SCADA,2025-12-15T13:31:31.000+0000,2026-09-11,Closed Lost,Omitted,C01,Price,Legal review of contract,Portfolio Visibility,67.7,2027-03-08,2026-11-22
OPP00246,Crestline Power - SCADA Cross 2024,ACC0065,R06,Americas,Cross Sell,SCADA,2024-06-15T12:05:09.000+0000,2024-08-24,Closed Lost,Omitted,C01,,,Regulatory Compliance,41.5,2025-11-22,
OPP01417,Meridian Utilities - SaaS Cross 2026,ACC0079,R11,RoW,Cross Sell,SaaS,2026-03-26T10:10:57.000+0000,2026-06-29,Closed Won,Closed,,,Legal review of contract,,,,
OPP01128,Halcyon Power - SCADA Up 2025,ACC0088,R01,Americas,Additional Products & Services (Upsell),SCADA,2025-11-06T10:45:01.000+0000,2026-03-27,Closed Won,Closed,C06,,,,51.9,,2026-09-04
OPP00785,Altamira Energy - SaaS New 2025,ACC0144,R09,RoW,New,SaaS,2025-05-14T11:48:53.000+0000,2025-06-30,Closed Lost,Omitted,C00,Timing / Project Delayed,,,,,
OPP01642,Sierra Solar Partners - SCADA Up 2026,ACC0132,R10,EMEA,Additional Products & Services (Upsell),SCADA,2026-07-11T12:01:11.000+0000,2026-07-26,Closed Lost,Omitted,C03,Lost to Incumbent,Site visit,,21.7,2027-10-02,
OPP00490,Kestrel Infrastructure - SCADA Up 2024,ACC0002,R11,RoW,Additional Products & Services (Upsell),SCADA,2024-11-25T17:19:59.000+0000,2025-02-20,Closed Lost,Omitted,,Price,,,,2025-06-16,
OPP00155,Borealis Clean Assets - SCADA New 2024,ACC0011,R11,RoW,New,SCADA,2024-04-17T08:11:33.000+0000,2024-06-17,Closed Lost,Omitted,,,Send revised proposal,,253.3,2025-06-02,
OPP00962,Crestline Power - SCADA Cross 2025,ACC0065,R06,Americas,Cross Sell,SCADA,2025-08-18T16:56:38.000+0000,2026-05-28,Closed Won,Closed,C01,,Follow up after board meeting,Regulatory Compliance,41.5,,2026-08-15
OPP00854,Solstice Energy Partners - SaaS New 2025,ACC0154,R13,EMEA,New,SaaS,2025-06-21T11:30:09.000+0000,2025-09-19,Closed Won,Closed,C05,,Follow up after board meeting,Portfolio Visibility,,,
OPP01312,Ember Energy Partners - SaaS New 2026,ACC0126,R08,RoW,New,SaaS,2026-02-03T15:57:11.000+0000,2026-03-17,Closed Lost,Omitted,C04,Price,Security review with IT,Performance Optimization,,,
OPP00626,Crestline Energy Partners - SaaS Cross 2025,ACC0001,R06,Americas,Cross Sell,SaaS,2025-02-06T16:36:53.000+0000,2025-06-19,Closed Won,Closed,C07,,Pilot scoping call,Regulatory Compliance,,,
OPP00686,Tidewater Green Capital - SCADA New 2025,ACC0113,R08,RoW,New,SCADA,2025-03-17T12:12:00.000+0000,2025-12-27,Closed Won,Closed,C03,,Site visit,,82.2,,2026-03-13
OPP01472,Sierra Utilities - SaaS Cross 2026,ACC0077,R01,Americas,Cross Sell,SaaS,2026-04-21T09:56:59.000+0000,2026-08-26,Closed Lost,Omitted,C02,,Security review with IT,Cost Reduction,,,
OPP00570,Aurora Wind Holdings - SCADA Cross 2025,ACC0012,R12,EMEA,Cross Sell,SCADA,2025-01-10T14:04:23.000+0000,2025-06-22,Closed Won,Closed,C01,,Site visit,Regulatory Compliance,192.6,2026-11-18,
OPP01792,Ember Energy Partners - SaaS New 2026,ACC0126,R08,RoW,New,SaaS,2026-09-12T15:58:01.000+0000,2026-12-18,Prospecting,Pipeline,C07,,Pilot scoping call,Regulatory Compliance,,,
OPP00018,Azure Power - SaaS Cross 2024,ACC0106,R14,RoW,Cross Sell,SaaS,2024-01-14T08:36:12.000+0000,2024-02-21,Closed Lost,Omitted,C02,Functionality Gap,Pilot scoping call,,,,
OPP00128,Ember Power - SaaS Cross 2024,ACC0004,R09,RoW,Cross Sell,SaaS,2024-03-30T12:44:21.000+0000,2024-04-29,Closed Won,Closed,,,,Performance Optimization,,,
OPP01347,Halcyon Power - SCADA New 2026,ACC0088,R01,Americas,New,SCADA,2026-02-24T17:41:42.000+0000,2026-07-15,Closed Lost,Omitted,C03,Lost to Incumbent,Security review with IT,Cost Reduction,60.2,2027-04-05,
OPP01280,Altamira Energy - SaaS Cross 2026,ACC0144,R09,RoW,Cross Sell,SaaS,2026-01-21T13:46:22.000+0000,2026-06-22,Closed Won,Closed,C06,,Send revised proposal,Cost Reduction,,,
OPP01849,Crestline Power - SaaS Renewal 2026,ACC0065,R06,Americas,Renewal,SaaS,2026-05-22T08:57:00.000+0000,2026-07-29,Closed Lost,Omitted,C04,Price,Schedule technical demo,Performance Optimization,,,
OPP00928,Orion Solar Partners - SCADA Cross 2025,ACC0125,R08,RoW,Cross Sell,SCADA,2025-08-01T09:14:42.000+0000,2025-09-27,Closed Lost,Omitted,C01,Price,,Performance Optimization,50.1,2026-05-02,2025-11-06
OPP00981,Halcyon Power - SCADA New 2025,ACC0088,R01,Americas,New,SCADA,2025-08-31T09:23:47.000+0000,2025-12-27,Closed Lost,Omitted,,Price,Pilot scoping call,Performance Optimization,143.1,2026-07-11,2026-02-21
OPP01845,Sierra Clean Assets - SCADA Renewal 2026,ACC0064,R01,Americas,Renewal,SCADA,2026-06-15T08:56:57.000+0000,2027-03-21,Qualification,Pipeline,C06,,Schedule technical demo,,15.6,2028-08-23,2027-08-22
OPP00191,Everglow Energy Partners - SaaS New 2024,ACC0035,R13,EMEA,New,SaaS,2024-05-08T12:56:53.000+0000,2024-09-12,Closed Lost,Omitted,C02,Functionality Gap,Follow up after board meeting,Portfolio Visibility,,,
OPP01140,Kestrel Infrastructure - SaaS Up 2025,ACC0002,R11,EMEA,Additional Products & Services (Upsell),SaaS,2025-11-13T17:31:52.000+0000,2026-01-16,Closed Lost,Omitted,,Timing / Project Delayed,Legal review of contract,,,,
OPP00993,Solstice Renewables - SaaS New 2025,ACC0053,R13,RoW,New,SaaS,2025-09-06T14:57:50.000+0000,2025-11-18,Closed Lost,Omitted,C07,No Decision / Budget,,Performance Optimization,,,
OPP01836,Crestline Power - SCADA New 2025,ACC0065,R06,Americas,New,SCADA,2025-08-09T17:26:23.000+0000,2025-11-27,Closed Lost,Omitted,C03,Duplicate,Follow up after board meeting,Portfolio Visibility,12.8,,
OPP01564,Everglow Energy Partners - SCADA Cross 2026,ACC0035,R13,EMEA,Cross Sell,SCADA,2026-06-03T12:38:44.000+0000,2026-09-19,Closed Won,Closed,,,Schedule technical demo,Portfolio Visibility,33.9,2027-06-10,2027-04-18
OPP00607,Lumen Clean Assets - SaaS Up 2025,ACC0155,R07,RoW,Additional Products & Services (Upsell),SaaS,2025-01-27T13:36:59.000+0000,2025-03-24,Closed Lost,Omitted,C02,Functionality Gap,Security review with IT,Performance Optimization,,,
OPP00181,Prairie Energy - SCADA Up 2024,ACC0095,R05,Americas,Additional Products & Services (Upsell),SCADA,2024-05-03T15:22:59.000+0000,2024-09-28,Closed Won,Closed,C03,,,Performance Optimization,18.3,,
OPP00302,Solara Utilities - SCADA New 2024,ACC0039,R12,EMEA,New,SCADA,2024-07-23T10:01:02.000+0000,2024-09-18,Closed Won,Closed,,,Legal review of contract,,112.7,,
OPP00497,Zephyr Infrastructure - SCADA Cross 2024,ACC0081,R11,RoW,Cross Sell,SCADA,2024-11-27T17:38:35.000+0000,2025-03-29,Closed Won,Closed,C03,,Pricing discussion with procurement,Cost Reduction,,,
OPP01600,Halcyon Power - SaaS New 2026,ACC0088,R01,Americas,New,SaaS,2026-06-17T13:06:20.000+0000,2026-08-14,Closed Lost,Omitted,C02,Timing / Project Delayed,Follow up after board meeting,Portfolio Visibility,,,
OPP01613,Solstice Renewables - SaaS New 2026,ACC0053,R12,RoW,New,SaaS,2026-06-23T12:07:41.000+0000,2026-08-08,Closed Lost,Omitted,C00,No Decision / Budget,Send revised proposal,Portfolio Visibility,,,
OPP01569,Orion Green Capital - SCADA New 2026,ACC0114,R03,Americas,New,SCADA,2026-06-04T17:14:12.000+0000,2026-09-26,Closed Won,Closed,C05,,,Portfolio Visibility,20.5,2027-12-01,2026-11-04
OPP01546,Prairie Energy - SaaS New 2026,ACC0095,R05,Americas,New,SaaS,2026-05-26T09:45:31.000+0000,2026-12-21,Proposal,Best Case,C05,,Site visit,Cost Reduction,,,
OPP00518,Solstice Renewables - SaaS Up 2024,ACC0053,R13,RoW,Additional Products & Services (Upsell),SaaS,2024-12-07T10:42:56.000+0000,2025-01-25,Closed Won,Closed,,,Pilot scoping call,Performance Optimization,,,
OPP01865,Crestline Power - SaaS Renewal 2025,ACC0065,R06,Americas,Renewal,SaaS,2025-12-09T17:01:10.000+0000,2026-02-19,Closed Lost,Omitted,C04,Price,Send revised proposal,Performance Optimization,,,
OPP01070,Azure Wind Holdings - SaaS Cross 2025,ACC0107,R14,RoW,Cross Sell,SaaS,2025-10-12T08:39:46.000+0000,2026-01-02,Closed Won,Closed,C04,,Site visit,,,,
OPP00477,Prairie Energy - SaaS Up 2024,ACC0095,R05,Americas,Additional Products & Services (Upsell),SaaS,2024-11-14T15:58:56.000+0000,2024-12-31,Closed Lost,Omitted,C06,Price,Pilot scoping call,Performance Optimization,,,
OPP00158,Solstice Energy Partners - SaaS New 2024,ACC0154,R08,RoW,New,SaaS,2024-04-20T09:36:16.000+0000,2024-05-23,Closed Lost,Omitted,C02,Functionality Gap,,Performance Optimization,,,
OPP01244,Nordwind Infrastructure - SCADA Up 2026,ACC0019,R03,Americas,Additional Products & Services (Upsell),SCADA,2026-01-06T12:35:51.000+0000,2026-02-17,Closed Lost,Omitted,C01,Timing / Project Delayed,Security review with IT,Regulatory Compliance,94.0,2026-09-21,2026-09-19
OPP01196,Solara Renewables - SaaS Cross 2025,ACC0075,R11,RoW,Cross Sell,SaaS,2025-12-14T11:57:50.000+0000,2026-03-06,Closed Lost,Omitted,C05,Functionality Gap,Pricing discussion with procurement,Portfolio Visibility,,,
OPP00017,Everglow Solar Partners - SaaS New 2024,ACC0119,R13,EMEA,New,SaaS,2024-01-12T17:24:36.000+0000,2024-02-16,Closed Lost,Omitted,,Relationship,Follow up after board meeting,Portfolio Visibility,,,
OPP01073,Everglow Energy Partners - SCADA New 2025,ACC0035,R13,EMEA,New,SCADA,2025-10-13T16:59:24.000+0000,2026-02-20,Closed Lost,Omitted,C01,Functionality Gap,,Regulatory Compliance,33.9,,2026-09-24
OPP01852,Prairie Wind Holdings - SaaS Renewal 2026,ACC0018,R02,Americas,Renewal,SaaS,2026-06-20T17:40:19.000+0000,2026-09-23,Closed Won,Closed,C07,,Security review with IT,Regulatory Compliance,,,
OPP00547,Lumen Utilities - SCADA New 2024,ACC0103,R04,Americas,New,SCADA,2024-12-25T12:58:46.000+0000,2025-12-22,Closed Won,Closed,,,Site visit,Portfolio Visibility,47.5,2026-05-17,2026-07-07
OPP00659,Sierra Power - SaaS Up 2025,ACC0092,R14,EMEA,Additional Products & Services (Upsell),SaaS,2025-02-23T16:13:44.000+0000,2025-06-19,Closed Won,Closed,C07,,Pilot scoping call,,,,
OPP01643,Azure Solar Partners - SCADA Cross 2026,ACC0097,R07,RoW,Cross Sell,SCADA,2026-07-11T09:56:58.000+0000,2027-07-15,Qualification,Best Case,C03,,Security review with IT,Portfolio Visibility,114.4,2028-07-15,2028-01-25
OPP01020,Kestrel Infrastructure - SaaS New 2025,ACC0002,R11,EMEA,New,SaaS,2025-09-15T17:43:36.000+0000,2026-03-25,Closed Lost,Omitted,,,Security review with IT,Performance Optimization,,,
OPP01570,Prairie Energy - SCADA Cross 2026,ACC0095,R05,Americas,Cross Sell,SCADA,2026-06-05T14:28:25.000+0000,2026-12-25,Solution Design,Best Case,C01,,Follow up after board meeting,Cost Reduction,67.7,2028-01-12,2027-07-18
OPP01505,Halcyon Power - SCADA Up 2026,ACC0088,R01,Americas,Additional Products & Services (Upsell),SCADA,2026-05-02T14:37:03.000+0000,2026-07-21,Closed Won,Closed,,,Pricing discussion with procurement,Regulatory Compliance,182.2,2027-02-13,2026-09-18
OPP00960,Kestrel Energy Partners - SCADA Up 2025,ACC0052,R09,RoW,Additional Products & Services (Upsell),SCADA,2025-08-17T12:11:25.000+0000,2025-10-18,Closed Lost,Omitted,,,,Regulatory Compliance,73.5,2026-04-28,2026-02-22
OPP01769,Lumen Utilities - SaaS Up 2026,ACC0103,R05,Americas,Additional Products & Services (Upsell),SaaS,2026-09-04T14:45:09.000+0000,2026-10-03,Negotiation,Commit,C05,,,Portfolio Visibility,,,
OPP00284,Pinnacle Clean Assets - SCADA New 2024,ACC0036,R09,RoW,New,SCADA,2024-07-13T17:23:31.000+0000,2024-09-01,Closed Lost,Omitted,C05,Functionality Gap,Security review with IT,,,,2025-01-17
OPP00798,Prairie Energy - SCADA New 2025,ACC0095,R05,Americas,New,SCADA,2025-05-20T17:08:42.000+0000,2025-09-20,Closed Lost,Omitted,,,Site visit,,,2026-12-17,2026-04-19
OPP01594,Ember Energy Partners - SaaS New 2026,ACC0126,R08,EMEA,New,SaaS,2026-06-15T17:25:39.000+0000,2026-12-26,Solution Design,Best Case,C05,,Send revised proposal,Portfolio Visibility,,,
OPP00226,Cobalt Energy - SaaS New 2024,ACC0013,R10,EMEA,New,SaaS,2024-05-29T11:02:07.000+0000,2024-11-17,Closed Lost,Omitted,C02,Functionality Gap,Security review with IT,,,,
OPP00027,Azure Solar Partners - SaaS New 2024,ACC0097,R07,EMEA,New,SaaS,2024-01-22T16:09:17.000+0000,2024-02-22,Closed Lost,Omitted,C04,Price,Schedule technical demo,Regulatory Compliance,,,
OPP01667,Prairie Green Capital - SaaS Up 2026,ACC0143,R11,EMEA,Additional Products & Services (Upsell),SaaS,2026-07-21T08:23:26.000+0000,2026-08-18,Proposal,Best Case,,,Schedule technical demo,Cost Reduction,,,
OPP00438,Lumen Renewables - SaaS New 2024,ACC0054,R13,RoW,New,SaaS,2024-10-28T13:53:44.000+0000,2025-04-24,Closed Lost,Omitted,C05,Functionality Gap,,Performance Optimization,,,
OPP01829,Altamira Infrastructure - SaaS Cross 2026,ACC0105,R14,EMEA,Cross Sell,SaaS,2026-08-13T10:21:36.000+0000,2026-09-16,Closed Lost,Omitted,C00,Duplicate,,Portfolio Visibility,,,
OPP01389,Solara Renewables - SaaS Up 2026,ACC0075,R07,RoW,Additional Products & Services (Upsell),SaaS,2026-03-10T16:16:39.000+0000,2026-07-09,Closed Lost,Omitted,C05,Functionality Gap,Schedule technical demo,,,,
OPP00230,Pinnacle Clean Assets - SaaS New 2024,ACC0036,R09,EMEA,New,SaaS,2024-06-03T08:57:07.000+0000,2024-07-01,Closed Lost,Omitted,C06,,Pricing discussion with procurement,Regulatory Compliance,,,
OPP00038,Altamira Renewables - SaaS New 2024,ACC0160,R14,RoW,New,SaaS,2024-02-03T17:23:40.000+0000,2024-04-02,Closed Lost,Omitted,,No Decision / Budget,Schedule technical demo,,,,
OPP00750,Crestline Power - SCADA Up 2025,ACC0065,R06,Americas,Additional Products & Services (Upsell),SCADA,2025-04-27T10:13:59.000+0000,2025-06-15,Closed Won,Closed,C00,,Legal review of contract,Regulatory Compliance,41.5,,2025-11-23
OPP01046,Altamira Energy - SaaS Cross 2025,ACC0144,R09,EMEA,Cross Sell,SaaS,2025-10-02T12:33:08.000+0000,2025-10-30,Closed Won,Closed,,,,Regulatory Compliance,,,
OPP01399,Crestline Power - SaaS Up 2026,ACC0065,R04,Americas,Additional Products & Services (Upsell),SaaS,2026-03-14T13:53:03.000+0000,2026-04-15,Closed Won,Closed,C00,,Follow up after board meeting,Performance Optimization,,,
OPP00470,Zephyr Infrastructure - SCADA Cross 2024,ACC0081,R07,RoW,Cross Sell,SCADA,2024-11-11T10:41:23.000+0000,2025-05-09,Closed Lost,Omitted,C06,No Decision / Budget,,,90.7,,2025-09-29
OPP01597,Tidewater Green Capital - SCADA New 2026,ACC0113,R08,EMEA,New,SCADA,2026-06-15T11:12:36.000+0000,2026-12-23,Solution Design,Best Case,,,Pilot scoping call,Portfolio Visibility,82.2,2027-11-06,2027-08-02
OPP01848,Everglow Infrastructure - SaaS Renewal 2026,ACC0051,R14,EMEA,Renewal,SaaS,2026-08-07T17:10:57.000+0000,2026-12-20,Solution Design,Best Case,C04,,Send revised proposal,Portfolio Visibility,,,
OPP00688,Orion Clean Assets - SCADA Up 2025,ACC0141,R09,EMEA,Additional Products & Services (Upsell),SCADA,2025-03-18T12:42:46.000+0000,2025-08-29,Closed Won,Closed,,,,,64.0,2026-10-17,
OPP01734,Altamira Infrastructure - SaaS Up 2026,ACC0105,R14,EMEA,Additional Products & Services (Upsell),SaaS,2026-08-16T09:03:28.000+0000,2026-12-28,Qualification,Pipeline,C02,,Pilot scoping call,Cost Reduction,,,
OPP00640,Altamira Infrastructure - SaaS Cross 2025,ACC0105,R14,RoW,Cross Sell,SaaS,2025-02-12T11:35:11.000+0000,2025-05-30,Closed Won,Closed,C04,,Follow up after board meeting,,,,
OPP01616,Helios Clean Assets - SaaS New 2026,ACC0063,R09,EMEA,New,SaaS,2026-06-24T16:40:38.000+0000,2026-07-30,Closed Won,Closed,C02,,,Performance Optimization,,,
OPP01219,Crestline Power - SCADA New 2025,ACC0065,R06,Americas,New,SCADA,2025-12-26T12:33:37.000+0000,2026-07-23,Closed Lost,Omitted,C03,Lost to Incumbent,Pricing discussion with procurement,,41.5,2026-11-25,2026-09-04
OPP01159,Kestrel Solar Partners - SaaS New 2025,ACC0071,R01,Americas,New,SaaS,2025-11-25T08:56:53.000+0000,2026-04-18,Closed Lost,Omitted,C02,Functionality Gap,Legal review of contract,Performance Optimization,,,
OPP01416,Solstice Green Capital - SaaS Cross 2026,ACC0090,R07,RoW,Cross Sell,SaaS,2026-03-26T13:48:05.000+0000,2026-06-21,Closed Won,Closed,C05,,Pilot scoping call,Regulatory Compliance,,,
OPP01528,Orion Clean Assets - SCADA Up 2026,ACC0141,R09,EMEA,Additional Products & Services (Upsell),SCADA,2026-05-16T17:29:55.000+0000,2026-07-13,Closed Lost,Omitted,C06,Price,Legal review of contract,Performance Optimization,41.8,2026-11-07,
OPP01563,Orion Solar Partners - SaaS New 2026,ACC0125,R08,EMEA,New,SaaS,2026-06-03T12:50:37.000+0000,2026-09-15,Closed Won,Closed,,,Security review with IT,Performance Optimization,,,
OPP01301,Azure Power - SaaS New 2026,ACC0106,R14,EMEA,New,SaaS,2026-01-29T09:07:09.000+0000,2026-06-12,Closed Lost,Omitted,C02,,Site visit,Regulatory Compliance,,,
OPP01716,Cobalt Utilities - SCADA New 2026,ACC0042,R14,EMEA,New,SCADA,2026-08-08T12:47:20.000+0000,2026-12-26,Qualification,Pipeline,C07,,Site visit,,60.9,2027-10-13,2027-07-13
OPP00801,Orion Wind Holdings - SaaS Up 2025,ACC0140,R05,Americas,Additional Products & Services (Upsell),SaaS,2025-05-22T15:33:35.000+0000,2025-09-20,Closed Won,Closed,C02,,Follow up after board meeting,Regulatory Compliance,,,
OPP00161,Zephyr Infrastructure - SaaS Cross 2024,ACC0081,R07,RoW,Cross Sell,SaaS,2024-04-22T14:02:14.000+0000,2024-12-28,Closed Won,Closed,C05,,Pilot scoping call,Performance Optimization,,,
OPP00957,Prairie Green Capital - SaaS Cross 2025,ACC0143,R11,EMEA,Cross Sell,SaaS,2025-08-17T09:07:38.000+0000,2025-09-23,Closed Won,Closed,C04,,Site visit,Performance Optimization,,,
OPP01187,Orion Green Capital - SCADA New 2025,ACC0114,R03,Americas,New,SCADA,2025-12-07T15:00:35.000+0000,2026-07-26,Proposal,Best Case,C00,,Security review with IT,,20.5,2027-11-13,
OPP00822,Kestrel Energy Partners - SaaS Cross 2025,ACC0052,R09,EMEA,Cross Sell,SaaS,2025-06-02T10:14:02.000+0000,2025-09-23,Closed Won,Closed,,,Pricing discussion with procurement,,,,
OPP01587,Orion Green Capital - SCADA Cross 2026,ACC0114,R03,Americas,Cross Sell,SCADA,2026-06-12T10:43:40.000+0000,2026-08-29,Closed Won,Closed,C05,,Site visit,Cost Reduction,20.5,2027-06-13,
OPP00878,Meridian Utilities - SaaS Cross 2025,ACC0079,R11,EMEA,Cross Sell,SaaS,2025-07-09T16:25:07.000+0000,2025-09-01,Closed Lost,Omitted,,Timing / Project Delayed,,,,,
OPP00914,Solara Utilities - SaaS Up 2025,ACC0039,R12,EMEA,Additional Products & Services (Upsell),SaaS,2025-07-24T16:07:46.000+0000,2025-09-29,Closed Won,Closed,C07,,Follow up after board meeting,Regulatory Compliance,,,
OPP00153,Nordwind Energy Partners - SaaS Up 2024,ACC0074,R01,Americas,Additional Products & Services (Upsell),SaaS,2024-04-16T09:14:38.000+0000,2024-06-22,Closed Won,Closed,C02,,Send revised proposal,,,,
OPP01728,Halcyon Power - SCADA Cross 2026,ACC0088,R01,Americas,Cross Sell,SCADA,2026-08-14T13:39:11.000+0000,2027-03-20,Qualification,Pipeline,C07,,Legal review of contract,Performance Optimization,60.2,2028-05-17,2027-06-16
OPP01673,Solstice Renewables - SCADA New 2026,ACC0053,R13,RoW,New,SCADA,2026-07-23T13:38:32.000+0000,2027-05-18,Qualification,Pipeline,C05,,Follow up after board meeting,Regulatory Compliance,,2027-09-16,2027-10-14
OPP00510,Helios Energy Partners - SCADA Cross 2024,ACC0118,R04,Americas,Cross Sell,SCADA,2024-12-03T16:25:47.000+0000,2025-04-14,Closed Lost,Omitted,,Lost to Incumbent,,Cost Reduction,,,
OPP01136,Kestrel Solar Partners - SCADA Cross 2025,ACC0071,R01,Americas,Cross Sell,SCADA,2025-11-11T10:01:12.000+0000,2026-05-06,Closed Lost,Omitted,,Price,,Portfolio Visibility,154.9,2027-03-05,2026-12-08
OPP01251,Cobalt Infrastructure - SaaS New 2026,ACC0130,R07,RoW,New,SaaS,2026-01-08T14:45:58.000+0000,2026-06-20,Closed Won,Closed,C06,,Security review with IT,Cost Reduction,,,
OPP01874,TEST Account - Sandbox - SCADA Demo,ACC9999,R06,Americas,Cross Sell,SCADA,2025-05-26T12:15:22.000+0000,2025-11-20,Closed Lost,Omitted,C03,,Legal review of contract,,,2026-07-16,
OPP00104,Zephyr Renewables - SaaS Cross 2024,ACC0098,R09,EMEA,Cross Sell,SaaS,2024-03-17T17:24:37.000+0000,2024-06-09,Closed Won,Closed,C06,,,,,,
OPP01446,Altamira Energy - SaaS Cross 2026,ACC0144,R09,EMEA,Cross Sell,SaaS,2026-04-08T12:27:07.000+0000,2026-06-29,Closed Won,Closed,,,,,,,
OPP01444,Zephyr Infrastructure - SaaS Cross 2026,ACC0081,R07,EMEA,Cross Sell,SaaS,2026-04-07T15:46:48.000+0000,2026-06-01,Closed Lost,Omitted,C05,,Legal review of contract,Performance Optimization,,,
OPP00587,Solstice Renewables - SCADA New 2025,ACC0053,R13,RoW,New,SCADA,2025-01-20T15:59:56.000+0000,2025-06-10,Closed Won,Closed,,,Pricing discussion with procurement,Portfolio Visibility,111.9,2025-10-08,2025-12-04
OPP01665,Zephyr Renewables - SCADA Cross 2026,ACC0098,R07,RoW,Cross Sell,SCADA,2026-07-20T14:07:39.000+0000,2027-01-27,Qualification,Pipeline,C03,,Pilot scoping call,Performance Optimization,93.6,2027-09-11,2027-04-04
OPP01144,Altamira Energy - SaaS New 2025,ACC0144,R09,RoW,New,SaaS,2025-11-15T12:59:21.000+0000,2026-03-11,Closed Won,Closed,,,Schedule technical demo,Portfolio Visibility,,,
OPP00054,Solara Utilities - SCADA New 2024,ACC0039,R12,EMEA,New,SCADA,2024-02-13T17:53:11.000+0000,2024-08-03,Closed Lost,Omitted,C00,No Decision / Budget,Site visit,Regulatory Compliance,,,
OPP00152,Altamira Energy - SCADA Cross 2024,ACC0144,R09,RoW,Cross Sell,SCADA,2024-04-16T14:32:21.000+0000,2024-06-05,Closed Lost,Omitted,,,,Regulatory Compliance,,2025-10-27,
OPP00404,Azure Power - SaaS New 2024,ACC0106,R14,RoW,New,SaaS,2024-10-03T16:36:08.000+0000,2024-12-02,Closed Lost,Omitted,,Price,,,,,
OPP01824,Meridian Utilities - SCADA New 2026,ACC0079,R11,RoW,New,SCADA,2026-02-22T10:07:56.000+0000,2026-08-12,Closed Lost,Omitted,,Duplicate,,Portfolio Visibility,,,
OPP00208,Solstice Green Capital - SaaS Up 2024,ACC0090,R07,RoW,Additional Products & Services (Upsell),SaaS,2024-05-17T11:25:13.000+0000,2024-06-16,Closed Lost,Omitted,C05,No Decision / Budget,Legal review of contract,Regulatory Compliance,,,
OPP01781,Zephyr Wind Holdings - SaaS Up 2026,ACC0108,R02,Americas,Additional Products & Services (Upsell),SaaS,2026-09-07T11:59:44.000+0000,2026-10-13,Proposal,Commit,,,,,,,
OPP01123,Cobalt Infrastructure - SaaS Cross 2025,ACC0130,R07,RoW,Cross Sell,SaaS,2025-11-04T13:32:25.000+0000,2026-01-25,Closed Lost,Omitted,,,Legal review of contract,Regulatory Compliance,,,
OPP01649,Crestline Power - SCADA New 2026,ACC0065,R06,Americas,New,SCADA,2026-07-13T16:05:03.000+0000,2027-09-27,Prospecting,Pipeline,C07,,Security review with IT,Regulatory Compliance,41.5,2028-10-23,
OPP00009,Solstice Utilities - SaaS Up 2024,ACC0058,R14,EMEA,Additional Products & Services (Upsell),SaaS,2024-01-06T13:07:43.000+0000,2024-03-01,Closed Won,Closed,C04,,Pricing discussion with procurement,Performance Optimization,,,
OPP01015,Zephyr Infrastructure - SCADA Cross 2025,ACC0081,R07,RoW,Cross Sell,SCADA,2025-09-14T14:17:10.000+0000,2026-03-18,Closed Won,Closed,C05,,Legal review of contract,Cost Reduction,12.6,2027-07-04,2026-11-12
OPP01691,Everglow Solar Partners - SaaS Up 2026,ACC0119,R13,EMEA,Additional Products & Services (Upsell),SaaS,2026-07-28T08:05:16.000+0000,2026-09-24,Closed Won,Closed,C05,,Pilot scoping call,Portfolio Visibility,,,
OPP01061,Zephyr Renewables - SaaS Up 2025,ACC0098,R07,RoW,Additional Products & Services (Upsell),SaaS,2025-10-08T15:58:11.000+0000,2025-11-10,Closed Lost,Omitted,C04,,Schedule technical demo,Performance Optimization,,,
OPP00453,Lumen Utilities - SaaS New 2024,ACC0103,R05,Americas,New,SaaS,2024-11-02T15:23:21.000+0000,2024-12-18,Closed Lost,Omitted,,Functionality Gap,Site visit,Regulatory Compliance,,,
OPP00254,Azure Power - SaaS New 2024,ACC0106,R14,RoW,New,SaaS,2024-06-23T10:44:04.000+0000,2024-08-31,Closed Lost,Omitted,C05,,Pricing discussion with procurement,,,,
OPP01328,Zephyr Renewables - SaaS Cross 2026,ACC0098,R07,RoW,Cross Sell,SaaS,2026-02-13T14:09:26.000+0000,2026-05-07,Closed Lost,Omitted,C07,Lost to Incumbent,,Performance Optimization,,,
OPP00897,Meridian Utilities - SaaS New 2025,ACC0079,R11,EMEA,New,SaaS,2025-07-17T17:20:27.000+0000,2025-10-24,Closed Lost,Omitted,C06,,Follow up after board meeting,,,,
OPP01634,Altamira Energy - SCADA Up 2026,ACC0144,R09,EMEA,Additional Products & Services (Upsell),SCADA,2026-07-08T12:38:41.000+0000,2026-12-09,Solution Design,Best Case,,,Follow up after board meeting,Cost Reduction,85.0,2027-04-21,
OPP00881,Zephyr Renewables - SaaS New 2025,ACC0098,R12,EMEA,New,SaaS,2025-07-10T10:50:54.000+0000,2025-09-10,Closed Lost,Omitted,C00,No Decision / Budget,Send revised proposal,,,,
OPP01775,Meridian Utilities - SCADA New 2026,ACC0079,R11,EMEA,New,SCADA,2026-09-05T14:20:25.000+0000,2027-03-24,Prospecting,Pipeline,C03,,Send revised proposal,Cost Reduction,,2028-09-11,2027-06-24
OPP00624,Zephyr Renewables - SaaS Up 2025,ACC0098,R07,RoW,Additional Products & Services (Upsell),SaaS,2025-02-05T17:33:26.000+0000,2025-04-22,Closed Won,Closed,,,Pilot scoping call,Performance Optimization,,,
OPP00346,Crestline Utilities - SCADA New 2024,ACC0131,R03,Americas,New,SCADA,2024-08-25T14:48:25.000+0000,2025-02-17,Closed Lost,Omitted,C01,,,,20.6,,
OPP01607,Pinnacle Green Capital - SaaS New 2026,ACC0124,R06,Americas,New,SaaS,2026-06-20T12:51:30.000+0000,2026-11-04,Proposal,Best Case,C07,,Send revised proposal,Performance Optimization,,,
OPP00263,Sierra Utilities - SCADA Up 2024,ACC0077,R01,Americas,Additional Products & Services (Upsell),SCADA,2024-06-29T12:09:25.000+0000,2024-08-29,Closed Won,Closed,,,Follow up after board meeting,Cost Reduction,12.8,2025-07-24,2025-01-01
OPP01322,Cobalt Power - SaaS New 2026,ACC0068,R05,Americas,New,SaaS,2026-02-09T17:09:40.000+0000,2026-03-08,Closed Lost,Omitted,C07,No Decision / Budget,Pilot scoping call,Portfolio Visibility,,,
OPP01439,Altamira Infrastructure - SCADA New 2026,ACC0105,R14,EMEA,New,SCADA,2026-04-06T15:52:01.000+0000,2026-08-06,Closed Lost,Omitted,C07,No Decision / Budget,Pricing discussion with procurement,Regulatory Compliance,24.1,2027-12-16,
OPP00151,Vireo Wind Holdings - SCADA New 2024,ACC0087,R12,RoW,New,SCADA,2024-04-15T15:09:49.000+0000,2024-09-02,Closed Lost,Omitted,C00,No Decision / Budget,Site visit,Portfolio Visibility,,2025-08-01,2024-10-12
OPP00473,Crestline Energy - SCADA Up 2024,ACC0096,R11,EMEA,Additional Products & Services (Upsell),SCADA,2024-11-11T16:04:25.000+0000,2025-03-31,Closed Won,Closed,C00,,Legal review of contract,,,,
OPP00641,Azure Solar Partners - SaaS New 2025,ACC0097,R07,EMEA,New,SaaS,2025-02-12T10:50:09.000+0000,2025-08-03,Closed Lost,Omitted,C00,No Decision / Budget,Follow up after board meeting,Portfolio Visibility,,,
OPP01863,Pinnacle Green Capital - SCADA Renewal 2024,ACC0124,R06,Americas,Renewal,SCADA,2024-11-26T11:09:23.000+0000,2025-09-26,Closed Won,Closed,,,,Regulatory Compliance,25.7,,2026-04-10
OPP01770,Solara Renewables - SaaS Up 2026,ACC0075,R07,EMEA,Additional Products & Services (Upsell),SaaS,2026-09-04T16:35:01.000+0000,2026-10-16,Proposal,Best Case,C07,,Pilot scoping call,Performance Optimization,,,
OPP00551,Halcyon Infrastructure - SaaS Up 2024,ACC0115,R01,Americas,Additional Products & Services (Upsell),SaaS,2024-12-27T11:25:23.000+0000,2025-02-02,Closed Lost,Omitted,,No Decision / Budget,Site visit,,,,
OPP00929,Lumen Utilities - SaaS Up 2025,ACC0103,R05,Americas,Additional Products & Services (Upsell),SaaS,2025-08-01T08:35:44.000+0000,2025-10-16,Closed Won,Closed,C04,,Legal review of contract,,,,
OPP00489,Altamira Energy - SaaS New 2024,ACC0144,R09,EMEA,New,SaaS,2024-11-23T14:15:15.000+0000,2025-04-10,Closed Lost,Omitted,C02,Functionality Gap,Legal review of contract,Cost Reduction,,,
OPP01838,Altamira Energy - SaaS New 2024,ACC0144,R09,EMEA,New,SaaS,2024-04-19T13:47:05.000+0000,2024-06-20,Closed Lost,Omitted,C05,Duplicate,,,,,
OPP01172,Kestrel Solar Partners - SaaS Cross 2025,ACC0071,R01,Americas,Cross Sell,SaaS,2025-11-30T12:38:39.000+0000,2026-02-12,Closed Lost,Omitted,C02,Relationship,Follow up after board meeting,,,,
OPP00147,Ember Energy Partners - SaaS New 2024,ACC0126,R08,RoW,New,SaaS,2024-04-11T14:05:17.000+0000,2024-07-14,Closed Lost,Omitted,C02,,Site visit,,,,
OPP01609,Kestrel Renewables - SaaS New 2026,ACC0146,R09,RoW,New,SaaS,2026-06-21T14:43:35.000+0000,2026-11-25,Proposal,Best Case,,,Send revised proposal,Cost Reduction,,,
OPP01811,Orion Energy Partners - SaaS New 2025,ACC0059,R06,Americas,New,SaaS,2025-09-21T14:25:04.000+0000,2025-11-16,Closed Lost,Omitted,C07,Duplicate,Legal review of contract,Cost Reduction,,,
OPP00403,Orion Energy Partners - SaaS Cross 2024,ACC0059,R06,Americas,Cross Sell,SaaS,2024-10-03T14:40:59.000+0000,2025-02-06,Closed Won,Closed,C05,,,Regulatory Compliance,,,
OPP00955,Ember Utilities - SaaS Up 2025,ACC0150,R10,EMEA,Additional Products & Services (Upsell),SaaS,2025-08-16T13:58:58.000+0000,2025-10-28,Closed Lost,Omitted,C04,,Legal review of contract,,,,
OPP01765,Helios Clean Assets - SCADA New 2026,ACC0063,R09,EMEA,New,SCADA,2026-09-03T13:30:58.000+0000,2026-08-24,Prospecting,Pipeline,C00,,Security review with IT,Regulatory Compliance,,,
OPP00660,Crestline Power - SaaS Up 2025,ACC0065,R06,Americas,Additional Products & Services (Upsell),SaaS,2025-02-23T09:41:37.000+0000,2025-03-29,Closed Lost,Omitted,C05,No Decision / Budget,Follow up after board meeting,Performance Optimization,,,
OPP01373,Meridian Clean Assets - SCADA Cross 2026,ACC0056,R04,Americas,Cross Sell,SCADA,2026-03-04T14:31:03.000+0000,2027-04-17,Solution Design,Best Case,C01,,Schedule technical demo,,135.9,2028-05-01,2027-06-13
OPP00464,Solara Energy - SCADA New 2024,ACC0099,R11,RoW,New,SCADA,2024-11-09T11:00:33.000+0000,2025-03-13,Closed Lost,Omitted,,Lost to Incumbent,,Performance Optimization,,,
OPP01350,Orion Solar Partners - SCADA Cross 2026,ACC0125,R08,RoW,Cross Sell,SCADA,2026-02-25T11:31:34.000+0000,2026-08-01,Closed Won,Closed,C00,,Pilot scoping call,Portfolio Visibility,62.5,2027-05-11,2026-11-21
OPP00187,Kestrel Renewables - SCADA New 2024,ACC0146,R09,EMEA,New,SCADA,2024-05-05T09:46:01.000+0000,2024-09-07,Closed Lost,Omitted,,No Decision / Budget,,Regulatory Compliance,,,2024-11-01
OPP01148,Tidewater Power - SCADA New 2025,ACC0149,R03,Americas,New,SCADA,2025-11-21T10:06:35.000+0000,2026-01-31,Closed Lost,Omitted,,Timing / Project Delayed,Pilot scoping call,,,2026-06-02,2026-08-17
OPP01225,Altamira Infrastructure - SCADA New 2025,ACC0105,R14,RoW,New,SCADA,2025-12-27T10:05:55.000+0000,2026-03-29,Closed Lost,Omitted,C05,Functionality Gap,,Portfolio Visibility,156.1,,2026-08-03
OPP00609,Prairie Green Capital - SaaS New 2025,ACC0143,R11,EMEA,New,SaaS,2025-01-27T09:26:46.000+0000,2025-07-25,Closed Lost,Omitted,C00,No Decision / Budget,Pilot scoping call,,,,
OPP00144,Sierra Utilities - SCADA New 2024,ACC0077,R01,Americas,New,SCADA,2024-04-09T16:13:09.000+0000,2024-06-22,Closed Won,Closed,C01,,,Portfolio Visibility,20.8,,
OPP00752,Crestline Power - SaaS Cross 2025,ACC0065,R06,Americas,Cross Sell,SaaS,2025-04-28T14:44:21.000+0000,2025-09-04,Closed Lost,Omitted,C02,,Site visit,Regulatory Compliance,,,
OPP01535,Solara Wind Holdings - SaaS New 2026,ACC0046,R07,RoW,New,SaaS,2026-05-20T15:26:35.000+0000,2026-07-04,Closed Lost,Omitted,C05,Timing / Project Delayed,Legal review of contract,Performance Optimization,,,
OPP00982,Aurora Power - SaaS New 2025,ACC0025,R14,RoW,New,SaaS,2025-09-01T16:30:41.000+0000,2026-01-25,Closed Won,Closed,,,Site visit,Portfolio Visibility,,,
OPP00198,Crestline Power - SCADA New 2024,ACC0065,R06,Americas,New,SCADA,2024-05-12T13:22:48.000+0000,2024-10-24,Closed Won,Closed,,,Pilot scoping call,,,,2025-01-17
OPP00884,Zephyr Infrastructure - SaaS New 2025,ACC0081,R07,EMEA,New,SaaS,2025-07-12T10:09:00.000+0000,2025-09-03,Closed Lost,Omitted,C00,Timing / Project Delayed,Schedule technical demo,Regulatory Compliance,,,
OPP00280,Solstice Renewables - SaaS Cross 2024,ACC0053,R13,EMEA,Cross Sell,SaaS,2024-07-11T08:33:46.000+0000,2024-09-18,Closed Won,Closed,C05,,Schedule technical demo,,,,
OPP00294,Lumen Renewables - SaaS New 2024,ACC0054,R13,EMEA,New,SaaS,2024-07-19T14:07:53.000+0000,2024-10-05,Closed Lost,Omitted,C00,Timing / Project Delayed,,,,,
OPP01717,Atlas Wind Holdings - SCADA New 2026,ACC0008,R04,Americas,New,SCADA,2026-08-08T15:53:18.000+0000,2026-12-23,Qualification,Pipeline,C05,,,,83.1,2027-10-10,2027-05-10
OPP00401,Kestrel Energy Partners - SaaS Cross 2024,ACC0052,R09,RoW,Cross Sell,SaaS,2024-10-02T08:19:16.000+0000,2024-11-26,Closed Lost,Omitted,C00,No Decision / Budget,Follow up after board meeting,,,,
OPP00123,Pinnacle Energy Partners - SCADA Up 2024,ACC0027,R13,RoW,Additional Products & Services (Upsell),SCADA,2024-03-26T10:04:21.000+0000,2024-07-06,Closed Lost,Omitted,C00,Timing / Project Delayed,Pilot scoping call,Portfolio Visibility,,,2024-08-09
OPP01208,Ember Renewables - SCADA New 2025,ACC0055,R04,Americas,New,SCADA,2025-12-20T08:07:14.000+0000,2026-02-07,Closed Lost,Omitted,C03,Lost to Incumbent,,Performance Optimization,,,2026-05-26
OPP00203,Crestline Power - SCADA Cross 2024,ACC0065,R06,Americas,Cross Sell,SCADA,2024-05-13T14:45:53.000+0000,2024-12-29,Closed Won,Closed,C03,,,,,2025-11-18,
OPP01463,Kestrel Power - SaaS New 2026,ACC0005,R02,Americas,New,SaaS,2026-04-15T12:52:38.000+0000,2026-06-24,Closed Lost,Omitted,C07,,Pilot scoping call,Regulatory Compliance,,,
OPP00836,Zephyr Renewables - SCADA New 2025,ACC0098,R07,EMEA,New,SCADA,2025-06-12T17:59:13.000+0000,2025-08-20,Closed Lost,Omitted,,No Decision / Budget,Site visit,Performance Optimization,84.0,2026-01-15,2026-04-04
OPP00247,Prairie Energy - SaaS New 2024,ACC0095,R05,Americas,New,SaaS,2024-06-16T12:26:12.000+0000,2024-09-13,Closed Lost,Omitted,,Functionality Gap,,Portfolio Visibility,,,
OPP01440,Kestrel Infrastructure - SaaS New 2026,ACC0002,R11,RoW,New,SaaS,2026-04-07T11:44:11.000+0000,2026-05-24,Closed Lost,Omitted,C00,No Decision / Budget,Pricing discussion with procurement,,,,
OPP01787,Solstice Renewables - SCADA Up 2026,ACC0053,R13,EMEA,Additional Products & Services (Upsell),SCADA,2026-09-09T08:15:17.000+0000,2026-12-25,Prospecting,Pipeline,C03,,Pricing discussion with procurement,Regulatory Compliance,23.8,2028-04-06,2027-06-07
OPP01768,Atlas Power - SaaS New 2026,ACC0136,R04,Americas,New,SaaS,2026-09-04T17:20:23.000+0000,2027-02-15,Prospecting,Best Case,C07,,Send revised proposal,Performance Optimization,,,
OPP01154,Zephyr Renewables - SCADA Cross 2025,ACC0098,R07,RoW,Cross Sell,SCADA,2025-11-24T10:25:39.000+0000,2026-04-03,Closed Lost,Omitted,C06,Price,Follow up after board meeting,Portfolio Visibility,84.0,2027-05-25,2026-05-07
OPP01427,Ember Solar Partners - SaaS Up 2026,ACC0086,R10,EMEA,Additional Products & Services (Upsell),SaaS,2026-04-01T11:59:02.000+0000,2026-06-07,Closed Lost,Omitted,C02,Functionality Gap,Follow up after board meeting,Performance Optimization,,,
OPP00385,Kestrel Energy Partners - SaaS New 2024,ACC0052,R09,RoW,New,SaaS,2024-09-18T14:10:07.000+0000,2024-11-07,Closed Lost,Omitted,C06,,Send revised proposal,,,,
OPP01656,Kestrel Wind Holdings - SCADA New 2026,ACC0030,R11,RoW,New,SCADA,2026-07-17T16:19:43.000+0000,2027-01-12,Solution Design,Best Case,C07,,Follow up after board meeting,Cost Reduction,202.8,2028-04-23,2027-04-25
OPP00855,Ember Energy Partners - SCADA New 2025,ACC0126,R08,EMEA,New,SCADA,2025-06-21T13:55:21.000+0000,2026-02-26,Closed Lost,Omitted,C01,Price,Security review with IT,Performance Optimization,25.2,2027-03-07,2026-04-14
OPP01590,Altamira Infrastructure - SCADA New 2026,ACC0105,R14,RoW,New,SCADA,2026-06-14T15:30:59.000+0000,2027-01-04,Solution Design,Best Case,,,Security review with IT,Performance Optimization,64.1,2027-10-18,2027-04-07
OPP00220,Kestrel Renewables - SaaS New 2024,ACC0146,R10,EMEA,New,SaaS,2024-05-24T14:43:16.000+0000,2024-07-23,Closed Won,Closed,,,Security review with IT,,,,
OPP00642,Halcyon Power - SaaS Cross 2025,ACC0088,R01,Americas,Cross Sell,SaaS,2025-02-13T17:17:44.000+0000,2025-03-24,Closed Lost,Omitted,C04,Price,Security review with IT,Performance Optimization,,,
OPP00002,Vireo Wind Holdings - SaaS New 2024,ACC0087,R07,EMEA,New,SaaS,2024-01-02T13:09:26.000+0000,2024-03-20,Closed Lost,Omitted,C00,No Decision / Budget,Send revised proposal,Regulatory Compliance,,,
OPP00113,Zephyr Infrastructure - SaaS New 2024,ACC0081,R07,EMEA,New,SaaS,2024-03-21T15:46:47.000+0000,2024-08-02,Closed Lost,Omitted,C06,No Decision / Budget,Pricing discussion with procurement,,,,
OPP00699,Aurora Power - SaaS New 2025,ACC0025,R07,RoW,New,SaaS,2025-03-24T11:59:25.000+0000,2025-08-01,Closed Lost,Omitted,C02,No Decision / Budget,Schedule technical demo,Performance Optimization,,,
OPP01798,Pinnacle Energy Partners - SCADA Up 2026,ACC0027,R13,RoW,Additional Products & Services (Upsell),SCADA,2026-09-14T08:30:42.000+0000,2026-12-28,Prospecting,Best Case,C05,,Site visit,Performance Optimization,35.2,2027-11-16,2027-06-10
OPP00952,Aurora Power - SaaS New 2025,ACC0025,R07,EMEA,New,SaaS,2025-08-13T08:11:06.000+0000,2025-10-24,Closed Won,Closed,C06,,Security review with IT,Cost Reduction,,,
OPP01637,Zephyr Infrastructure - SaaS Cross 2026,ACC0081,R07,RoW,Cross Sell,SaaS,2026-07-09T11:51:25.000+0000,2026-08-18,Closed Lost,Omitted,,Price,Send revised proposal,,,,
OPP01648,Pinnacle Clean Assets - SaaS New 2026,ACC0036,R09,EMEA,New,SaaS,2026-07-13T09:35:09.000+0000,2026-12-18,Solution Design,Best Case,C02,,Pilot scoping call,,,,
OPP01411,Kestrel Infrastructure - SCADA New 2026,ACC0002,R11,RoW,New,SCADA,2026-03-23T12:11:03.000+0000,2026-07-11,Closed Lost,Omitted,C05,,Send revised proposal,,,2027-07-13,2027-02-19
OPP01410,Solara Clean Assets - SaaS New 2026,ACC0010,R03,Americas,New,SaaS,2026-03-22T16:57:02.000+0000,2026-06-17,Closed Lost,Omitted,C04,,Site visit,Regulatory Compliance,,,
OPP01534,Meridian Solar Partners - SaaS New 2026,ACC0066,R11,EMEA,New,SaaS,2026-05-19T08:42:17.000+0000,2027-03-28,Solution Design,Best Case,C07,,Pilot scoping call,,,,
OPP01292,Altamira Infrastructure - SaaS Cross 2026,ACC0105,R14,EMEA,Cross Sell,SaaS,2026-01-25T16:06:21.000+0000,2026-09-20,Closed Won,Closed,C04,,Send revised proposal,,,,
OPP01703,Ember Solar Partners - SaaS New 2026,ACC0086,R13,RoW,New,SaaS,2026-08-02T10:09:00.000+0000,2027-01-09,Qualification,Pipeline,C05,,Legal review of contract,Regulatory Compliance,,,
OPP00442,Halcyon Power - SaaS Cross 2024,ACC0088,R01,Americas,Cross Sell,SaaS,2024-10-28T13:57:51.000+0000,2024-12-13,Closed Lost,Omitted,C00,Timing / Project Delayed,Legal review of contract,Cost Reduction,,,
OPP01521,Sierra Utilities - SCADA Up 2026,ACC0077,R01,Americas,Additional Products & Services (Upsell),SCADA,2026-05-12T08:06:43.000+0000,2026-06-22,Closed Lost,Omitted,C03,Lost to Incumbent,Follow up after board meeting,,55.3,2027-03-15,2026-11-05
OPP01137,Everglow Energy Partners - SaaS New 2025,ACC0035,R13,EMEA,New,SaaS,2025-11-12T13:13:24.000+0000,2026-05-27,Closed Lost,Omitted,C00,No Decision / Budget,Legal review of contract,Portfolio Visibility,,,
OPP01257,Kestrel Infrastructure - SCADA New 2026,ACC0002,R11,EMEA,New,SCADA,2026-01-11T11:30:33.000+0000,2026-05-06,Closed Lost,Omitted,C05,Lost to Incumbent,Follow up after board meeting,Cost Reduction,25.1,2027-06-19,2026-07-22
OPP01753,Kestrel Solar Partners - SCADA Cross 2026,ACC0071,R01,Americas,Cross Sell,SCADA,2026-08-24T10:17:54.000+0000,2026-12-18,Qualification,Pipeline,C01,,Legal review of contract,,39.2,,
OPP01632,Halcyon Clean Assets - SCADA New 2026,ACC0158,R08,EMEA,New,SCADA,2026-07-05T12:44:33.000+0000,2027-03-22,Qualification,Pipeline,C03,,Schedule technical demo,Portfolio Visibility,10.6,2027-08-19,2027-06-16
OPP01398,Solara Utilities - SaaS Cross 2026,ACC0039,R12,EMEA,Cross Sell,SaaS,2026-03-14T08:48:19.000+0000,2026-06-22,Closed Won,Closed,,,,Cost Reduction,,,
OPP00664,Azure Solar Partners - SCADA Up 2025,ACC0097,R07,RoW,Additional Products & Services (Upsell),SCADA,2025-02-28T13:14:52.000+0000,2025-03-30,Closed Lost,Omitted,C03,Lost to Incumbent,,Performance Optimization,99.2,2026-02-19,2025-08-09
OPP01727,Halcyon Power - SaaS New 2026,ACC0088,R01,Americas,New,SaaS,2026-08-14T17:49:37.000+0000,2026-12-15,Qualification,Pipeline,C05,,Follow up after board meeting,Regulatory Compliance,,,
OPP01258,Cobalt Utilities - SaaS New 2026,ACC0042,R13,EMEA,New,SaaS,2026-01-11T17:00:10.000+0000,2026-07-21,Closed Lost,Omitted,C04,,Schedule technical demo,Regulatory Compliance,,,
OPP01670,Zephyr Infrastructure - SCADA Cross 2026,ACC0081,R07,RoW,Cross Sell,SCADA,2026-07-21T11:39:26.000+0000,2026-12-18,Solution Design,Best Case,C00,,Pricing discussion with procurement,Performance Optimization,12.6,2027-06-22,2027-08-06
OPP00318,Zephyr Solar Partners - SaaS Cross 2024,ACC0041,R01,Americas,Cross Sell,SaaS,2024-08-02T11:08:32.000+0000,2024-10-02,Closed Lost,Omitted,C07,No Decision / Budget,Schedule technical demo,,,,
OPP00649,Orion Green Capital - SCADA Up 2025,ACC0114,R03,Americas,Additional Products & Services (Upsell),SCADA,2025-02-19T16:33:13.000+0000,2025-04-10,Closed Won,Closed,C00,,,Performance Optimization,,,
OPP01435,Helios Energy Partners - SCADA New 2026,ACC0118,R03,Americas,New,SCADA,2026-04-04T10:20:21.000+0000,2026-12-27,Proposal,Best Case,,,,Performance Optimization,43.5,,2027-07-07
OPP01480,Orion Energy - SaaS Cross 2026,ACC0089,R04,Americas,Cross Sell,SaaS,2026-04-23T10:16:16.000+0000,2026-11-09,Negotiation,Commit,C00,,Send revised proposal,Regulatory Compliance,,,
OPP00710,Lumen Utilities - SaaS Cross 2025,ACC0103,R05,Americas,Cross Sell,SaaS,2025-03-31T15:08:30.000+0000,2025-08-03,Closed Lost,Omitted,C02,Functionality Gap,Security review with IT,,,,
OPP01383,Zephyr Renewables - SaaS New 2026,ACC0098,R07,EMEA,New,SaaS,2026-03-07T10:54:35.000+0000,2026-12-29,Proposal,Best Case,C06,,Site visit,Portfolio Visibility,,,
OPP01283,Prairie Energy - SCADA Up 2026,ACC0095,R05,Americas,Additional Products & Services (Upsell),SCADA,2026-01-22T11:26:04.000+0000,2026-06-17,Closed Won,Closed,,,,Regulatory Compliance,32.5,2027-11-19,2026-10-09
OPP00973,Pinnacle Renewables - SaaS New 2025,ACC0159,R07,RoW,New,SaaS,2025-08-26T08:06:12.000+0000,2025-10-26,Closed Lost,Omitted,C02,Functionality Gap,Schedule technical demo,Regulatory Compliance,,,
OPP00628,Cobalt Clean Assets - SCADA Cross 2025,ACC0117,R03,Americas,Cross Sell,SCADA,2025-02-06T08:10:27.000+0000,2025-05-30,Closed Lost,Omitted,C03,Relationship,,,,,
OPP00633,Orion Energy Partners - SaaS New 2025,ACC0059,R02,Americas,New,SaaS,2025-02-08T08:46:36.000+0000,2025-05-22,Closed Lost,Omitted,C00,,Legal review of contract,Performance Optimization,,,
OPP01307,Zephyr Renewables - SaaS New 2026,ACC0098,R07,RoW,New,SaaS,2026-02-01T14:54:45.000+0000,2026-05-08,Closed Lost,Omitted,C04,Price,Pilot scoping call,Portfolio Visibility,,,
OPP01401,Sierra Infrastructure - SCADA New 2026,ACC0085,R05,Americas,New,SCADA,2026-03-16T10:16:35.000+0000,2026-06-08,Closed Lost,Omitted,C01,Price,Follow up after board meeting,Portfolio Visibility,89.7,2027-04-07,2026-09-18
OPP01409,Prairie Energy - SaaS New 2026,ACC0095,R05,Americas,New,SaaS,2026-03-21T08:47:29.000+0000,2026-07-12,Closed Lost,Omitted,C05,Functionality Gap,Send revised proposal,,,,
OPP01249,Orion Energy Partners - SCADA Cross 2026,ACC0059,R06,Americas,Cross Sell,SCADA,2026-01-07T12:13:43.000+0000,2026-05-11,Closed Lost,Omitted,,Price,Send revised proposal,Performance Optimization,36.7,2027-10-29,2026-09-10
OPP01833,Zephyr Solar Partners - SCADA New 2025,ACC0041,R01,Americas,New,SCADA,2025-12-14T16:30:48.000+0000,2026-06-04,Closed Lost,Omitted,C01,Duplicate,Send revised proposal,Cost Reduction,74.7,2027-03-01,2026-08-10
OPP01255,Ember Energy Partners - SaaS Up 2026,ACC0126,R08,RoW,Additional Products & Services (Upsell),SaaS,2026-01-10T08:01:24.000+0000,2026-04-12,Closed Won,Closed,C02,,,Portfolio Visibility,,,
OPP01497,Solstice Energy Partners - SaaS Cross 2026,ACC0154,R13,RoW,Cross Sell,SaaS,2026-04-30T11:32:56.000+0000,2026-08-09,Closed Lost,Omitted,C00,No Decision / Budget,,Regulatory Compliance,,,
OPP01372,Kestrel Infrastructure - SaaS New 2026,ACC0002,R11,RoW,New,SaaS,2026-03-04T13:35:30.000+0000,2026-12-20,Proposal,Commit,,,,Regulatory Compliance,,,
OPP01530,Prairie Energy - SaaS Cross 2026,ACC0095,R05,Americas,Cross Sell,SaaS,2026-05-17T11:04:30.000+0000,2026-08-15,Closed Lost,Omitted,C07,No Decision / Budget,Legal review of contract,Performance Optimization,,,
OPP01664,Prairie Energy - SCADA Up 2026,ACC0095,R04,Americas,Additional Products & Services (Upsell),SCADA,2026-07-20T11:35:36.000+0000,2027-01-10,Solution Design,Commit,C07,,Security review with IT,Cost Reduction,100.5,2028-04-23,
OPP01355,Azure Wind Holdings - SaaS New 2026,ACC0107,R12,RoW,New,SaaS,2026-02-27T15:37:24.000+0000,2026-07-07,Closed Lost,Omitted,C06,Lost to Incumbent,Send revised proposal,Performance Optimization,,,
OPP01808,Azure Solar Partners - SaaS New 2024,ACC0097,R07,EMEA,New,SaaS,2024-11-02T15:35:13.000+0000,2025-05-17,Closed Lost,Omitted,C06,Duplicate,Pricing discussion with procurement,,,,
OPP01786,Crestline Energy Partners - SaaS Up 2026,ACC0001,R04,Americas,Additional Products & Services (Upsell),SaaS,2026-09-09T11:24:38.000+0000,2026-11-23,Qualification,Pipeline,C06,,Site visit,Portfolio Visibility,,,
OPP01644,Sierra Power - SCADA Cross 2026,ACC0092,R14,RoW,Cross Sell,SCADA,2026-07-12T09:25:42.000+0000,2026-12-20,Solution Design,Best Case,C00,,Schedule technical demo,Performance Optimization,69.3,2028-04-26,2027-07-06
OPP01739,Cobalt Infrastructure - SCADA Cross 2026,ACC0130,R07,EMEA,Cross Sell,SCADA,2026-08-18T17:45:15.000+0000,2026-12-18,Qualification,Pipeline,C06,,Security review with IT,Performance Optimization,39.5,2028-01-26,2027-06-21
OPP00796,Zephyr Energy Partners - SaaS Cross 2025,ACC0110,R04,Americas,Cross Sell,SaaS,2025-05-19T17:05:16.000+0000,2025-09-19,Closed Won,Closed,C02,,Security review with IT,Regulatory Compliance,,,
OPP00646,Atlas Infrastructure - SCADA New 2025,ACC0111,R05,Americas,New,SCADA,2025-02-16T13:57:48.000+0000,2025-05-19,Closed Lost,Omitted,C03,Lost to Incumbent,Follow up after board meeting,Portfolio Visibility,96.7,2026-01-24,
OPP01013,Cobalt Power - SaaS Up 2025,ACC0068,R01,Americas,Additional Products & Services (Upsell),SaaS,2025-09-14T15:07:15.000+0000,2025-11-23,Closed Lost,Omitted,C04,Price,,,,,
OPP01730,Altamira Infrastructure - SaaS New 2026,ACC0105,R14,EMEA,New,SaaS,2026-08-14T16:29:37.000+0000,2026-12-26,Qualification,Pipeline,C06,,Legal review of contract,,,,
OPP00557,Halcyon Power - SCADA New 2024,ACC0088,R01,Americas,New,SCADA,2024-12-31T10:55:05.000+0000,2025-06-24,Closed Won,Closed,C01,,Security review with IT,,51.9,,
OPP00682,Kestrel Infrastructure - SCADA Cross 2025,ACC0002,R11,EMEA,Cross Sell,SCADA,2025-03-14T16:34:21.000+0000,2025-08-31,Closed Lost,Omitted,,,,,,2026-12-13,
OPP00578,Orion Green Capital - SaaS Up 2025,ACC0114,R03,Americas,Additional Products & Services (Upsell),SaaS,2025-01-15T14:05:59.000+0000,2025-02-05,Closed Lost,Omitted,C04,Price,,,,,
OPP01110,Prairie Energy - SaaS New 2025,ACC0095,R05,Americas,New,SaaS,2025-10-30T17:45:24.000+0000,2026-01-16,Closed Lost,Omitted,C06,Price,Follow up after board meeting,,,,
OPP01267,Altamira Renewables - SCADA New 2026,ACC0160,R14,EMEA,New,SCADA,2026-01-17T11:20:55.000+0000,2026-06-26,Closed Won,Closed,C05,,,Regulatory Compliance,81.5,,
OPP01184,Borealis Infrastructure - SaaS Up 2025,ACC0078,R06,Americas,Additional Products & Services (Upsell),SaaS,2025-12-06T14:30:35.000+0000,2026-01-22,Closed Lost,Omitted,C02,Price,Follow up after board meeting,Portfolio Visibility,,,
OPP00525,Zephyr Infrastructure - SaaS New 2024,ACC0081,R11,EMEA,New,SaaS,2024-12-12T16:59:45.000+0000,2025-05-11,Closed Won,Closed,,,Pilot scoping call,Regulatory Compliance,,,
OPP01060,Zephyr Renewables - SaaS New 2025,ACC0098,R07,RoW,New,SaaS,2025-10-08T09:09:56.000+0000,2026-02-04,Closed Lost,Omitted,C02,Functionality Gap,Send revised proposal,Performance Optimization,,,
OPP00541,Crestline Solar Partners - SaaS Up 2024,ACC0029,R08,RoW,Additional Products & Services (Upsell),SaaS,2024-12-20T09:58:10.000+0000,2025-03-04,Closed Won,Closed,C07,,Send revised proposal,Regulatory Compliance,,,
OPP01195,Solara Utilities - SaaS New 2025,ACC0039,R12,RoW,New,SaaS,2025-12-14T11:46:59.000+0000,2026-03-26,Closed Lost,Omitted,C05,Timing / Project Delayed,,,,,
OPP01679,Sierra Utilities - SCADA New 2026,ACC0077,R01,Americas,New,SCADA,2026-07-24T14:53:07.000+0000,2027-07-15,Prospecting,Pipeline,C06,,Follow up after board meeting,Performance Optimization,100.7,2027-11-05,
OPP00749,Solara Utilities - SaaS New 2025,ACC0039,R12,EMEA,New,SaaS,2025-04-27T08:24:27.000+0000,2025-08-08,Closed Won,Closed,C02,,Send revised proposal,Regulatory Compliance,,,
OPP01742,Crestline Power - SCADA Up 2026,ACC0065,R06,Americas,Additional Products & Services (Upsell),SCADA,2026-08-19T09:03:37.000+0000,2026-12-23,Qualification,Pipeline,C01,,Schedule technical demo,Performance Optimization,41.5,2027-12-08,2027-07-09
OPP01431,Aurora Energy - SaaS Up 2026,ACC0157,R09,RoW,Additional Products & Services (Upsell),SaaS,2026-04-02T14:47:05.000+0000,2026-06-27,Closed Won,Closed,C04,,,Portfolio Visibility,,,
OPP00485,Kestrel Energy Partners - SCADA Up 2024,ACC0052,R09,RoW,Additional Products & Services (Upsell),SCADA,2024-11-19T08:20:25.000+0000,2025-03-16,Closed Lost,Omitted,C01,No Decision / Budget,,,92.2,,
OPP00096,Meridian Utilities - SaaS Up 2024,ACC0079,R11,RoW,Additional Products & Services (Upsell),SaaS,2024-03-09T15:52:48.000+0000,2024-05-08,Closed Lost,Omitted,C04,Relationship,,,,,
OPP01021,Helios Infrastructure - SCADA Cross 2025,ACC0080,R09,RoW,Cross Sell,SCADA,2025-09-16T17:18:21.000+0000,2026-03-20,Closed Won,Closed,,,Pilot scoping call,,,2027-01-10,
OPP00564,Sierra Utilities - SCADA Cross 2025,ACC0077,R01,Americas,Cross Sell,SCADA,2025-01-06T09:29:46.000+0000,2025-04-21,Closed Lost,Omitted,C03,,Send revised proposal,,76.1,2026-08-10,
OPP01265,Kestrel Energy - SaaS Up 2026,ACC0128,R09,RoW,Additional Products & Services (Upsell),SaaS,2026-01-14T12:01:20.000+0000,2026-03-26,Closed Won,Closed,,,Site visit,Performance Optimization,,,
OPP00743,Meridian Utilities - SaaS Cross 2025,ACC0079,R11,RoW,Cross Sell,SaaS,2025-04-24T13:30:25.000+0000,2025-06-19,Closed Won,Closed,C06,,,,,,
OPP00864,Halcyon Power - SaaS New 2025,ACC0088,R05,Americas,New,SaaS,2025-06-29T15:02:08.000+0000,2025-11-28,Closed Lost,Omitted,,No Decision / Budget,Pilot scoping call,,,,
OPP01599,Atlas Power - SaaS Up 2026,ACC0136,R05,Americas,Additional Products & Services (Upsell),SaaS,2026-06-17T16:21:38.000+0000,2026-07-26,Closed Won,Closed,C00,,Pricing discussion with procurement,,,,
OPP01485,Zephyr Solar Partners - SCADA New 2026,ACC0041,R01,Americas,New,SCADA,2026-04-24T11:45:22.000+0000,2026-11-23,Proposal,Commit,C01,,Follow up after board meeting,Portfolio Visibility,102.0,2027-03-27,2027-06-04
OPP00892,Kestrel Infrastructure - SaaS Up 2025,ACC0002,R11,RoW,Additional Products & Services (Upsell),SaaS,2025-07-15T11:47:02.000+0000,2025-10-04,Closed Won,Closed,C07,,Follow up after board meeting,Cost Reduction,,,
OPP01578,Kestrel Infrastructure - SaaS New 2026,ACC0002,R11,EMEA,New,SaaS,2026-06-09T08:58:52.000+0000,2026-07-31,Closed Lost,Omitted,,Functionality Gap,Security review with IT,Portfolio Visibility,,,
OPP01039,Solstice Renewables - SaaS New 2025,ACC0053,R13,RoW,New,SaaS,2025-09-25T14:21:55.000+0000,2026-01-26,Closed Lost,Omitted,C04,Price,Send revised proposal,,,,
OPP00207,Prairie Energy - SaaS New 2024,ACC0095,R05,Americas,New,SaaS,2024-05-16T17:43:22.000+0000,2024-08-25,Closed Lost,Omitted,C07,No Decision / Budget,Site visit,Performance Optimization,,,
OPP00393,Kestrel Wind Holdings - SaaS New 2024,ACC0030,R11,RoW,New,SaaS,2024-09-25T16:30:40.000+0000,2024-12-06,Closed Lost,Omitted,,Lost to Incumbent,,,,,
OPP00795,Orion Green Capital - SCADA Up 2025,ACC0114,R03,Americas,Additional Products & Services (Upsell),SCADA,2025-05-19T15:26:22.000+0000,2025-12-21,Closed Won,Closed,,,Pilot scoping call,,,2027-02-28,2026-04-25
OPP00871,Halcyon Power - SCADA New 2025,ACC0088,R04,Americas,New,SCADA,2025-07-03T15:24:21.000+0000,2026-03-27,Closed Won,Closed,C03,,Pilot scoping call,Cost Reduction,34.9,2026-09-07,2026-07-25
OPP00398,Meridian Utilities - SCADA Cross 2024,ACC0079,R11,RoW,Cross Sell,SCADA,2024-09-30T11:11:45.000+0000,2025-02-21,Closed Lost,Omitted,C05,,,,,2026-01-28,
OPP00767,Meridian Utilities - SaaS New 2025,ACC0079,R11,RoW,New,SaaS,2025-05-06T08:49:57.000+0000,2025-09-01,Closed Lost,Omitted,C02,,,,,,
OPP01732,Meridian Utilities - SaaS Up 2026,ACC0079,R11,EMEA,Additional Products & Services (Upsell),SaaS,2026-08-14T12:21:30.000+0000,2026-12-30,Qualification,Pipeline,C00,,Security review with IT,Cost Reduction,,,
OPP01242,Cobalt Infrastructure - SCADA Cross 2026,ACC0130,R07,RoW,Cross Sell,SCADA,2026-01-05T15:12:29.000+0000,2026-06-04,Closed Lost,Omitted,C03,Timing / Project Delayed,Follow up after board meeting,Portfolio Visibility,39.5,2027-01-08,2026-08-14
OPP01029,Kestrel Clean Assets - SaaS New 2025,ACC0050,R05,Americas,New,SaaS,2025-09-21T08:38:10.000+0000,2026-02-11,Closed Lost,Omitted,C02,Timing / Project Delayed,Legal review of contract,Performance Optimization,,,
OPP00643,Tidewater Green Capital - SaaS New 2025,ACC0113,R08,RoW,New,SaaS,2025-02-13T13:42:40.000+0000,2025-06-23,Closed Won,Closed,C06,,,Portfolio Visibility,,,
OPP01778,Solara Solar Partners - SaaS New 2026,ACC0093,R06,Americas,New,SaaS,2026-09-06T11:02:12.000+0000,2027-08-22,Prospecting,Pipeline,C02,,Site visit,Regulatory Compliance,,,
OPP00613,Pinnacle Energy - SCADA New 2025,ACC0057,R09,EMEA,New,SCADA,2025-01-29T11:18:04.000+0000,2025-09-18,Closed Won,Closed,C06,,,,,,
OPP00961,Orion Clean Assets - SaaS New 2025,ACC0141,R09,RoW,New,SaaS,2025-08-18T13:32:15.000+0000,2026-01-07,Closed Won,Closed,C02,,Send revised proposal,,,,
OPP01571,Sierra Infrastructure - SaaS New 2026,ACC0085,R02,Americas,New,SaaS,2026-06-06T09:48:06.000+0000,2026-08-06,Solution Design,Best Case,C00,,Follow up after board meeting,Regulatory Compliance,,,
OPP00726,Solara Renewables - SCADA Up 2025,ACC0075,R07,EMEA,Additional Products & Services (Upsell),SCADA,2025-04-12T13:10:37.000+0000,2025-06-23,Closed Won,Closed,C01,,Send revised proposal,Regulatory Compliance,85.1,,
OPP00684,Altamira Energy - SaaS Up 2025,ACC0144,R12,EMEA,Additional Products & Services (Upsell),SaaS,2025-03-16T14:39:25.000+0000,2025-06-01,Closed Lost,Omitted,C00,No Decision / Budget,,Portfolio Visibility,,,
OPP00099,Kestrel Infrastructure - SaaS New 2024,ACC0002,R11,RoW,New,SaaS,2024-03-12T11:22:49.000+0000,2024-07-19,Closed Won,Closed,C00,,,,,,
OPP00805,Meridian Utilities - SaaS Cross 2025,ACC0079,R13,RoW,Cross Sell,SaaS,2025-05-25T17:00:11.000+0000,2025-10-28,Closed Won,Closed,,,,Performance Optimization,,,
OPP01598,Zephyr Renewables - SaaS Up 2026,ACC0098,R07,RoW,Additional Products & Services (Upsell),SaaS,2026-06-16T09:05:43.000+0000,2026-07-07,Closed Lost,Omitted,C06,Price,Site visit,Performance Optimization,,,
OPP00407,Zephyr Renewables - SaaS New 2024,ACC0098,R07,EMEA,New,SaaS,2024-10-04T15:24:06.000+0000,2025-02-11,Closed Lost,Omitted,C00,No Decision / Budget,Security review with IT,Cost Reduction,,,
OPP00503,Altamira Infrastructure - SaaS Up 2024,ACC0105,R07,RoW,Additional Products & Services (Upsell),SaaS,2024-11-30T08:55:49.000+0000,2025-02-20,Closed Won,Closed,C02,,Pricing discussion with procurement,,,,
OPP01072,Atlas Infrastructure - SaaS Up 2025,ACC0111,R05,Americas,Additional Products & Services (Upsell),SaaS,2025-10-13T12:51:26.000+0000,2025-12-19,Closed Won,Closed,C07,,Follow up after board meeting,Performance Optimization,,,
OPP01057,Prairie Renewables - SCADA New 2025,ACC0049,R08,RoW,New,SCADA,2025-10-07T11:08:09.000+0000,2025-12-05,Closed Lost,Omitted,C06,Price,Site visit,,82.6,2026-07-07,2026-04-15
OPP00930,Altamira Infrastructure - SaaS Cross 2025,ACC0105,R14,EMEA,Cross Sell,SaaS,2025-08-03T15:33:16.000+0000,2026-03-19,Closed Won,Closed,C06,,,Performance Optimization,,,
OPP00780,Azure Solar Partners - SaaS Up 2025,ACC0097,R07,EMEA,Additional Products & Services (Upsell),SaaS,2025-05-12T10:25:28.000+0000,2025-08-15,Closed Lost,Omitted,C06,Price,Legal review of contract,Cost Reduction,,,
OPP00201,Lumen Energy - SCADA Cross 2024,ACC0148,R12,RoW,Cross Sell,SCADA,2024-05-12T15:52:48.000+0000,2024-08-11,Closed Lost,Omitted,C03,,,Portfolio Visibility,77.0,2025-03-01,2024-09-23
OPP00135,Meridian Energy Partners - SCADA New 2024,ACC0121,R09,EMEA,New,SCADA,2024-04-02T12:15:34.000+0000,2024-12-04,Closed Lost,Omitted,,Lost to Incumbent,Send revised proposal,Portfolio Visibility,,,
OPP01052,Solstice Renewables - SaaS Up 2025,ACC0053,R13,EMEA,Additional Products & Services (Upsell),SaaS,2025-10-05T16:10:57.000+0000,2025-12-19,Closed Won,Closed,C05,,,Portfolio Visibility,,,
OPP00041,Meridian Renewables - SCADA New 2024,ACC0034,R11,EMEA,New,SCADA,2024-02-04T17:17:04.000+0000,2024-09-22,Closed Won,Closed,,,Send revised proposal,,,,
OPP01018,Solstice Renewables - SCADA Cross 2025,ACC0053,R13,RoW,Cross Sell,SCADA,2025-09-14T13:34:24.000+0000,2025-11-29,Closed Lost,Omitted,C03,Lost to Incumbent,Legal review of contract,Regulatory Compliance,23.8,2026-04-19,2026-02-15
OPP00231,Prairie Energy - SaaS Up 2024,ACC0095,R05,Americas,Additional Products & Services (Upsell),SaaS,2024-06-03T10:04:09.000+0000,2024-08-02,Closed Won,Closed,C07,,Legal review of contract,Cost Reduction,,,
OPP01514,Solstice Renewables - SCADA Cross 2026,ACC0053,R13,EMEA,Cross Sell,SCADA,2026-05-08T15:30:14.000+0000,2026-07-21,Closed Lost,Omitted,C00,Timing / Project Delayed,Follow up after board meeting,Cost Reduction,111.9,2027-01-30,2027-01-11
OPP00379,Crestline Power - SCADA New 2024,ACC0065,R06,Americas,New,SCADA,2024-09-15T11:20:38.000+0000,2025-05-04,Closed Lost,Omitted,C03,,Security review with IT,Regulatory Compliance,135.7,,2025-06-04
OPP00289,Kestrel Wind Holdings - SaaS New 2024,ACC0030,R11,RoW,New,SaaS,2024-07-15T10:39:47.000+0000,2025-01-13,Closed Won,Closed,C04,,Legal review of contract,Regulatory Compliance,,,
OPP00419,Solstice Renewables - SaaS New 2024,ACC0053,R13,EMEA,New,SaaS,2024-10-12T17:49:09.000+0000,2024-11-18,Closed Lost,Omitted,C02,,,,,,
OPP01699,Kestrel Infrastructure - SaaS Cross 2026,ACC0002,R11,RoW,Cross Sell,SaaS,2026-07-31T15:15:08.000+0000,2026-10-01,Negotiation,Best Case,C04,,,Cost Reduction,,,
OPP00392,Crestline Power - SaaS New 2024,ACC0065,R06,Americas,New,SaaS,2024-09-25T16:56:27.000+0000,2024-12-23,Closed Won,Closed,C04,,Follow up after board meeting,,,,
OPP00593,Lumen Energy Partners - SaaS New 2025,ACC0062,R01,Americas,New,SaaS,2025-01-22T14:02:06.000+0000,2025-07-10,Closed Lost,Omitted,C05,Functionality Gap,Legal review of contract,Regulatory Compliance,,,
OPP01523,Zephyr Renewables - SCADA New 2026,ACC0098,R07,RoW,New,SCADA,2026-05-13T14:13:47.000+0000,2027-03-30,Solution Design,Best Case,C00,,Schedule technical demo,Portfolio Visibility,49.1,2028-08-08,2027-05-04
OPP01163,Sierra Infrastructure - SaaS New 2025,ACC0085,R02,Americas,New,SaaS,2025-11-29T12:05:46.000+0000,2026-03-27,Closed Won,Closed,C00,,Legal review of contract,Portfolio Visibility,,,
OPP01087,Kestrel Wind Holdings - SaaS Cross 2025,ACC0030,R11,RoW,Cross Sell,SaaS,2025-10-19T09:03:44.000+0000,2026-01-29,Closed Won,Closed,C05,,,Regulatory Compliance,,,
OPP01496,Cobalt Utilities - SaaS New 2026,ACC0042,R13,EMEA,New,SaaS,2026-04-30T12:57:20.000+0000,2026-07-02,Closed Lost,Omitted,C04,Timing / Project Delayed,Pilot scoping call,Portfolio Visibility,,,
OPP00648,Crestline Utilities - SCADA Up 2025,ACC0131,R03,Americas,Additional Products & Services (Upsell),SCADA,2025-02-18T10:57:38.000+0000,2025-03-27,Closed Lost,Omitted,,,,,43.9,,
OPP01153,Ember Renewables - SaaS Cross 2025,ACC0055,R02,Americas,Cross Sell,SaaS,2025-11-24T10:49:16.000+0000,2026-06-05,Closed Won,Closed,C06,,,Cost Reduction,,,
OPP01368,Solstice Renewables - SCADA Cross 2026,ACC0053,R13,EMEA,Cross Sell,SCADA,2026-03-03T11:31:10.000+0000,2026-06-16,Closed Lost,Omitted,C06,Price,Security review with IT,Portfolio Visibility,88.1,2027-05-12,2026-07-18
OPP00521,Solara Clean Assets - SaaS Cross 2024,ACC0010,R03,Americas,Cross Sell,SaaS,2024-12-10T10:22:06.000+0000,2025-05-12,Closed Lost,Omitted,C06,,,,,,
OPP00065,Altamira Solar Partners - SCADA Cross 2024,ACC0135,R11,EMEA,Cross Sell,SCADA,2024-02-19T15:30:02.000+0000,2024-04-16,Closed Lost,Omitted,C00,,,,72.1,2024-08-14,
OPP00015,Kestrel Infrastructure - SCADA Up 2024,ACC0002,R11,EMEA,Additional Products & Services (Upsell),SCADA,2024-01-10T12:03:56.000+0000,2024-04-20,Closed Lost,Omitted,C03,Lost to Incumbent,,,91.5,,
OPP01181,Zephyr Infrastructure - SaaS Up 2025,ACC0081,R07,RoW,Additional Products & Services (Upsell),SaaS,2025-12-05T08:30:39.000+0000,2026-03-17,Closed Won,Closed,C05,,Security review with IT,Cost Reduction,,,
OPP01065,Aurora Power - SCADA New 2025,ACC0025,R07,EMEA,New,SCADA,2025-10-10T12:05:57.000+0000,2026-03-28,Closed Won,Closed,C03,,,Cost Reduction,66.0,2027-03-09,
OPP00493,Halcyon Clean Assets - SaaS Cross 2024,ACC0158,R08,EMEA,Cross Sell,SaaS,2024-11-26T14:09:35.000+0000,2025-02-19,Closed Won,Closed,C06,,Legal review of contract,Cost Reduction,,,
OPP00380,Zephyr Infrastructure - SaaS Cross 2024,ACC0081,R07,EMEA,Cross Sell,SaaS,2024-09-15T17:59:17.000+0000,2024-11-14,Closed Lost,Omitted,C04,Price,Legal review of contract,Regulatory Compliance,,,
OPP00188,Zephyr Infrastructure - SaaS New 2024,ACC0081,R07,EMEA,New,SaaS,2024-05-06T16:16:37.000+0000,2024-09-04,Closed Won,Closed,C06,,Send revised proposal,Regulatory Compliance,,,
OPP00764,Halcyon Power - SaaS Cross 2025,ACC0088,R01,Americas,Cross Sell,SaaS,2025-05-04T14:41:45.000+0000,2025-08-14,Closed Won,Closed,C00,,Pricing discussion with procurement,Portfolio Visibility,,,
OPP00217,Solstice Green Capital - SaaS New 2024,ACC0090,R07,RoW,New,SaaS,2024-05-23T10:29:17.000+0000,2024-10-16,Closed Won,Closed,C02,,Site visit,Performance Optimization,,,
OPP00792,Pinnacle Green Capital - SCADA Cross 2025,ACC0124,R06,Americas,Cross Sell,SCADA,2025-05-18T13:38:34.000+0000,2025-09-01,Closed Won,Closed,C01,,,Cost Reduction,74.5,2027-02-12,
OPP01077,Crestline Wind Holdings - SaaS Cross 2025,ACC0037,R14,RoW,Cross Sell,SaaS,2025-10-14T14:54:33.000+0000,2026-01-04,Closed Won,Closed,C05,,,Performance Optimization,,,
OPP00879,Halcyon Power - SCADA Cross 2025,ACC0088,R01,Americas,Cross Sell,SCADA,2025-07-09T15:34:07.000+0000,2025-12-27,Closed Won,Closed,C03,,Pricing discussion with procurement,Portfolio Visibility,,,2026-07-12
OPP00338,Prairie Renewables - SCADA Up 2024,ACC0049,R08,EMEA,Additional Products & Services (Upsell),SCADA,2024-08-20T09:43:16.000+0000,2024-10-29,Closed Lost,Omitted,,Functionality Gap,,Cost Reduction,,2025-12-30,
OPP00720,Kestrel Infrastructure - SCADA New 2025,ACC0002,R11,RoW,New,SCADA,2025-04-04T08:07:01.000+0000,2025-07-03,Closed Lost,Omitted,,Lost to Incumbent,,,109.8,,
OPP01749,Cobalt Infrastructure - SaaS New 2026,ACC0130,R07,RoW,New,SaaS,2026-08-22T11:30:09.000+0000,2026-10-27,Solution Design,Best Case,C05,,,Performance Optimization,,,
OPP00296,Solara Energy - SaaS Cross 2024,ACC0099,R11,RoW,Cross Sell,SaaS,2024-07-20T16:26:11.000+0000,2025-02-10,Closed Lost,Omitted,C07,Price,Security review with IT,,,,
OPP01726,Everglow Energy Partners - SCADA Up 2026,ACC0035,R13,EMEA,Additional Products & Services (Upsell),SCADA,2026-08-13T09:39:55.000+0000,2026-11-09,Solution Design,Best Case,C03,,Legal review of contract,,33.9,,2027-05-12
OPP01017,Crestline Utilities - SCADA New 2025,ACC0131,R03,Americas,New,SCADA,2025-09-14T16:41:03.000+0000,2026-08-07,Closed Won,Closed,,,Schedule technical demo,,54.9,2028-01-27,2027-02-24
OPP01276,Solara Renewables - SCADA Up 2026,ACC0075,R07,RoW,Additional Products & Services (Upsell),SCADA,2026-01-19T14:40:43.000+0000,2026-06-18,Closed Won,Closed,C07,,Site visit,Performance Optimization,85.1,2026-09-19,2027-01-05
OPP01751,Pinnacle Green Capital - SCADA New 2026,ACC0124,R06,Americas,New,SCADA,2026-08-23T17:57:51.000+0000,2027-06-23,Prospecting,Pipeline,C01,,Pilot scoping call,Portfolio Visibility,70.8,2028-04-29,2027-08-13
OPP01486,Aurora Energy - SCADA New 2026,ACC0157,R09,RoW,New,SCADA,2026-04-24T15:41:13.000+0000,2026-08-06,Closed Won,Closed,,,Pricing discussion with procurement,Regulatory Compliance,162.4,2027-08-07,2027-03-07
OPP00456,Altamira Energy - SCADA New 2024,ACC0144,R09,EMEA,New,SCADA,2024-11-03T14:27:47.000+0000,2025-01-28,Closed Lost,Omitted,C03,Lost to Incumbent,Site visit,,,2026-06-30,2025-06-03
OPP01877,TEST Account - Sandbox - SCADA Demo,ACC9999,R13,EMEA,New,SCADA,2025-10-10T13:46:45.000+0000,2026-08-18,Closed Won,Closed,,,Pricing discussion with procurement,Performance Optimization,88.1,2027-10-04,2027-01-12
OPP00816,Zephyr Renewables - SCADA Cross 2025,ACC0098,R07,EMEA,Cross Sell,SCADA,2025-05-31T12:05:36.000+0000,2025-12-24,Closed Won,Closed,C06,,Schedule technical demo,Regulatory Compliance,88.6,2027-05-31,
OPP00270,Azure Solar Partners - SCADA New 2024,ACC0097,R07,RoW,New,SCADA,2024-07-03T16:18:31.000+0000,2025-01-24,Closed Won,Closed,C05,,Security review with IT,Regulatory Compliance,99.2,2025-06-03,
OPP00996,Altamira Energy - SCADA Cross 2025,ACC0144,R09,RoW,Cross Sell,SCADA,2025-09-07T13:40:28.000+0000,2026-01-19,Closed Won,Closed,,,Pilot scoping call,,47.1,2026-11-28,
OPP00202,Azure Wind Holdings - SCADA Cross 2024,ACC0107,R07,EMEA,Cross Sell,SCADA,2024-05-13T14:10:55.000+0000,2024-10-21,Closed Lost,Omitted,C07,,Pricing discussion with procurement,Performance Optimization,61.7,2025-05-30,
OPP00162,Azure Utilities - SCADA Cross 2024,ACC0133,R04,Americas,Cross Sell,SCADA,2024-04-23T11:38:09.000+0000,2024-08-02,Closed Lost,Omitted,,Price,,,,,
OPP01580,Solara Utilities - SaaS New 2026,ACC0039,R12,EMEA,New,SaaS,2026-06-09T14:12:10.000+0000,2026-08-24,Closed Lost,Omitted,C04,Functionality Gap,,Regulatory Compliance,,,
OPP00730,Altamira Energy - SCADA Cross 2025,ACC0144,R09,RoW,Cross Sell,SCADA,2025-04-13T13:19:06.000+0000,2025-09-21,Closed Won,Closed,,,Legal review of contract,,152.3,,2026-04-02
OPP00402,Kestrel Energy - SaaS Up 2024,ACC0128,R09,EMEA,Additional Products & Services (Upsell),SaaS,2024-10-02T11:12:17.000+0000,2024-11-17,Closed Lost,Omitted,,,Follow up after board meeting,,,,
OPP00703,Crestline Power - SaaS Cross 2025,ACC0065,R06,Americas,Cross Sell,SaaS,2025-03-26T12:02:27.000+0000,2025-08-05,Closed Lost,Omitted,C00,,Schedule technical demo,,,,
OPP01501,Meridian Energy Partners - SCADA Cross 2026,ACC0121,R09,RoW,Cross Sell,SCADA,2026-05-01T16:21:29.000+0000,2026-12-18,Proposal,Best Case,,,Schedule technical demo,Regulatory Compliance,,2028-02-05,2027-05-17
OPP01130,Tidewater Energy Partners - SCADA Up 2025,ACC0044,R06,Americas,Additional Products & Services (Upsell),SCADA,2025-11-07T12:28:36.000+0000,2026-03-26,Closed Won,Closed,C03,,Pricing discussion with procurement,Portfolio Visibility,63.8,,2026-08-12
OPP00566,Crestline Energy - SaaS Cross 2025,ACC0096,R11,RoW,Cross Sell,SaaS,2025-01-07T10:26:20.000+0000,2025-05-07,Closed Lost,Omitted,C04,,Security review with IT,,,,
OPP01414,Zephyr Wind Holdings - SCADA New 2026,ACC0108,R02,Americas,New,SCADA,2026-03-25T12:53:23.000+0000,2026-06-20,Closed Lost,Omitted,,Timing / Project Delayed,Send revised proposal,,,2027-07-21,
OPP01022,Solara Utilities - SaaS New 2025,ACC0039,R12,EMEA,New,SaaS,2025-09-16T12:54:32.000+0000,2025-10-19,Closed Lost,Omitted,,Functionality Gap,Pricing discussion with procurement,Regulatory Compliance,,,
OPP01026,Kestrel Energy Partners - SCADA Up 2025,ACC0052,R09,EMEA,Additional Products & Services (Upsell),SCADA,2025-09-18T12:01:45.000+0000,2026-01-08,Closed Lost,Omitted,C05,,Pilot scoping call,Portfolio Visibility,19.2,2027-05-21,2026-06-28
OPP01412,Crestline Power - SCADA New 2026,ACC0065,R06,Americas,New,SCADA,2026-03-24T08:57:27.000+0000,2026-08-01,Closed Lost,Omitted,C01,Price,Send revised proposal,,41.5,2028-01-11,2026-09-03
OPP01586,Pinnacle Power - SaaS New 2026,ACC0020,R10,RoW,New,SaaS,2026-06-11T11:48:34.000+0000,2026-11-15,Proposal,Best Case,C00,,Pilot scoping call,Portfolio Visibility,,,
OPP01105,Orion Energy Partners - SaaS Up 2025,ACC0059,R04,Americas,Additional Products & Services (Upsell),SaaS,2025-10-27T12:51:53.000+0000,2026-03-29,Closed Won,Closed,C02,,Pilot scoping call,,,,
OPP00206,Solara Renewables - SaaS Up 2024,ACC0075,R07,RoW,Additional Products & Services (Upsell),SaaS,2024-05-16T16:10:53.000+0000,2024-06-18,Closed Lost,Omitted,C02,Functionality Gap,Legal review of contract,Regulatory Compliance,,,
OPP00035,Halcyon Power - SaaS New 2024,ACC0088,R01,Americas,New,SaaS,2024-01-28T11:55:15.000+0000,2024-05-25,Closed Lost,Omitted,C04,Functionality Gap,Schedule technical demo,Cost Reduction,,,
OPP00776,Altamira Renewables - SCADA New 2025,ACC0160,R14,EMEA,New,SCADA,2025-05-11T12:58:07.000+0000,2025-08-30,Closed Lost,Omitted,C07,,,,25.0,,
OPP00509,Lumen Utilities - SaaS Cross 2024,ACC0103,R05,Americas,Cross Sell,SaaS,2024-12-03T14:44:53.000+0000,2025-03-23,Closed Won,Closed,,,Site visit,Performance Optimization,,,
OPP01452,Solstice Renewables - SCADA New 2026,ACC0053,R13,EMEA,New,SCADA,2026-04-10T09:54:07.000+0000,2026-12-29,Proposal,Best Case,C07,,Pilot scoping call,Performance Optimization,23.8,2027-10-30,
OPP01479,Pinnacle Energy Partners - SCADA Up 2026,ACC0027,R11,EMEA,Additional Products & Services (Upsell),SCADA,2026-04-23T12:36:03.000+0000,2026-08-07,Closed Won,Closed,,,,Regulatory Compliance,16.2,,2026-11-07
OPP01851,Zephyr Infrastructure - SaaS Renewal 2024,ACC0081,R07,EMEA,Renewal,SaaS,2024-03-21T15:46:47.000+0000,2024-08-02,Closed Lost,Omitted,C06,No Decision / Budget,Pricing discussion with procurement,,,,
OPP01391,Atlas Wind Holdings - SaaS New 2026,ACC0008,R04,Americas,New,SaaS,2026-03-10T17:27:26.000+0000,2026-07-17,Closed Lost,Omitted,C07,No Decision / Budget,Pricing discussion with procurement,,,,
OPP00092,Vireo Power - SCADA Up 2024,ACC0033,R12,EMEA,Additional Products & Services (Upsell),SCADA,2024-03-06T10:28:21.000+0000,2024-05-04,Closed Lost,Omitted,C05,Functionality Gap,,Cost Reduction,90.0,2024-10-08,
OPP01364,Kestrel Solar Partners - SCADA Cross 2026,ACC0071,R01,Americas,Cross Sell,SCADA,2026-03-02T11:15:49.000+0000,2026-07-08,Closed Lost,Omitted,C01,Price,Send revised proposal,Regulatory Compliance,,2027-08-31,2026-12-23
OPP00898,Zephyr Renewables - SaaS New 2025,ACC0098,R07,RoW,New,SaaS,2025-07-18T16:25:21.000+0000,2025-12-01,Closed Lost,Omitted,C07,Relationship,,Regulatory Compliance,,,
OPP00565,Ember Solar Partners - SaaS Up 2025,ACC0086,R10,EMEA,Additional Products & Services (Upsell),SaaS,2025-01-07T16:51:15.000+0000,2025-03-05,Closed Won,Closed,,,Pricing discussion with procurement,Cost Reduction,,,
OPP01370,Aurora Energy - SaaS New 2026,ACC0157,R09,EMEA,New,SaaS,2026-03-03T14:12:10.000+0000,2026-06-22,Closed Won,Closed,C04,,,Portfolio Visibility,,,
OPP00777,Prairie Energy - SCADA New 2025,ACC0095,R05,Americas,New,SCADA,2025-05-11T17:43:27.000+0000,2025-12-25,Closed Won,Closed,,,Pilot scoping call,Cost Reduction,32.8,2027-04-04,2026-06-07
OPP00242,Kestrel Energy Partners - SaaS Cross 2024,ACC0052,R09,RoW,Cross Sell,SaaS,2024-06-13T15:42:37.000+0000,2024-09-25,Closed Lost,Omitted,,Lost to Incumbent,,,,,
OPP00014,Solara Utilities - SCADA New 2024,ACC0039,R12,EMEA,New,SCADA,2024-01-10T10:00:52.000+0000,2024-05-15,Closed Won,Closed,C00,,Legal review of contract,Regulatory Compliance,133.7,2025-09-05,2024-07-03
OPP00316,Prairie Energy - SaaS Up 2024,ACC0095,R06,Americas,Additional Products & Services (Upsell),SaaS,2024-08-01T10:38:20.000+0000,2024-12-28,Closed Won,Closed,C02,,Legal review of contract,Regulatory Compliance,,,
OPP00601,Meridian Utilities - SaaS Up 2025,ACC0079,R11,EMEA,Additional Products & Services (Upsell),SaaS,2025-01-26T12:32:09.000+0000,2025-03-10,Closed Lost,Omitted,,Relationship,Legal review of contract,,,,
OPP00388,Solara Solar Partners - SaaS New 2024,ACC0093,R03,Americas,New,SaaS,2024-09-20T14:57:59.000+0000,2025-02-03,Closed Lost,Omitted,C05,Functionality Gap,,Regulatory Compliance,,,
OPP01298,Meridian Utilities - SCADA New 2026,ACC0079,R11,EMEA,New,SCADA,2026-01-28T10:36:30.000+0000,2026-06-27,Closed Lost,Omitted,,Timing / Project Delayed,Legal review of contract,Performance Optimization,38.3,,2026-12-26
OPP00167,Pinnacle Energy - SCADA New 2024,ACC0057,R09,EMEA,New,SCADA,2024-04-26T10:20:32.000+0000,2024-09-06,Closed Won,Closed,,,,Cost Reduction,,2025-01-23,
OPP00841,Meridian Utilities - SCADA Up 2025,ACC0079,R11,EMEA,Additional Products & Services (Upsell),SCADA,2025-06-14T10:11:37.000+0000,2025-12-10,Closed Won,Closed,C03,,Pricing discussion with procurement,Portfolio Visibility,,2027-03-14,
OPP00021,Helios Infrastructure - SaaS New 2024,ACC0080,R09,EMEA,New,SaaS,2024-01-17T17:22:29.000+0000,2024-02-10,Closed Won,Closed,,,,Portfolio Visibility,,,
OPP00647,Crestline Energy Partners - SaaS Up 2025,ACC0001,R04,Americas,Additional Products & Services (Upsell),SaaS,2025-02-17T14:00:55.000+0000,2025-03-28,Closed Won,Closed,C07,,,,,,
OPP01509,Sierra Power - SCADA New 2026,ACC0092,R14,EMEA,New,SCADA,2026-05-07T10:06:04.000+0000,2026-07-13,Closed Lost,Omitted,C07,No Decision / Budget,Schedule technical demo,Cost Reduction,52.0,2027-02-27,
OPP01155,Meridian Utilities - SCADA Up 2025,ACC0079,R11,EMEA,Additional Products & Services (Upsell),SCADA,2025-11-24T08:23:24.000+0000,2026-02-20,Closed Lost,Omitted,C07,Price,,,38.3,2026-12-01,
OPP01529,Ember Energy Partners - SaaS New 2026,ACC0126,R08,RoW,New,SaaS,2026-05-17T12:38:54.000+0000,2026-11-02,Negotiation,Commit,C02,,Send revised proposal,Cost Reduction,,,
OPP00832,Sierra Wind Holdings - SaaS New 2025,ACC0122,R11,RoW,New,SaaS,2025-06-09T15:27:16.000+0000,2025-09-21,Closed Won,Closed,C04,,Pricing discussion with procurement,,,,
OPP01268,Tidewater Wind Holdings - SaaS New 2026,ACC0045,R09,EMEA,New,SaaS,2026-01-17T08:41:13.000+0000,2026-06-13,Closed Lost,Omitted,C02,Functionality Gap,Send revised proposal,,,,
OPP01591,Ember Renewables - SaaS New 2026,ACC0055,R04,Americas,New,SaaS,2026-06-14T13:34:28.000+0000,2026-12-26,Solution Design,Best Case,C05,,Security review with IT,,,,
OPP00563,Azure Clean Assets - SaaS Up 2025,ACC0094,R09,RoW,Additional Products & Services (Upsell),SaaS,2025-01-06T12:15:23.000+0000,2025-03-23,Closed Won,Closed,C04,,,Cost Reduction,,,
OPP01832,Orion Solar Partners - SCADA Cross 2025,ACC0125,R08,RoW,Cross Sell,SCADA,2025-08-01T09:14:42.000+0000,2025-09-27,Closed Lost,Omitted,C01,Duplicate,,Performance Optimization,50.1,2026-05-02,2025-11-06
OPP00687,Everglow Solar Partners - SCADA New 2025,ACC0119,R13,RoW,New,SCADA,2025-03-18T09:11:32.000+0000,2025-05-12,Closed Lost,Omitted,C05,Functionality Gap,Site visit,Cost Reduction,103.7,2026-09-02,
OPP00958,Vireo Power - SaaS Cross 2025,ACC0033,R12,EMEA,Cross Sell,SaaS,2025-08-17T12:27:55.000+0000,2025-09-28,Closed Lost,Omitted,,Price,Pilot scoping call,Portfolio Visibility,,,
OPP00190,Cobalt Clean Assets - SCADA New 2024,ACC0117,R06,Americas,New,SCADA,2024-05-07T11:38:14.000+0000,2024-09-07,Closed Lost,Omitted,C00,Timing / Project Delayed,Pilot scoping call,Regulatory Compliance,,2025-09-23,
OPP01807,Everglow Clean Assets - SaaS Cross 2025,ACC0070,R03,Americas,Cross Sell,SaaS,2025-09-15T17:51:01.000+0000,2025-12-06,Closed Lost,Omitted,C06,Duplicate,,,,,
OPP00976,Halcyon Energy - SaaS Cross 2025,ACC0076,R10,EMEA,Cross Sell,SaaS,2025-08-28T12:43:32.000+0000,2025-12-19,Closed Won,Closed,C02,,Pilot scoping call,Performance Optimization,,,
OPP00700,Zephyr Infrastructure - SCADA Cross 2025,ACC0081,R07,EMEA,Cross Sell,SCADA,2025-03-25T15:51:02.000+0000,2025-08-25,Closed Lost,Omitted,C05,Functionality Gap,Security review with IT,Performance Optimization,10.0,2026-10-04,
OPP01500,Solstice Renewables - SaaS Cross 2026,ACC0053,R07,EMEA,Cross Sell,SaaS,2026-04-30T08:03:26.000+0000,2026-09-26,Closed Won,Closed,C04,,Legal review of contract,,,,
OPP01706,Altamira Energy - SCADA Cross 2026,ACC0144,R09,EMEA,Cross Sell,SCADA,2026-08-03T10:30:46.000+0000,2027-01-16,Qualification,Best Case,C01,,,Regulatory Compliance,,2028-04-16,2027-07-29
OPP00511,Aurora Clean Assets - SCADA Up 2024,ACC0015,R10,EMEA,Additional Products & Services (Upsell),SCADA,2024-12-04T17:06:22.000+0000,2025-06-21,Closed Won,Closed,,,Send revised proposal,Performance Optimization,30.3,,2025-10-09
OPP01083,Prairie Wind Holdings - SCADA New 2025,ACC0018,R02,Americas,New,SCADA,2025-10-16T08:14:04.000+0000,2026-02-16,Closed Lost,Omitted,,,Site visit,Portfolio Visibility,,,2026-04-02
OPP00475,Kestrel Energy Partners - SCADA New 2024,ACC0052,R09,EMEA,New,SCADA,2024-11-12T14:10:00.000+0000,2025-05-21,Closed Lost,Omitted,C00,No Decision / Budget,,,92.2,,2025-12-17
OPP01585,Tidewater Green Capital - SaaS New 2026,ACC0113,R08,EMEA,New,SaaS,2026-06-11T08:47:12.000+0000,2026-08-25,Closed Lost,Omitted,C04,Price,Send revised proposal,Portfolio Visibility,,,
OPP00857,Crestline Power - SaaS New 2025,ACC0065,R06,Americas,New,SaaS,2025-06-23T12:19:02.000+0000,2025-11-04,Closed Lost,Omitted,,Timing / Project Delayed,Send revised proposal,,,,
OPP00748,Prairie Energy - SCADA Up 2025,ACC0095,R05,Americas,Additional Products & Services (Upsell),SCADA,2025-04-26T08:33:09.000+0000,2025-07-20,Closed Won,Closed,C07,,,Performance Optimization,32.8,2025-10-19,2025-12-06
OPP00253,Zephyr Infrastructure - SCADA New 2024,ACC0081,R07,RoW,New,SCADA,2024-06-22T16:40:38.000+0000,2024-10-15,Closed Lost,Omitted,,,Send revised proposal,,90.7,2025-09-28,2024-12-09
OPP00022,Pinnacle Infrastructure - SaaS New 2024,ACC0048,R14,RoW,New,SaaS,2024-01-17T17:11:06.000+0000,2024-05-29,Closed Lost,Omitted,C02,No Decision / Budget,Schedule technical demo,,,,
OPP01338,Prairie Energy - SaaS Cross 2026,ACC0095,R05,Americas,Cross Sell,SaaS,2026-02-21T12:21:12.000+0000,2026-05-14,Closed Won,Closed,C04,,,Portfolio Visibility,,,
OPP00460,Orion Energy Partners - SaaS New 2024,ACC0059,R06,Americas,New,SaaS,2024-11-07T15:14:00.000+0000,2025-02-14,Closed Lost,Omitted,C05,Functionality Gap,Follow up after board meeting,,,,
OPP01185,Altamira Energy - SCADA Up 2025,ACC0144,R09,RoW,Additional Products & Services (Upsell),SCADA,2025-12-06T13:16:19.000+0000,2026-04-06,Closed Won,Closed,C03,,Schedule technical demo,Regulatory Compliance,,2027-08-13,2026-10-01
OPP00277,Halcyon Power - SCADA New 2024,ACC0088,R01,Americas,New,SCADA,2024-07-10T08:41:24.000+0000,2025-02-13,Closed Lost,Omitted,,Price,Schedule technical demo,,60.2,2025-10-07,
OPP00956,Crestline Power - SaaS Cross 2025,ACC0065,R06,Americas,Cross Sell,SaaS,2025-08-16T09:08:08.000+0000,2025-10-10,Closed Lost,Omitted,,Price,Schedule technical demo,,,,
OPP01216,Ember Energy - SCADA Cross 2025,ACC0116,R01,Americas,Cross Sell,SCADA,2025-12-24T16:15:59.000+0000,2026-06-23,Closed Won,Closed,,,Pricing discussion with procurement,Cost Reduction,111.4,2027-03-27,2027-02-11
OPP00386,Meridian Energy Partners - SaaS New 2024,ACC0121,R09,RoW,New,SaaS,2024-09-19T16:15:26.000+0000,2024-12-31,Closed Won,Closed,C06,,Site visit,,,,
OPP00806,Lumen Energy Partners - SaaS New 2025,ACC0062,R02,Americas,New,SaaS,2025-05-25T09:26:03.000+0000,2025-09-03,Closed Lost,Omitted,C04,Functionality Gap,,,,,
OPP01438,Orion Energy Partners - SaaS Cross 2026,ACC0059,R06,Americas,Cross Sell,SaaS,2026-04-06T15:01:46.000+0000,2026-04-30,Closed Lost,Omitted,C02,Relationship,Legal review of contract,Portfolio Visibility,,,
OPP01516,Halcyon Power - SCADA New 2026,ACC0088,R02,Americas,New,SCADA,2026-05-09T11:09:41.000+0000,2026-07-25,Closed Lost,Omitted,,Price,Schedule technical demo,Cost Reduction,43.9,2026-11-27,2026-11-09
OPP00344,Zephyr Clean Assets - SaaS New 2024,ACC0003,R09,EMEA,New,SaaS,2024-08-23T16:36:00.000+0000,2024-11-14,Closed Lost,Omitted,C02,Functionality Gap,,,,,
OPP00770,Kestrel Green Capital - SaaS New 2025,ACC0137,R10,EMEA,New,SaaS,2025-05-07T10:51:44.000+0000,2025-09-07,Closed Lost,Omitted,C05,Price,Send revised proposal,Performance Optimization,,,
OPP01333,Kestrel Energy Partners - SaaS New 2026,ACC0052,R09,RoW,New,SaaS,2026-02-16T16:18:48.000+0000,2026-05-25,Closed Lost,Omitted,C02,Lost to Incumbent,Follow up after board meeting,Portfolio Visibility,,,
OPP01686,Solara Utilities - SaaS New 2026,ACC0039,R12,RoW,New,SaaS,2026-07-26T17:07:43.000+0000,2026-12-28,Solution Design,Best Case,C04,,Follow up after board meeting,,,,
OPP00131,Halcyon Power - SCADA Up 2024,ACC0088,R01,Americas,Additional Products & Services (Upsell),SCADA,2024-03-31T17:28:59.000+0000,2024-09-18,Closed Won,Closed,C01,,,Performance Optimization,21.8,2025-01-27,2025-04-11
OPP01688,Ember Energy Partners - SaaS Up 2026,ACC0126,R08,EMEA,Additional Products & Services (Upsell),SaaS,2026-07-27T08:28:08.000+0000,2026-09-20,Closed Won,Closed,,,,Performance Optimization,,,
OPP00872,Altamira Infrastructure - SCADA Up 2025,ACC0105,R14,EMEA,Additional Products & Services (Upsell),SCADA,2025-07-04T10:47:47.000+0000,2025-09-24,Closed Lost,Omitted,C05,Functionality Gap,Legal review of contract,Portfolio Visibility,117.4,2026-11-17,
OPP01124,Halcyon Power - SCADA Up 2025,ACC0088,R01,Americas,Additional Products & Services (Upsell),SCADA,2025-11-04T13:18:32.000+0000,2026-01-09,Closed Won,Closed,C07,,Pilot scoping call,Cost Reduction,112.1,2027-02-28,
OPP01397,Prairie Energy - SaaS Cross 2026,ACC0095,R05,Americas,Cross Sell,SaaS,2026-03-13T13:26:41.000+0000,2026-04-29,Closed Lost,Omitted,C00,No Decision / Budget,Follow up after board meeting,Portfolio Visibility,,,
OPP00088,Solstice Renewables - SCADA Up 2024,ACC0053,R13,RoW,Additional Products & Services (Upsell),SCADA,2024-03-04T08:22:44.000+0000,2024-09-25,Closed Won,Closed,C06,,,Cost Reduction,15.0,2025-05-31,2025-03-04
OPP01483,Pinnacle Renewables - SaaS Up 2026,ACC0159,R13,EMEA,Additional Products & Services (Upsell),SaaS,2026-04-24T08:43:21.000+0000,2026-09-23,Closed Won,Closed,C02,,Follow up after board meeting,Regulatory Compliance,,,
OPP00331,Aurora Power - SaaS New 2024,ACC0025,R07,RoW,New,SaaS,2024-08-13T10:42:06.000+0000,2024-10-21,Closed Lost,Omitted,C00,No Decision / Budget,Site visit,Portfolio Visibility,,,
OPP01239,Azure Solar Partners - SaaS New 2026,ACC0097,R07,EMEA,New,SaaS,2026-01-02T10:39:23.000+0000,2026-02-23,Closed Lost,Omitted,C00,No Decision / Budget,Follow up after board meeting,Performance Optimization,,,
OPP00467,Atlas Power - SCADA Up 2024,ACC0136,R05,Americas,Additional Products & Services (Upsell),SCADA,2024-11-10T16:14:02.000+0000,2025-01-08,Closed Lost,Omitted,C03,Lost to Incumbent,Pilot scoping call,Portfolio Visibility,384.5,2026-03-04,2025-07-08
OPP00122,Zephyr Renewables - SaaS Up 2024,ACC0098,R07,EMEA,Additional Products & Services (Upsell),SaaS,2024-03-26T09:03:55.000+0000,2024-06-21,Closed Lost,Omitted,C02,Lost to Incumbent,Pilot scoping call,Regulatory Compliance,,,
OPP01639,Crestline Energy - SaaS Up 2026,ACC0096,R11,EMEA,Additional Products & Services (Upsell),SaaS,2026-07-10T10:49:41.000+0000,2026-09-29,Closed Won,Closed,C00,,,Cost Reduction,,,
OPP01045,Orion Solar Partners - SaaS Cross 2025,ACC0125,R08,RoW,Cross Sell,SaaS,2025-10-01T11:17:43.000+0000,2025-11-05,Closed Won,Closed,C05,,Pricing discussion with procurement,Regulatory Compliance,,,
OPP01725,Altamira Infrastructure - SaaS Cross 2026,ACC0105,R14,EMEA,Cross Sell,SaaS,2026-08-13T10:21:36.000+0000,2026-09-16,Closed Lost,Omitted,C00,No Decision / Budget,,Portfolio Visibility,,,
OPP01096,Orion Energy Partners - SCADA New 2025,ACC0059,R06,Americas,New,SCADA,2025-10-23T14:23:14.000+0000,2026-09-28,Closed Won,Closed,,,Pilot scoping call,Portfolio Visibility,,,
OPP01131,Halcyon Power - SCADA New 2025,ACC0088,R01,Americas,New,SCADA,2025-11-08T08:22:47.000+0000,2026-01-23,Closed Lost,Omitted,C06,Lost to Incumbent,Security review with IT,Regulatory Compliance,112.1,2026-05-04,2026-08-25
OPP01295,Vireo Power - SCADA Cross 2026,ACC0033,R14,EMEA,Cross Sell,SCADA,2026-01-28T16:24:27.000+0000,2026-05-17,Closed Lost,Omitted,C03,Price,Legal review of contract,Performance Optimization,90.0,2027-06-25,2026-08-22
OPP00861,Zephyr Renewables - SCADA Cross 2025,ACC0098,R07,EMEA,Cross Sell,SCADA,2025-06-27T08:37:11.000+0000,2025-12-30,Closed Won,Closed,C07,,Pilot scoping call,Performance Optimization,39.5,,2026-05-08
OPP01460,Solstice Energy Partners - SCADA Cross 2026,ACC0154,R07,EMEA,Cross Sell,SCADA,2026-04-13T08:09:40.000+0000,2026-09-22,Negotiation,Commit,C05,,Pricing discussion with procurement,Performance Optimization,40.6,2028-01-28,2027-01-12
OPP01127,Lumen Renewables - SCADA Up 2025,ACC0054,R13,RoW,Additional Products & Services (Upsell),SCADA,2025-11-06T08:32:16.000+0000,2026-03-31,Closed Won,Closed,C05,,,Performance Optimization,17.9,2026-08-19,2026-11-04
